school_code,school_name,province,district,Sector,school_location,school_status,school_settings,perc_with_50andplus,on_grid_electricity,has_internet,has_computer_access,avg_classroom_size_2024_25,double_shift,Leadership_marks_avg,Num_leader_records
110103,EP GITEGA,Kigali City,Nyarugenge,Gitega,URBAN,PUBLIC,Preprimary + Primary,69.12113952636719,1.0,1,0.0,64.0,0.0,69.4922365210585,1.0
110104,GS CYAHAFI,Kigali City,Nyarugenge,Gitega,URBAN,PUBLIC,Preprimary + Primary + Ordinal Level + TVET,68.22784423828125,1.0,1,1.0,64.0,0.0,78.77891825239564,2.0
110201,GS KANYINYA,Kigali City,Nyarugenge,Kanyinya,URBAN,GOVERNMENT_AIDED,Preprimary + Primary + Ordinal Level + General upper secondary,73.45924377441406,1.0,1,1.0,58.0,0.0,80.96903693564616,2.0
110202,GS NZOVE,Kigali City,Nyarugenge,Kanyinya,URBAN,PUBLIC,Preprimary + Primary + Ordinal Level,43.47399520874023,1.0,1,0.0,64.0,0.0,69.39771002974274,2.0
110204,EP NYAMWERU,Kigali City,Nyarugenge,Kanyinya,URBAN,PUBLIC,Preprimary + Primary,57.16846084594727,1.0,1,0.0,64.0,1.0,58.6865912048814,1.0
110205,Star Shine school,Kigali City,Nyarugenge,Kanyinya,URBAN,PRIVATE,Preprimary + Primary,98.4375,1.0,1,0.0,32.0,0.0,,
110208,EP BIBUNGO,Kigali City,Nyarugenge,Kanyinya,URBAN,PUBLIC,Preprimary + Primary,69.77928924560547,1.0,1,0.0,64.0,1.0,86.4305031446541,1.0
110209,ORION SCHOOL,Kigali City,Nyarugenge,Kanyinya,URBAN,PRIVATE,Preprimary + Primary,96.15384674072266,1.0,1,0.0,32.0,0.0,,
110305,GS MWENDO,Kigali City,Nyarugenge,Kigali,URBAN,GOVERNMENT_AIDED,Preprimary + Primary + Ordinal Level + TVET,39.63210678100586,1.0,1,0.0,58.0,0.0,78.54949310021215,2.0
110306,GS KIGALI,Kigali City,Nyarugenge,Kigali,URBAN,PUBLIC,Primary + Ordinal Level + General upper secondary,65.1322250366211,1.0,1,1.0,64.0,0.0,72.73215395071671,2.0
110314,GS KARAMA,Kigali City,Nyarugenge,Kigali,URBAN,PUBLIC,Preprimary + Primary + Ordinal Level,73.12379455566406,1.0,1,1.0,64.0,1.0,77.06852788396085,2.0
110325,EP RWESERO,Kigali City,Nyarugenge,Kigali,URBAN,PUBLIC,Preprimary + Primary,56.53923797607422,1.0,1,0.0,64.0,0.0,67.4778639286565,1.0
110329,EP Karama EPR,Kigali City,Nyarugenge,Kigali,URBAN,GOVERNMENT_AIDED,Preprimary + Primary,59.05096435546875,1.0,1,0.0,58.0,0.0,,
110330,EP GATARE,Kigali City,Nyarugenge,Kigali,URBAN,PUBLIC,Preprimary + Primary,39.44773101806641,1.0,1,1.0,64.0,0.0,81.5437799808123,1.0
110335,Mothers Love ECD,Kigali City,Nyarugenge,Kigali,URBAN,PRIVATE,Preprimary + Primary,100.0,1.0,1,1.0,32.0,0.0,,
110336,Ecole Teton,Kigali City,Nyarugenge,Kigali,URBAN,PRIVATE,Preprimary + Primary,91.80327606201172,1.0,1,0.0,32.0,0.0,,
110401,APADERWA,Kigali City,Nyarugenge,Kimisagara,URBAN,PRIVATE,Preprimary + Primary,97.4842758178711,1.0,1,1.0,32.0,0.0,,
110402,APPEK KAMUHOZA,Kigali City,Nyarugenge,Kimisagara,URBAN,GOVERNMENT_AIDED,Preprimary + Primary,96.80000305175781,1.0,1,0.0,58.0,0.0,83.8669224066076,1.0
110404,ECOLE PRIMAIRE KAMUHOZA,Kigali City,Nyarugenge,Kimisagara,URBAN,GOVERNMENT_AIDED,Preprimary + Primary,74.76744079589844,1.0,1,0.0,58.0,0.0,77.8516160365217,1.0
110405,EP MUGANZA,Kigali City,Nyarugenge,Kimisagara,URBAN,PUBLIC,Preprimary + Primary,73.78048706054688,1.0,1,0.0,64.0,0.0,74.3445737641878,1.0
110406,GS KIMISAGARA,Kigali City,Nyarugenge,Kimisagara,URBAN,PUBLIC,Preprimary + Primary + Ordinal Level + General upper secondary,78.97563171386719,1.0,1,0.0,64.0,0.0,77.59973053792004,2.0
110415,ACPA NURSERY,Kigali City,Nyarugenge,Kimisagara,URBAN,PRIVATE,Preprimary + Primary,100.0,1.0,1,0.0,32.0,0.0,,
110501,GS BUYE,Kigali City,Nyarugenge,Mageregere,RURAL,PUBLIC,Preprimary + Primary + Ordinal Level + TVET,63.14362716674805,1.0,1,0.0,64.0,0.0,80.92659360581516,2.0
110503,GS NYARUBANDE,Kigali City,Nyarugenge,Mageregere,URBAN,PUBLIC,Preprimary + Primary + Ordinal Level,62.33766174316406,1.0,1,1.0,64.0,0.0,84.44881124509726,2.0
110504,GS BUREMA,Kigali City,Nyarugenge,Mageregere,RURAL,PUBLIC,Preprimary + Primary + Ordinal Level + General upper secondary,80.10054016113281,1.0,1,1.0,64.0,0.0,80.5067386925691,1.0
110505,GS BUTAMWA,Kigali City,Nyarugenge,Mageregere,RURAL,PUBLIC,Primary + Ordinal Level + General upper secondary,80.47999572753906,1.0,1,1.0,64.0,0.0,81.46426375993221,2.0
110506,GS NYARUFUNZO,Kigali City,Nyarugenge,Mageregere,URBAN,GOVERNMENT_AIDED,Primary + Ordinal Level,76.58536529541016,1.0,1,0.0,58.0,0.0,75.478910920879,2.0
110509,EP NYARURENZI,,,,,,,81.02345275878906,,0,,,,75.9915094339622,1.0
110601,APACOPE,Kigali City,Nyarugenge,Muhima,URBAN,PRIVATE,Preprimary + Primary + Ordinal Level + General upper secondary + TVET,100.0,,1,1.0,32.0,0.0,,
110603,EP MUHIMA,Kigali City,Nyarugenge,Muhima,URBAN,PUBLIC,Preprimary + Primary,74.77527618408203,1.0,1,0.0,64.0,0.0,78.8961391817383,1.0
110605,GS Ste Famille,Kigali City,Nyarugenge,Muhima,URBAN,GOVERNMENT_AIDED,Preprimary + Primary + Ordinal Level,81.19047546386719,1.0,1,0.0,58.0,1.0,79.6899078236674,2.0
110703,ECOLE KAGASUNZU,Kigali City,Nyarugenge,Nyakabanda,URBAN,GOVERNMENT_AIDED,Preprimary + Primary,77.9329605102539,1.0,1,0.0,58.0,0.0,83.4349192483889,1.0
110707,GS KABUSUNZU,Kigali City,Nyarugenge,Nyakabanda,URBAN,PUBLIC,Preprimary + Primary + Ordinal Level + General upper secondary,66.06546783447266,1.0,1,1.0,64.0,1.0,76.01439076094215,2.0
110805,GS CYIVUGIZA,Kigali City,Nyarugenge,Nyamirambo,URBAN,PUBLIC,Preprimary + Primary + Ordinal Level,71.92144775390625,1.0,1,1.0,64.0,1.0,72.97801733361715,2.0
110806,EP RUGARAMA,Kigali City,Nyarugenge,Nyamirambo,URBAN,GOVERNMENT_AIDED,Preprimary + Primary,58.64535140991211,1.0,1,0.0,58.0,0.0,71.1434121653919,1.0
110811,GS AKUMUNIGO,Kigali City,Nyarugenge,Nyamirambo,URBAN,PUBLIC,Preprimary + Primary + Ordinal Level + General upper secondary + TVET,74.2354736328125,1.0,1,0.0,64.0,0.0,78.11514424689165,2.0
110813,GS Institut Filippo Smaldone(IFS),Kigali City,Nyarugenge,Nyamirambo,URBAN,GOVERNMENT_AIDED,Preprimary + Primary + Ordinal Level + TVET,68.42105102539062,1.0,1,1.0,58.0,0.0,78.9421812161068,2.0
110827,ITUZE PRIMARYSCHOOL,,,,,,,90.9909896850586,,0,,,,,
110837,EBENEZER ACADEMY,Kigali City,Nyarugenge,Nyamirambo,URBAN,PRIVATE,Preprimary + Primary,93.54838562011719,1.0,1,0.0,32.0,0.0,,
110906,EMPIB,Kigali City,Nyarugenge,Nyarugenge,URBAN,PRIVATE,Preprimary + Primary,95.0,1.0,1,0.0,32.0,0.0,,
110907,EP BIRYOGO,Kigali City,Nyarugenge,Nyarugenge,URBAN,PUBLIC,Preprimary + Primary,73.22457122802734,1.0,1,0.0,64.0,0.0,76.8407239933492,1.0
110908,ECOLE PRIVEE MARIE AUXILIATRICE,Kigali City,Nyarugenge,Nyarugenge,URBAN,PRIVATE,Preprimary + Primary,100.0,1.0,1,1.0,32.0,0.0,,
110909,GS CAMP KIGALI,Kigali City,Nyarugenge,Nyarugenge,URBAN,PUBLIC,Preprimary + Primary + Ordinal Level + General upper secondary + TVET,90.50955200195312,1.0,1,1.0,64.0,1.0,77.14378298995226,2.0
110910,GS EPA St MICHEL,Kigali City,Nyarugenge,Nyarugenge,URBAN,GOVERNMENT_AIDED,Preprimary + Primary + Ordinal Level + General upper secondary,79.71918487548828,1.0,1,1.0,58.0,0.0,78.79344201432599,2.0
111001,EP INTWALI,Kigali City,Nyarugenge,Rwezamenyo,URBAN,GOVERNMENT_AIDED,Preprimary + Primary,71.17460632324219,1.0,1,0.0,58.0,1.0,68.6779786989794,1.0
120102,GS GISHAKA,Kigali City,Gasabo,Bumbogo,RURAL,PUBLIC,Preprimary + Primary + Ordinal Level,47.86035919189453,1.0,1,1.0,64.0,0.0,79.8008605250882,2.0
120103,GS BUMBOGO,Kigali City,Gasabo,Bumbogo,RURAL,GOVERNMENT_AIDED,Primary + Ordinal Level + General upper secondary,55.56234741210938,1.0,1,0.0,58.0,0.0,82.4204297788865,1.0
120106,GS Musave,Kigali City,Gasabo,Bumbogo,URBAN,GOVERNMENT_AIDED,Preprimary + Primary + Ordinal Level,46.45390319824219,1.0,1,1.0,58.0,0.0,77.88860781791745,2.0
120107,EP NGARA,Kigali City,Gasabo,Bumbogo,RURAL,PUBLIC,Primary,52.05882263183594,1.0,1,0.0,64.0,0.0,74.605341630281,1.0
120108,EP KARAMA,Kigali City,Gasabo,Bumbogo,RURAL,GOVERNMENT_AIDED,Preprimary + Primary,62.65508651733398,1.0,1,0.0,58.0,0.0,80.5468073996936,1.0
120112,DAYSTAR NURSERY AND PRIMARY SCHOOL,Kigali City,Gasabo,Bumbogo,URBAN,PRIVATE,Preprimary + Primary,87.5,1.0,1,1.0,32.0,0.0,,
120117,MODERN EAR BUMBOGO,Kigali City,Gasabo,Bumbogo,RURAL,PRIVATE,Preprimary + Primary,88.70967864990234,1.0,1,0.0,32.0,0.0,,
120122,Living Hope Academy,Kigali City,Gasabo,Bumbogo,RURAL,PRIVATE,Preprimary + Primary,100.0,,1,1.0,32.0,0.0,,
120124,MORNING STAR NURSERY SCHOOL,Kigali City,Gasabo,Bumbogo,URBAN,PRIVATE,Preprimary + Primary,89.81481170654297,1.0,1,0.0,32.0,0.0,,
120127,EP NKUZUZU,Kigali City,Gasabo,Bumbogo,RURAL,GOVERNMENT_AIDED,Preprimary + Primary,69.49152374267578,1.0,1,0.0,58.0,0.0,77.8444629424097,1.0
120130,GS GIKUMBA,Kigali City,Gasabo,Bumbogo,URBAN,PUBLIC,Primary + Ordinal Level,62.96006393432617,1.0,1,0.0,64.0,0.0,72.97392990520481,2.0
120131,GS GISASA,Kigali City,Gasabo,Bumbogo,URBAN,PUBLIC,Preprimary + Primary + Ordinal Level,54.93197631835938,1.0,1,1.0,64.0,0.0,79.3637797856615,2.0
120135,Ecole chez Elites Internationals,Kigali City,Gasabo,Bumbogo,RURAL,PRIVATE,Preprimary + Primary,93.54838562011719,1.0,1,0.0,32.0,0.0,,
120148,Good Shepherd Academy,Kigali City,Gasabo,Bumbogo,RURAL,PRIVATE,Preprimary + Primary,72.7272720336914,1.0,1,1.0,32.0,0.0,,
120201,EP Gatsata Catholic,Kigali City,Gasabo,Gatsata,URBAN,GOVERNMENT_AIDED,Primary,74.44444274902344,1.0,1,0.0,58.0,0.0,80.9112682677973,1.0
120205,EP GATSATA II,Kigali City,Gasabo,Gatsata,URBAN,PUBLIC,Primary,69.5999984741211,1.0,1,0.0,64.0,1.0,68.2379415780259,1.0
120230,GS AGATARAMO,Kigali City,Gasabo,Gatsata,URBAN,PUBLIC,Preprimary + Primary + Ordinal Level,43.4782600402832,1.0,1,0.0,64.0,0.0,72.74686945166886,2.0
120301,GS KIBARA,Kigali City,Gasabo,Gikomero,RURAL,PUBLIC,Preprimary + Primary + Ordinal Level,73.33333587646484,1.0,1,1.0,64.0,0.0,79.92329808037354,2.0
120304,GS GICACA I,Kigali City,Gasabo,Gikomero,RURAL,GOVERNMENT_AIDED,Preprimary + Primary + Ordinal Level,57.77125930786133,1.0,1,1.0,58.0,0.0,77.1409912623094,2.0
120307,EP MUHAZI,Kigali City,Gasabo,Gikomero,RURAL,PUBLIC,Preprimary + Primary,51.15511322021484,1.0,1,0.0,64.0,0.0,,
120308,GS RUDAKABUKIRWA,Kigali City,Gasabo,Gikomero,RURAL,PUBLIC,Preprimary + Primary + Ordinal Level,52.61383056640625,1.0,1,1.0,64.0,0.0,80.5946795512987,2.0
120309,EP MURAMBI,Kigali City,Gasabo,Gikomero,URBAN,PUBLIC,Preprimary + Primary,39.23077011108398,1.0,1,0.0,64.0,0.0,,
120402,GS GISOZI II,Kigali City,Gasabo,Gisozi,URBAN,PUBLIC,Primary + Ordinal Level,75.8988037109375,1.0,1,1.0,64.0,0.0,73.7600431366764,2.0
120405,GS GISOZI I,Kigali City,Gasabo,Gisozi,URBAN,PUBLIC,Preprimary + Primary + Ordinal Level + General upper secondary,69.1089096069336,1.0,1,0.0,64.0,1.0,75.87336699861174,2.0
120434,SAINT LOUIS ET ZELIE,Kigali City,Gasabo,Gisozi,URBAN,PRIVATE,Preprimary + Primary,90.90909576416016,1.0,1,0.0,32.0,0.0,,
120440,ORION SCHOOL KIGALI,Kigali City,Gasabo,Gisozi,URBAN,PRIVATE,Preprimary + Primary,96.24413299560547,1.0,1,0.0,32.0,0.0,,
120444,Grow Up Nursery School,Kigali City,Gasabo,Gisozi,URBAN,PRIVATE,Preprimary + Primary,100.0,1.0,1,0.0,32.0,0.0,,
120455,GS NTORA,Kigali City,Gasabo,Gisozi,URBAN,PUBLIC,Preprimary + Primary + Ordinal Level,71.22557830810547,1.0,1,0.0,64.0,0.0,77.39082354131995,2.0
120456,EP KARIYERI,,,,,,,67.26190185546875,,0,,,,81.8114663186585,1.0
120459,INEZA SCHOOL ACADEMY,Kigali City,Gasabo,Gisozi,URBAN,PRIVATE,Preprimary + Primary,95.0,1.0,1,1.0,32.0,0.0,,
120502,EP BWERAMVURA,Kigali City,Gasabo,Jabana,RURAL,GOVERNMENT_AIDED,Preprimary + Primary,76.11111450195312,1.0,1,0.0,58.0,1.0,78.8687781771348,1.0
120503,EP NYACYONGA,Kigali City,Gasabo,Jabana,RURAL,PUBLIC,Preprimary + Primary,71.76781463623047,1.0,1,0.0,64.0,0.0,73.9731824066788,1.0
120504,GS JABANA,Kigali City,Gasabo,Jabana,RURAL,PUBLIC,Preprimary + Primary + Ordinal Level + General upper secondary,42.37405014038086,1.0,1,0.0,64.0,0.0,76.3252976266525,2.0
120505,GS KABUYE CATHOLIQUE,Kigali City,Gasabo,Jabana,URBAN,GOVERNMENT_AIDED,Primary + Ordinal Level,70.9747314453125,1.0,1,1.0,58.0,0.0,75.2751666954243,2.0
120506,GS RWANYANZA,Kigali City,Gasabo,Jabana,RURAL,GOVERNMENT_AIDED,Preprimary + Primary + Ordinal Level + TVET,57.52809143066406,1.0,1,0.0,58.0,0.0,78.5849118102914,2.0
120508,EP NGIRYI,Kigali City,Gasabo,Jabana,RURAL,GOVERNMENT_AIDED,Preprimary + Primary,58.66141891479492,1.0,1,0.0,58.0,1.0,,
120519,The Blessing Nursery School,Kigali City,Gasabo,Jabana,URBAN,PRIVATE,Preprimary + Primary,98.48484802246094,1.0,1,0.0,32.0,0.0,,
120523,GS NYARURAMA,Kigali City,Gasabo,Jabana,URBAN,PUBLIC,Primary + Ordinal Level,75.05284881591797,1.0,1,1.0,64.0,1.0,76.81302586354875,2.0
120525,ORION SCHOOL,Kigali City,Gasabo,Jabana,URBAN,PRIVATE,Preprimary + Primary,98.0952377319336,1.0,1,0.0,32.0,0.0,,
120528,BRIGHT HORIZON SCHOOL,Kigali City,Gasabo,Jabana,RURAL,PRIVATE,Preprimary + Primary,97.05882263183594,1.0,1,0.0,32.0,0.0,,
120534,BERCEAU DES ANGES,Kigali City,Gasabo,Jabana,URBAN,PRIVATE,Preprimary + Primary,90.90909576416016,1.0,1,0.0,32.0,0.0,,
120538,ECOLE LA LUMIERE DE CONNAISSANCE,Kigali City,Gasabo,Jabana,URBAN,PRIVATE,Preprimary + Primary,100.0,1.0,1,0.0,32.0,0.0,,
120545,Amazing Knowledge school,Kigali City,Gasabo,Jabana,RURAL,PRIVATE,Preprimary + Primary,89.88764190673828,1.0,1,0.0,32.0,0.0,,
120601,EP CYUGA,Kigali City,Gasabo,Jali,RURAL,GOVERNMENT_AIDED,Primary,47.41697311401367,1.0,1,0.0,58.0,0.0,59.0996487987521,1.0
120604,EP JALI,Kigali City,Gasabo,Jali,URBAN,GOVERNMENT_AIDED,Preprimary + Primary,57.64994049072266,1.0,1,0.0,58.0,0.0,86.5977029201872,1.0
120606,GS RUBINGO  TSS,Kigali City,Gasabo,Jali,RURAL,PUBLIC,Preprimary + Primary + Ordinal Level + TVET,43.99350738525391,1.0,1,0.0,64.0,0.0,78.3549268150579,1.0
120611,EP KIGARAMA,Kigali City,Gasabo,Jali,RURAL,GOVERNMENT_AIDED,Preprimary + Primary,70.84870910644531,1.0,1,0.0,58.0,0.0,77.133232155069,1.0
120616,GS AGATEKO,Kigali City,Gasabo,Jali,URBAN,PUBLIC,Primary + Ordinal Level,64.61087036132812,,1,1.0,64.0,0.0,80.2415330581642,1.0
120617,EP NYABULIBA,Kigali City,Gasabo,Jali,RURAL,PUBLIC,Preprimary + Primary,53.60359954833984,1.0,1,0.0,64.0,1.0,70.1195092102731,1.0
120708,SOS PRIMARY SCHOOL KIGALI,Kigali City,Gasabo,Gisozi,URBAN,PRIVATE,Preprimary + Primary,98.85386657714844,1.0,1,0.0,32.0,0.0,,
120709,LITTLE GEMS ACADEMY KACYIRU,Kigali City,Gasabo,Kacyiru,URBAN,PRIVATE,Preprimary + Primary,100.0,1.0,1,1.0,32.0,0.0,,
120735,GS KACYIRU II,Kigali City,Gasabo,Kacyiru,URBAN,PUBLIC,Primary + Ordinal Level + General upper secondary,81.87134552001953,1.0,1,1.0,64.0,0.0,78.50354273702555,2.0
120736,EP KACYIRU I,Kigali City,Gasabo,Kacyiru,URBAN,PUBLIC,Primary,68.24480438232422,1.0,1,1.0,64.0,0.0,69.9170412660317,1.0
120801,ECOLE INTERNATIONALE DE KIGALI,Kigali City,Gasabo,Kimihurura,URBAN,PRIVATE,Primary,93.63057708740234,1.0,1,0.0,32.0,0.0,,
120805,GS RUGANDO  TSS,Kigali City,Gasabo,Kimihurura,URBAN,PUBLIC,Preprimary + Primary + Ordinal Level + General upper secondary + TVET,57.2481575012207,1.0,1,1.0,64.0,0.0,,
120815,EPAK DON BOSCO,Kigali City,Gasabo,Kimihurura,URBAN,GOVERNMENT_AIDED,Primary,100.0,1.0,1,0.0,58.0,0.0,78.0430692822202,1.0
120902,COMPLEXE SCOLAIRE UMUCO MWIZA,Kigali City,Gasabo,Kimironko,URBAN,PRIVATE,Preprimary + Primary,92.92034912109375,1.0,1,0.0,32.0,0.0,,
120907,GS KIMIRONKO I,Kigali City,Gasabo,Kimironko,URBAN,PUBLIC,Primary + Ordinal Level + General upper secondary,79.35615539550781,1.0,1,0.0,64.0,1.0,82.3578780169026,1.0
120908,GS KIMIRONKO II,Kigali City,Gasabo,Kimironko,URBAN,PUBLIC,Preprimary + Primary + Ordinal Level + General upper secondary + TVET,92.68292999267578,1.0,1,1.0,64.0,1.0,78.4255971086094,2.0
120920,Ecole Chretiene de Kigali,Kigali City,Gasabo,Kimironko,URBAN,PRIVATE,Preprimary + Primary + Ordinal Level + General upper secondary,100.0,1.0,1,0.0,32.0,0.0,,
120924,EP KIBAGABAGA,Kigali City,Gasabo,Kimironko,URBAN,GOVERNMENT_AIDED,Primary,76.50727844238281,1.0,1,0.0,58.0,0.0,76.3171368080204,1.0
121004,EP METHODISTE DE BATSINDA,Kigali City,Gasabo,Kinyinya,URBAN,PRIVATE,Preprimary + Primary,89.13690185546875,1.0,1,0.0,32.0,0.0,,
121006,Gs RWANKUBA,Kigali City,Gasabo,Kinyinya,RURAL,PUBLIC,Primary + Ordinal Level,60.1553840637207,1.0,1,0.0,64.0,0.0,70.54514597144109,2.0
121007,Groupe Scolaire Kinyinya,Kigali City,Gasabo,Kinyinya,URBAN,GOVERNMENT_AIDED,Primary + Ordinal Level + General upper secondary,81.08641815185547,1.0,1,0.0,58.0,0.0,75.9524830773816,1.0
121008,GS KAGUGU CATHOLIQUE,Kigali City,Gasabo,Kinyinya,URBAN,GOVERNMENT_AIDED,Primary + Ordinal Level,49.4505500793457,1.0,1,0.0,58.0,0.0,77.86719059307754,3.0
121031,NEW LIGHT ACADEMY,Kigali City,Gasabo,Kinyinya,URBAN,PRIVATE,Preprimary + Primary,97.9310302734375,1.0,1,0.0,32.0,0.0,,
121041,RIGHT SCHOOL KINYINYA,Kigali City,Gasabo,Kinyinya,URBAN,PRIVATE,Preprimary + Primary,100.0,1.0,1,0.0,32.0,0.0,,
121048,GS  KAGARAMA,Kigali City,Gasabo,Kinyinya,URBAN,PUBLIC,Primary + Ordinal Level,75.53228759765625,1.0,1,0.0,64.0,1.0,79.26608913500141,2.0
121049,EP TABA,Kigali City,Gasabo,Kinyinya,URBAN,GOVERNMENT_AIDED,Primary,60.79766845703125,1.0,1,0.0,58.0,0.0,,
121053,INEZA SUCCESS ACADEMY,Kigali City,Gasabo,Kinyinya,URBAN,PRIVATE,Preprimary + Primary,100.0,1.0,1,0.0,32.0,0.0,,
121070,NOVA ORION SCHOOL,Kigali City,Gasabo,Kinyinya,URBAN,PRIVATE,Preprimary + Primary,98.63945770263672,1.0,1,0.0,32.0,0.0,,
121105,EP JURWE,Kigali City,Gasabo,Ndera,RURAL,GOVERNMENT_AIDED,Preprimary + Primary,59.14488983154297,1.0,1,0.0,58.0,0.0,68.1432350999413,1.0
121109,GS GASOGI,Kigali City,Gasabo,Ndera,RURAL,PUBLIC,Preprimary + Primary + Ordinal Level,45.48635482788086,1.0,1,1.0,64.0,0.0,75.0350784230924,2.0
121119,EP Munini,Kigali City,Gasabo,Ndera,URBAN,GOVERNMENT_AIDED,Primary,63.32162475585938,1.0,1,0.0,58.0,0.0,79.3287707288467,1.0
121124,LA FRATERNITE,Kigali City,Gasabo,Ndera,URBAN,PRIVATE,Preprimary + Primary,89.83050537109375,1.0,1,1.0,32.0,0.0,,
121128,EP CYARUZINGE,Kigali City,Gasabo,Ndera,URBAN,PUBLIC,Primary,57.22846221923828,1.0,1,0.0,64.0,0.0,74.7157905852294,1.0
121130,GS GITARAGA,Kigali City,Gasabo,Ndera,RURAL,GOVERNMENT_AIDED,Preprimary + Primary + Ordinal Level,68.41636657714844,1.0,1,0.0,58.0,0.0,75.45394715125104,2.0
121131,EP GASHARU,Kigali City,Gasabo,Ndera,URBAN,PUBLIC,Preprimary + Primary,70.65868377685547,1.0,1,0.0,64.0,0.0,79.3932224428997,1.0
121138,Togetherness nursery and primary school,Kigali City,Gasabo,Ndera,URBAN,PRIVATE,Preprimary + Primary,100.0,1.0,1,0.0,32.0,0.0,,
121202,GS SHA,Kigali City,Gasabo,Nduba,RURAL,GOVERNMENT_AIDED,Preprimary + Primary + Ordinal Level,37.64987945556641,1.0,1,1.0,58.0,0.0,78.74798812873085,2.0
121203,GS SHANGO,Kigali City,Gasabo,Nduba,RURAL,PUBLIC,Preprimary + Primary + Ordinal Level,52.08480453491211,1.0,1,1.0,64.0,0.0,81.571829911522,2.0
121207,GS GATUNGA,Kigali City,Gasabo,Nduba,RURAL,PUBLIC,Preprimary + Primary + Ordinal Level,61.55555725097656,1.0,1,1.0,64.0,1.0,74.9730102780516,2.0
121215,God's MISSION SCHOOL FOR PARENT,Kigali City,Gasabo,Nduba,URBAN,PRIVATE,Preprimary + Primary,100.0,1.0,1,0.0,32.0,0.0,,
121217,EP NYANGE,Kigali City,Gasabo,Nduba,RURAL,PUBLIC,Preprimary + Primary,82.32394409179688,1.0,1,0.0,64.0,0.0,74.3264593852423,1.0
121219,EP KAMUYANGE,Kigali City,Gasabo,Nduba,URBAN,PUBLIC,Preprimary + Primary,85.51402282714844,1.0,1,0.0,64.0,0.0,66.1703582350371,1.0
121220,EP KIGABIRO,Kigali City,Gasabo,Nduba,URBAN,PUBLIC,Preprimary + Primary,65.52901458740234,1.0,1,0.0,64.0,0.0,76.6497079964061,1.0
121228,LOVING NEW VISION,Kigali City,Gasabo,Nduba,RURAL,PRIVATE,Preprimary + Primary,100.0,1.0,1,0.0,32.0,0.0,,
121314,GS REMERA,Kigali City,Gasabo,Remera,URBAN,PUBLIC,Primary + Ordinal Level,76.90531158447266,1.0,1,0.0,64.0,0.0,66.5074581770762,1.0
121402,GS  RUSORORO  ADVENTISTE,Kigali City,Gasabo,Rusororo,URBAN,GOVERNMENT_AIDED,Preprimary + Primary + Ordinal Level,95.0,1.0,1,1.0,58.0,0.0,79.02413543842945,2.0
121403,EP GICACAII,Kigali City,Gasabo,Rusororo,RURAL,GOVERNMENT_AIDED,Preprimary + Primary,59.05882263183594,1.0,1,0.0,58.0,0.0,77.8604984512268,1.0
121404,EP MBANDAZI,Kigali City,Gasabo,Rusororo,RURAL,GOVERNMENT_AIDED,Preprimary + Primary,71.18402099609375,1.0,1,0.0,58.0,1.0,77.589812346371,1.0
121405,GS KABUGA,Kigali City,Gasabo,Rusororo,URBAN,GOVERNMENT_AIDED,Preprimary + Primary + Ordinal Level + General upper secondary,65.56521606445312,1.0,1,0.0,58.0,0.0,76.0839473652665,2.0
121406,GS RUHANGA,Kigali City,Gasabo,Rusororo,RURAL,GOVERNMENT_AIDED,Preprimary + Primary + Ordinal Level + General upper secondary,39.79591751098633,1.0,1,1.0,58.0,0.0,79.36883864126995,2.0
121418,BLESSING NURSERY SCHOOL,Kigali City,Gasabo,Rusororo,URBAN,PRIVATE,Preprimary + Primary,95.505615234375,1.0,1,1.0,32.0,0.0,,
121426,Ep Gasagara,,,,,,,53.71286773681641,,0,,,,82.4219227837152,1.0
121431,EP NYAGAHINGA,Kigali City,Gasabo,Rusororo,URBAN,PUBLIC,Primary,69.24384307861328,1.0,1,0.0,64.0,0.0,81.2356505209425,1.0
121432,GS CYERU,Kigali City,Gasabo,Rusororo,URBAN,PUBLIC,Preprimary + Primary + Ordinal Level,66.7439193725586,1.0,1,1.0,64.0,0.0,81.4158060236785,2.0
121501,GS GASABO,Kigali City,Gasabo,Rutunga,RURAL,PUBLIC,Preprimary + Primary + Ordinal Level,47.40259552001953,1.0,1,1.0,64.0,0.0,77.72442408758644,2.0
121502,GS KAYANGA,Kigali City,Gasabo,Rutunga,RURAL,PUBLIC,Preprimary + Primary + Ordinal Level,52.60115814208984,1.0,1,1.0,64.0,0.0,76.9674055308118,1.0
121503,GS RUTUNGA,Kigali City,Gasabo,Rutunga,RURAL,PUBLIC,Preprimary + Primary + Ordinal Level + General upper secondary + TVET,44.93506622314453,1.0,1,0.0,64.0,0.0,70.50491546795125,2.0
121506,EP KARWIRU,,,,,,,49.52153015136719,,0,,,,,
121507,EP KABALIZA,Kigali City,Gasabo,Rutunga,RURAL,PUBLIC,Preprimary + Primary,58.92351150512695,1.0,1,0.0,64.0,0.0,78.1831093958452,1.0
121508,EP RWINTARE,Kigali City,Gasabo,Rutunga,URBAN,PUBLIC,Preprimary + Primary,58.6466178894043,1.0,1,0.0,64.0,0.0,74.7152043668588,1.0
121509,EP CYILI,Kigali City,Gasabo,Rutunga,URBAN,PUBLIC,Preprimary + Primary,68.14814758300781,1.0,1,0.0,64.0,0.0,79.7917457943263,1.0
121511,Happy kids school,Kigali City,Gasabo,Rutunga,RURAL,PRIVATE,Preprimary + Primary,83.33332824707031,1.0,1,0.0,32.0,0.0,,
130101,GS GAHANGA I,Kigali City,Kicukiro,Gahanga,RURAL,GOVERNMENT_AIDED,Preprimary + Primary + Ordinal Level + General upper secondary + TVET,70.85202026367188,1.0,1,0.0,58.0,1.0,83.8258550680163,2.0
130102,E P GAHANGA II,Kigali City,Kicukiro,Gahanga,URBAN,GOVERNMENT_AIDED,Preprimary + Primary,39.76705551147461,1.0,1,0.0,58.0,0.0,81.0259016484232,1.0
130103,GLORY ACADEMY,Kigali City,Kicukiro,Gahanga,URBAN,PRIVATE,Preprimary + Primary,94.7103271484375,1.0,1,0.0,32.0,0.0,,
130109,REHOBOTH CHRISTIAN SCHOOL,Kigali City,Kicukiro,Gahanga,URBAN,PRIVATE,Preprimary + Primary,98.30508422851562,1.0,1,0.0,32.0,0.0,,
130140,GS KAREMBURE,Kigali City,Kicukiro,Gahanga,URBAN,GOVERNMENT_AIDED,Primary + Ordinal Level + General upper secondary,62.43227005004883,1.0,1,1.0,58.0,0.0,85.42107125566275,2.0
130142,Ecole les Tourterelles,Kigali City,Kicukiro,Gahanga,URBAN,PRIVATE,Preprimary + Primary,100.0,1.0,1,1.0,32.0,0.0,,
130143,GS RWABUTENGE,Kigali City,Kicukiro,Gahanga,URBAN,PUBLIC,Primary + Ordinal Level,62.66878128051758,1.0,1,1.0,64.0,0.0,80.16150272117575,2.0
130144,EP  MURINJA,Kigali City,Kicukiro,Gahanga,URBAN,PUBLIC,Preprimary + Primary,74.71804809570312,1.0,1,0.0,64.0,1.0,77.422544343156,1.0
130145,EP NUNGA,Kigali City,Kicukiro,Gahanga,URBAN,PUBLIC,Primary,42.57425689697266,1.0,1,0.0,64.0,0.0,75.0879342832607,1.0
130146,EP KAGASA,Kigali City,Kicukiro,Gahanga,URBAN,PUBLIC,Primary,88.5167465209961,1.0,1,0.0,64.0,0.0,,
130209,EP GATENGA II,Kigali City,Kicukiro,Gatenga,URBAN,GOVERNMENT_AIDED,Primary,71.5686264038086,1.0,1,0.0,58.0,0.0,,
130211,GS MURAMBI,Kigali City,Kicukiro,Gatenga,URBAN,PUBLIC,Preprimary + Primary + Ordinal Level,71.58671569824219,1.0,1,0.0,64.0,0.0,78.822488300489,2.0
130220,NYARURAMA,Kigali City,Kicukiro,Gatenga,RURAL,PUBLIC,Preprimary + Primary,61.37521362304688,1.0,1,0.0,64.0,0.0,75.3813025618278,1.0
130231,GS SABAGANGA,Kigali City,Kicukiro,Gatenga,URBAN,PUBLIC,Primary + Ordinal Level,43.93063354492188,1.0,1,0.0,64.0,0.0,70.8835860464106,2.0
130310,GS Saint Vincent Pallotti Gikondo,Kigali City,Kicukiro,Gikondo,URBAN,GOVERNMENT_AIDED,Primary + Ordinal Level + General upper secondary,75.79127502441406,1.0,1,1.0,58.0,0.0,75.98401706038655,2.0
130313,KINUNGA PS,,,,,,,82.56802368164062,,0,,,,76.0084905660377,1.0
130407,GS MUYANGE,Kigali City,Kicukiro,Kagarama,URBAN,PUBLIC,Preprimary + Primary + Ordinal Level,63.57143020629883,1.0,1,1.0,64.0,0.0,73.4961111044187,2.0
130408,GS NYANZA,Kigali City,Kicukiro,Kagarama,URBAN,PUBLIC,Primary + Ordinal Level,65.44256591796875,1.0,1,1.0,64.0,0.0,81.378029186905,2.0
130414,VINEYARD NURSERY AND PRIMARY SCHOOL,Kigali City,Kicukiro,Kagarama,URBAN,PRIVATE,Preprimary + Primary,100.0,1.0,1,1.0,32.0,0.0,,
130504,GS BUSANZA,Kigali City,Kicukiro,Kanombe,URBAN,PUBLIC,Preprimary + Primary + Ordinal Level + General upper secondary,61.06778335571289,1.0,1,1.0,64.0,0.0,73.8726051013156,2.0
130515,GS NYARUGUGU,Kigali City,Kicukiro,Kanombe,URBAN,PUBLIC,Preprimary + Primary + Ordinal Level,76.10186004638672,1.0,1,0.0,64.0,1.0,78.19724304430434,2.0
130517,GS REMERA PROTESTANT,Kigali City,Kicukiro,Kanombe,URBAN,GOVERNMENT_AIDED,Primary + Ordinal Level + General upper secondary,75.16339874267578,1.0,1,1.0,58.0,0.0,80.04288514126284,2.0
130518,GS RUBIRIZI,Kigali City,Kicukiro,Kanombe,URBAN,PUBLIC,Preprimary + Primary + Ordinal Level,63.82978439331055,1.0,1,1.0,64.0,0.0,79.5481050310373,1.0
130531,EP KARAMA,Kigali City,Kicukiro,Kanombe,URBAN,PUBLIC,Preprimary + Primary,69.72222137451172,1.0,1,0.0,64.0,0.0,78.5790733590734,1.0
130532,EP GAKOROKOMBE,Kigali City,Kicukiro,Kanombe,URBAN,PUBLIC,Preprimary + Primary,81.35134887695312,1.0,1,0.0,64.0,1.0,78.0744616421587,1.0
130539,Ecole Chez Les Bien-Aimes,Kigali City,Kicukiro,Kanombe,URBAN,PRIVATE,Preprimary + Primary,100.0,1.0,1,0.0,32.0,0.0,,
130604,KAGINA PS,Kigali City,Kicukiro,Kicukiro,URBAN,PUBLIC,Preprimary + Primary,75.17084503173828,1.0,1,0.0,64.0,0.0,67.3582315945246,1.0
130703,GS BWERANKORI,Kigali City,Kicukiro,Kigarama,URBAN,PUBLIC,Preprimary + Primary + Ordinal Level,59.51156616210938,1.0,1,1.0,64.0,1.0,81.48432603480475,2.0
130711,GS KIMISANGE,Kigali City,Kicukiro,Kigarama,URBAN,PUBLIC,Preprimary + Primary + Ordinal Level + General upper secondary,53.54069900512695,1.0,1,1.0,64.0,0.0,77.6310598120138,2.0
130713,EP KARUGIRA,Kigali City,Kicukiro,Kigarama,URBAN,GOVERNMENT_AIDED,Preprimary + Primary,74.72527313232422,1.0,1,0.0,58.0,0.0,72.5272027913992,1.0
130717,GS MBURABUTURO,Kigali City,Kicukiro,Kigarama,URBAN,GOVERNMENT_AIDED,Preprimary + Primary + Ordinal Level,81.01265716552734,1.0,1,0.0,58.0,0.0,83.5152415088287,2.0
130730,EP ZUBA,Kigali City,Kicukiro,Kigarama,URBAN,PUBLIC,Preprimary + Primary,77.05060577392578,1.0,1,0.0,64.0,1.0,,
130731,ECOLE SAINT ANNIBALE,Kigali City,Kicukiro,Kigarama,URBAN,PRIVATE,Preprimary + Primary,93.33333587646484,1.0,1,0.0,32.0,0.0,,
130801,GS AYABARAYA  TSS,Kigali City,Kicukiro,Masaka,URBAN,PUBLIC,Preprimary + Primary + Ordinal Level + TVET,52.3206787109375,1.0,1,1.0,64.0,0.0,72.677405253676,2.0
130804,GS MASAKA,Kigali City,Kicukiro,Masaka,URBAN,PUBLIC,Preprimary + Primary + Ordinal Level + General upper secondary,63.73021697998047,1.0,1,1.0,64.0,0.0,79.02853154326385,2.0
130805,GS MASAKA 1,Kigali City,Kicukiro,Masaka,URBAN,GOVERNMENT_AIDED,Preprimary + Primary + Ordinal Level,83.48457336425781,1.0,1,1.0,58.0,1.0,70.41424332023095,2.0
130808,MBABE PRIMARY SCHOOL,Kigali City,Kicukiro,Masaka,URBAN,PRIVATE,Preprimary + Primary,98.24561309814453,1.0,1,0.0,32.0,0.0,,
130810,GS RUSHESHE,Kigali City,Kicukiro,Masaka,URBAN,PUBLIC,Preprimary + Primary + Ordinal Level + General upper secondary,66.26168823242188,1.0,1,1.0,64.0,1.0,72.47895567788714,2.0
130822,GS GAKO,Kigali City,Kicukiro,Masaka,URBAN,PUBLIC,Preprimary + Primary + Ordinal Level,68.42105102539062,1.0,1,0.0,64.0,0.0,76.44123088152736,2.0
130823,EP CYANKONGI,Kigali City,Kicukiro,Masaka,RURAL,PUBLIC,Preprimary + Primary,76.1146469116211,1.0,1,0.0,64.0,0.0,71.2137690925427,1.0
130828,EP MBABE,Kigali City,Kicukiro,Masaka,URBAN,PUBLIC,Preprimary + Primary,55.8685417175293,1.0,1,0.0,64.0,0.0,68.2345152184775,1.0
130829,EP CYERU,,,,,,,76.59574890136719,,0,,,,69.2546962605431,1.0
130830,Kigali Wisdom School,Kigali City,Kicukiro,Masaka,URBAN,PRIVATE,Preprimary + Primary,96.875,1.0,1,0.0,32.0,0.0,,
130905,GS KICUKIRO,Kigali City,Kicukiro,Niboye,URBAN,GOVERNMENT_AIDED,Preprimary + Primary + Ordinal Level + General upper secondary,87.84722137451172,1.0,1,1.0,58.0,0.0,78.89371733098875,2.0
130908,EP NYAKABANDA,Kigali City,Kicukiro,Niboye,URBAN,PUBLIC,Preprimary + Primary,60.83649826049805,1.0,1,0.0,64.0,0.0,75.3573703550119,1.0
130912,Autentic International Academy,Kigali City,Kicukiro,Niboye,URBAN,PRIVATE,Preprimary + Primary + Ordinal Level,100.0,1.0,1,1.0,32.0,0.0,,
131002,GS CAMP KANOMBE,Kigali City,Kicukiro,Nyarugunga,URBAN,PUBLIC,Preprimary + Primary + Ordinal Level + General upper secondary,77.04081726074219,1.0,1,1.0,64.0,0.0,83.66557440051281,2.0
131007,GS KAMASHASHI,Kigali City,Kicukiro,Nyarugunga,URBAN,PUBLIC,Preprimary + Primary + Ordinal Level,76.8934555053711,1.0,1,1.0,64.0,1.0,85.8077701549627,1.0
131011,NONKO PS,Kigali City,Kicukiro,Nyarugunga,URBAN,GOVERNMENT_AIDED,Preprimary + Primary,65.73426818847656,1.0,1,0.0,58.0,0.0,73.9427599824484,1.0
131015,RWIZA PS,Kigali City,Kicukiro,Nyarugunga,URBAN,PUBLIC,Preprimary + Primary,82.7225112915039,1.0,1,0.0,64.0,0.0,81.5244471897774,1.0
210102,EP BUSASAMANA,South,Nyanza,Busasamana,URBAN,PUBLIC,Preprimary + Primary,87.72213745117188,1.0,1,0.0,64.0,0.0,,
210109,EP GAHANDA,South,Nyanza,Busasamana,RURAL,GOVERNMENT_AIDED,Preprimary + Primary,76.36003875732422,1.0,1,1.0,58.0,0.0,79.0715583508036,1.0
210110,GS RWESERO,South,Nyanza,Busasamana,URBAN,PUBLIC,Preprimary + Primary + Ordinal Level,93.26922607421875,1.0,1,0.0,64.0,0.0,77.601497560139,2.0
210114,GS HANIKA,South,Nyanza,Busasamana,URBAN,GOVERNMENT_AIDED,Preprimary + Primary + Ordinal Level,80.89887237548828,1.0,1,0.0,58.0,0.0,83.55026535806999,2.0
210115,EP IKEREKEZO,South,Nyanza,Busasamana,URBAN,PUBLIC,Preprimary + Primary,68.867919921875,1.0,1,0.0,64.0,0.0,66.5072724194956,1.0
210116,GS NYANZA B,South,Nyanza,Busasamana,URBAN,GOVERNMENT_AIDED,Preprimary + Primary + Ordinal Level,91.68443298339844,1.0,1,1.0,58.0,0.0,79.7040114446637,2.0
210119,KAVUMU ADVENTISTE,South,Nyanza,Busasamana,URBAN,GOVERNMENT_AIDED,Preprimary + Primary,65.12059783935547,1.0,1,0.0,58.0,0.0,75.6435195483996,1.0
210120,EP KAVUMU CATHOLIQUE,South,Nyanza,Busasamana,URBAN,GOVERNMENT_AIDED,Preprimary + Primary,84.36873626708984,1.0,1,0.0,58.0,0.0,80.6043917647691,1.0
210121,KAVUMU MUSULMAN,South,Nyanza,Busasamana,URBAN,GOVERNMENT_AIDED,Preprimary + Primary + Ordinal Level + General upper secondary,68.04407501220703,1.0,1,0.0,58.0,1.0,82.4068391237482,2.0
210123,EP KIBAGA,South,Nyanza,Busasamana,RURAL,GOVERNMENT_AIDED,Preprimary + Primary,83.69564819335938,1.0,1,0.0,58.0,0.0,83.9437754347022,1.0
210125,NYANZA A,South,Nyanza,Busasamana,RURAL,GOVERNMENT_AIDED,Primary,91.025634765625,1.0,1,0.0,58.0,0.0,82.3595054316752,1.0
210203,GS BUSORO,South,Nyanza,Busoro,RURAL,PUBLIC,Preprimary + Primary + Ordinal Level,62.33766174316406,1.0,1,1.0,64.0,0.0,82.48596130609795,2.0
210204,EP RUSHOKA,South,Nyanza,Busoro,RURAL,PUBLIC,Preprimary + Primary,80.57324981689453,1.0,1,0.0,64.0,1.0,75.9075471698113,1.0
210205,EP SHYIRA,,,,,,,61.50081634521484,,0,,,,82.29746258946,1.0
210206,GS GITOVU,South,Nyanza,Busoro,RURAL,PUBLIC,Preprimary + Primary + Ordinal Level,87.1706771850586,1.0,1,1.0,64.0,1.0,84.7527582332667,1.0
210207,GS MUNYINYA,South,Nyanza,Busoro,RURAL,GOVERNMENT_AIDED,Preprimary + Primary + Ordinal Level + General upper secondary,82.63665771484375,1.0,1,1.0,58.0,0.0,79.24036304282029,2.0
210208,GS RUGENGE,South,Nyanza,Busoro,RURAL,PUBLIC,Preprimary + Primary + Ordinal Level + General upper secondary,80.0,1.0,1,1.0,64.0,1.0,80.84515558659541,2.0
210209,GS RWANAMIZA,South,Nyanza,Busoro,RURAL,PUBLIC,Preprimary + Primary + Ordinal Level + General upper secondary,83.17610168457031,1.0,1,1.0,64.0,1.0,76.4180352173235,1.0
210210,EP KIGALI,South,Nyanza,Busoro,RURAL,PUBLIC,Preprimary + Primary,63.25757598876953,1.0,1,0.0,64.0,0.0,79.0907716497339,1.0
210211,EP Rukingiro,South,Nyanza,Busoro,RURAL,PUBLIC,Preprimary + Primary,66.51162719726562,1.0,1,0.0,64.0,0.0,75.9441413727099,1.0
210213,EP Masangano,South,Nyanza,Busoro,RURAL,PUBLIC,Preprimary + Primary,78.01724243164062,1.0,1,0.0,64.0,0.0,78.9428843837816,1.0
210214,EP KIMIRAMA,South,Nyanza,Busoro,RURAL,PUBLIC,Preprimary + Primary,71.37809753417969,1.0,1,0.0,64.0,0.0,77.4704259576901,1.0
210215,NEW VISION BUSORO PARENTS SCHOOL,South,Nyanza,Busoro,RURAL,PRIVATE,Preprimary + Primary,100.0,1.0,1,0.0,32.0,0.0,,
210301,EP CYABAKAMYI,South,Nyanza,Cyabakamyi,RURAL,GOVERNMENT_AIDED,Preprimary + Primary,46.2365608215332,1.0,1,0.0,58.0,0.0,76.6935849590501,1.0
210302,GS NOTRE DAME DE KIBEHO NYABINYENGA,South,Nyanza,Cyabakamyi,RURAL,GOVERNMENT_AIDED,Preprimary + Primary + Ordinal Level,42.45614242553711,1.0,1,0.0,58.0,0.0,81.1356835413424,1.0
210303,EP GATONGATI,South,Nyanza,Cyabakamyi,RURAL,PUBLIC,Preprimary + Primary,81.35592651367188,1.0,1,0.0,64.0,0.0,79.1453492221119,1.0
210304,GS GAHENGELI,South,Nyanza,Cyabakamyi,RURAL,GOVERNMENT_AIDED,Preprimary + Primary + Ordinal Level + General upper secondary,49.81684875488281,1.0,1,1.0,58.0,0.0,75.8763362524975,2.0
210305,GS NYAGISOZI,South,Nyanza,Cyabakamyi,RURAL,GOVERNMENT_AIDED,Preprimary + Primary + Ordinal Level + General upper secondary + TVET,62.12121200561523,1.0,0,1.0,58.0,0.0,78.5009612205218,1.0
210306,GS RUBONA,South,Nyanza,Cyabakamyi,RURAL,GOVERNMENT_AIDED,Preprimary + Primary + Ordinal Level,69.47368621826172,1.0,1,1.0,58.0,0.0,75.6975605612722,2.0
210307,EP KADAHO,South,Nyanza,Cyabakamyi,RURAL,GOVERNMENT_AIDED,Preprimary + Primary,86.45832824707031,1.0,1,0.0,58.0,0.0,77.0909399966004,1.0
210308,EP NYABISHIKE,South,Nyanza,Cyabakamyi,RURAL,GOVERNMENT_AIDED,Preprimary + Primary,76.02339172363281,,1,0.0,58.0,1.0,75.4719601677149,1.0
210401,EP RUTETE,,,,,,,91.18497467041016,,0,,,,78.1167857823518,1.0
210403,GS KIBIRIZI,South,Nyanza,Kibilizi,RURAL,GOVERNMENT_AIDED,Preprimary + Primary + Ordinal Level,67.0533676147461,1.0,1,1.0,58.0,0.0,75.3153222863908,2.0
210404,GS MATARA,South,Nyanza,Kibilizi,RURAL,PUBLIC,Preprimary + Primary + Ordinal Level + TVET + TVET,73.459716796875,1.0,1,1.0,64.0,0.0,78.2646211670339,1.0
210405,GS MBUYE,South,Nyanza,Kibilizi,RURAL,GOVERNMENT_AIDED,Preprimary + Primary + Ordinal Level + General upper secondary,65.61479949951172,1.0,1,0.0,58.0,0.0,80.4228626436707,1.0
210406,GS MUTUTU,South,Nyanza,Kibilizi,RURAL,PUBLIC,Preprimary + Primary + Ordinal Level + General upper secondary,84.39716339111328,1.0,1,0.0,64.0,0.0,76.1185066299925,2.0
210407,EP RUTEME,South,Nyanza,Kibilizi,RURAL,GOVERNMENT_AIDED,Preprimary + Primary,91.93548583984375,1.0,1,0.0,58.0,0.0,79.4694000967586,1.0
210408,EP Muyebe,South,Nyanza,Kibilizi,RURAL,PUBLIC,Preprimary + Primary,64.37055206298828,1.0,1,0.0,64.0,0.0,77.1917174524239,1.0
210409,EP Runyonza,South,Nyanza,Kibilizi,RURAL,PUBLIC,Preprimary + Primary,66.8439712524414,,1,0.0,64.0,0.0,80.6518867924528,1.0
210411,EP MUYANGE,,,,,,,88.33818817138672,,0,,,,70.2304582210243,1.0
210413,EP RUKORE,,,,,,,79.16667175292969,,0,,,,77.2001977697814,1.0
210501,EP Marongi,South,Nyanza,Kigoma,RURAL,PUBLIC,Preprimary + Primary,68.29268646240234,,1,0.0,64.0,0.0,83.5639354763569,1.0
210502,EP BUTARA,South,Nyanza,Kigoma,RURAL,GOVERNMENT_AIDED,Preprimary + Primary,62.6570930480957,1.0,1,0.0,58.0,0.0,81.6540634167817,1.0
210504,GS GASORO,South,Nyanza,Kigoma,RURAL,PUBLIC,Preprimary + Primary + Ordinal Level,73.63751220703125,1.0,1,1.0,64.0,0.0,82.71957720167066,2.0
210505,GS GAHOMBO,South,Nyanza,Kigoma,RURAL,GOVERNMENT_AIDED,Preprimary + Primary + Ordinal Level + General upper secondary,69.47040557861328,1.0,1,1.0,58.0,0.0,78.5819698609402,2.0
210506,GS KIGOMA,South,Nyanza,Kigoma,RURAL,GOVERNMENT_AIDED,Preprimary + Primary + Ordinal Level + General upper secondary,76.04673767089844,1.0,1,0.0,58.0,0.0,82.82926557317731,2.0
210507,EP GAHOMBO B,South,Nyanza,Kigoma,RURAL,PUBLIC,Preprimary + Primary,77.10691833496094,1.0,1,0.0,64.0,0.0,83.6647723869422,1.0
210508,EP URUMURI,South,Nyanza,Kigoma,RURAL,PUBLIC,Preprimary + Primary,67.79661560058594,1.0,1,0.0,64.0,0.0,81.9910024387113,1.0
210509,EP Nyabubare,South,Nyanza,Kigoma,RURAL,PUBLIC,Preprimary + Primary,77.6744155883789,1.0,1,0.0,64.0,1.0,80.9530904359141,1.0
210510,GS MULINJA,South,Nyanza,Kigoma,RURAL,GOVERNMENT_AIDED,Preprimary + Primary + Ordinal Level + General upper secondary,63.11688232421875,1.0,1,1.0,58.0,0.0,75.07022927481155,2.0
210601,GS CYEREZO,South,Nyanza,Mukingo,RURAL,GOVERNMENT_AIDED,Preprimary + Primary + Ordinal Level,44.858154296875,1.0,1,1.0,58.0,0.0,74.2066880835693,1.0
210603,GS GATAGARA,South,Nyanza,Mukingo,RURAL,GOVERNMENT_AIDED,Preprimary + Primary + Ordinal Level,80.7272720336914,1.0,1,1.0,58.0,0.0,83.3590946651185,1.0
210604,GS  KAGANZA,South,Nyanza,Mukingo,RURAL,GOVERNMENT_AIDED,Preprimary + Primary + Ordinal Level + General upper secondary,79.86347961425781,1.0,1,1.0,58.0,0.0,80.50196717087854,2.0
210606,EP MPANGA,South,Nyanza,Mukingo,RURAL,PUBLIC,Preprimary + Primary,53.45699691772461,1.0,1,0.0,64.0,0.0,61.6896142738036,1.0
210607,EP MUKINGO,South,Nyanza,Mukingo,RURAL,GOVERNMENT_AIDED,Preprimary + Primary,63.88888931274414,1.0,1,0.0,58.0,0.0,76.3960477901853,1.0
210608,EP MWANABILI,South,Nyanza,Mukingo,RURAL,GOVERNMENT_AIDED,Preprimary + Primary,61.77884292602539,1.0,1,0.0,58.0,1.0,77.3117250673854,1.0
210609,EP NKOMERO,South,Nyanza,Mukingo,RURAL,GOVERNMENT_AIDED,Preprimary + Primary,48.57143020629883,1.0,1,0.0,58.0,0.0,83.9128861060421,1.0
210611,GS NYARUTOVU,South,Nyanza,Mukingo,RURAL,GOVERNMENT_AIDED,Preprimary + Primary + Ordinal Level,63.00940704345703,1.0,1,1.0,58.0,0.0,79.3236001199754,1.0
210615,EP Nyakabuye,,,,,,,69.90291595458984,,0,,,,49.0664379645512,1.0
210617,EP KAGANZA B,South,Nyanza,Mukingo,RURAL,PUBLIC,Preprimary + Primary,81.83556365966797,1.0,1,0.0,64.0,0.0,79.098218230247,1.0
210619,EP KIRURI,South,Nyanza,Mukingo,RURAL,GOVERNMENT_AIDED,Preprimary + Primary,70.19608306884766,1.0,1,0.0,58.0,0.0,69.2579663607107,1.0
210701,GS BUGINA,South,Nyanza,Muyira,RURAL,GOVERNMENT_AIDED,Preprimary + Primary + Ordinal Level,66.16313934326172,1.0,1,1.0,58.0,0.0,80.55283387958781,2.0
210703,EP NYABUSUNZU,South,Nyanza,Muyira,RURAL,GOVERNMENT_AIDED,Preprimary + Primary,72.68408203125,1.0,1,0.0,58.0,0.0,86.2933674373284,1.0
210704,GS NYAMURE,South,Nyanza,Muyira,RURAL,GOVERNMENT_AIDED,Preprimary + Primary + Ordinal Level,77.89968872070312,1.0,1,0.0,58.0,0.0,78.00381020194959,2.0
210705,EP GITUZA,South,Nyanza,Muyira,RURAL,GOVERNMENT_AIDED,Preprimary + Primary,75.625,1.0,1,0.0,58.0,0.0,82.8769092542678,1.0
210706,EP KABUYE,,,,,,,59.17431259155273,,0,,,,81.493637452848,1.0
210707,G S KAYANZA,South,Nyanza,Muyira,RURAL,GOVERNMENT_AIDED,Preprimary + Primary + Ordinal Level,60.27397537231445,1.0,1,1.0,58.0,0.0,71.1940076869322,2.0
210708,GS NYAGASOZI,South,Nyanza,Muyira,RURAL,PUBLIC,Preprimary + Primary + Ordinal Level + General upper secondary,61.06623458862305,1.0,1,0.0,64.0,1.0,75.6953388828074,2.0
210709,EP NYAKIBUNGO,South,Nyanza,Muyira,RURAL,PUBLIC,Preprimary + Primary,69.55782318115234,1.0,1,0.0,64.0,0.0,78.8817005321722,1.0
210710,EP NYARUGUNGA,South,Nyanza,Muyira,RURAL,GOVERNMENT_AIDED,Preprimary + Primary,82.63157653808594,1.0,1,0.0,58.0,0.0,77.3064833400241,1.0
210711,EP NYUNDO,South,Nyanza,Muyira,RURAL,GOVERNMENT_AIDED,Preprimary + Primary,48.5436897277832,1.0,1,0.0,58.0,0.0,68.9026255237726,1.0
210712,EP Kanyundo,,,,,,,76.23090362548828,,0,,,,79.4613057801737,1.0
210713,GS Gati,South,Nyanza,Muyira,RURAL,PUBLIC,Preprimary + Primary + Ordinal Level + General upper secondary,56.45161437988281,1.0,1,0.0,64.0,0.0,74.4691364430387,1.0
210801,EP Cyotamakara,,,,,,,77.60417175292969,,0,,,,,
210802,GS RUYENZI,South,Nyanza,Ntyazo,RURAL,GOVERNMENT_AIDED,Preprimary + Primary + Ordinal Level + General upper secondary,77.05046844482422,1.0,1,0.0,58.0,1.0,79.5654775878948,1.0
210803,GS KARAMA,,,,,,,79.24107360839844,,0,,,,80.3027924927284,2.0
210804,GS KATARARA,South,Nyanza,Ntyazo,RURAL,GOVERNMENT_AIDED,Preprimary + Primary + Ordinal Level + General upper secondary,77.73320007324219,1.0,1,1.0,58.0,0.0,76.3118633870004,1.0
210805,EP NTYAZO,South,Nyanza,Ntyazo,RURAL,GOVERNMENT_AIDED,Preprimary + Primary,84.59821319580078,1.0,1,0.0,58.0,0.0,81.2795819833556,1.0
210806,EP KAGUNGA,South,Nyanza,Ntyazo,RURAL,GOVERNMENT_AIDED,Preprimary + Primary,64.40678405761719,1.0,1,0.0,58.0,1.0,76.5110306618002,1.0
210807,GS Rugarama,South,Nyanza,Ntyazo,RURAL,PUBLIC,Preprimary + Primary + Ordinal Level + TVET,77.77777862548828,1.0,1,1.0,64.0,0.0,71.6649056383631,1.0
210901,EP KABUGA,South,Nyanza,Nyagisozi,RURAL,GOVERNMENT_AIDED,Preprimary + Primary,57.29729461669922,,1,0.0,58.0,0.0,72.7845387840671,1.0
210902,GS KIRAMBI CATHOLIQUE,South,Nyanza,Nyagisozi,RURAL,GOVERNMENT_AIDED,Preprimary + Primary + Ordinal Level,77.02127838134766,1.0,1,1.0,58.0,0.0,69.016361328357,1.0
210904,EP KIRAMBI PROTESTANT,South,Nyanza,Nyagisozi,RURAL,GOVERNMENT_AIDED,Preprimary + Primary,64.40678405761719,1.0,1,0.0,58.0,0.0,,
210905,GS MUSASA,,,,,,,79.06137084960938,,0,,,,,
210907,GS MWEYA,South,Nyanza,Nyagisozi,RURAL,GOVERNMENT_AIDED,Preprimary + Primary + Ordinal Level + TVET,64.70588684082031,1.0,1,0.0,58.0,0.0,72.2415828805317,1.0
210908,EP NYAMAGANA,South,Nyanza,Nyagisozi,RURAL,GOVERNMENT_AIDED,Preprimary + Primary,70.66666412353516,,1,0.0,58.0,0.0,68.3728424178896,1.0
210909,GS RUKAMIRA,South,Nyanza,Nyagisozi,RURAL,GOVERNMENT_AIDED,Preprimary + Primary + Ordinal Level,66.66667175292969,1.0,1,1.0,58.0,0.0,66.8314516737578,1.0
210911,EP GASHARU ADVENTISTE,,,,,,,60.31390380859375,,0,,,,74.7966594494278,1.0
211001,GS CYARWA,South,Nyanza,Rwabicuma,RURAL,PUBLIC,Preprimary + Primary + Ordinal Level,88.97535705566406,1.0,1,1.0,64.0,0.0,78.9989121530075,2.0
211003,GS MUBUGA TSS,South,Nyanza,Rwabicuma,RURAL,GOVERNMENT_AIDED,Preprimary + Primary + Ordinal Level + TVET,73.26565551757812,1.0,1,1.0,58.0,0.0,79.43266595971,2.0
211005,EP MUSHIRARUNGU,South,Nyanza,Rwabicuma,RURAL,GOVERNMENT_AIDED,Preprimary + Primary,69.78260803222656,1.0,1,0.0,58.0,0.0,77.3814705904329,1.0
211007,EP NYARUSANGE,South,Nyanza,Rwabicuma,RURAL,GOVERNMENT_AIDED,Preprimary + Primary,63.05970001220703,,1,0.0,58.0,0.0,74.544209440725,1.0
211008,EP RUNGA,South,Nyanza,Rwabicuma,RURAL,GOVERNMENT_AIDED,Preprimary + Primary,80.81181335449219,1.0,1,0.0,58.0,0.0,74.8229602065051,1.0
211010,EP RWAMWATA,South,Nyanza,Rwabicuma,RURAL,GOVERNMENT_AIDED,Preprimary + Primary,81.36646270751953,1.0,1,0.0,58.0,0.0,71.3271288809025,1.0
211011,EP Gacu,South,Nyanza,Rwabicuma,RURAL,PUBLIC,Preprimary + Primary,87.79342651367188,1.0,1,0.0,64.0,0.0,73.6771883699351,1.0
220101,EP CURUSI,,,,,,,61.05859756469727,,0,,,,85.5537511230907,1.0
220103,GS GASAGARA,South,Gisagara,Gikonko,RURAL,PUBLIC,Preprimary + Primary + Ordinal Level,49.77578353881836,1.0,1,0.0,64.0,0.0,83.39522568679925,2.0
220104,GS GIKONKO CATHOLIQUE,South,Gisagara,Gikonko,URBAN,GOVERNMENT_AIDED,Preprimary + Primary + Ordinal Level + General upper secondary,59.06593322753906,1.0,1,1.0,58.0,0.0,81.4276674735305,1.0
220105,EP GIKONKO EAR,South,Gisagara,Gikonko,RURAL,GOVERNMENT_AIDED,Preprimary + Primary,72.32250213623047,1.0,1,0.0,58.0,0.0,84.9787511230907,1.0
220106,GS MBOGO,South,Gisagara,Gikonko,RURAL,GOVERNMENT_AIDED,Preprimary + Primary + Ordinal Level,54.12621307373047,1.0,1,1.0,58.0,0.0,80.3111711511778,2.0
220107,EP SANZU,,,,,,,69.57070922851562,,0,,,,86.3936920998348,1.0
220109,GS  CYIRI,South,Gisagara,Gikonko,RURAL,PUBLIC,Preprimary + Primary + Ordinal Level,62.5974006652832,1.0,1,1.0,64.0,0.0,84.9372838018496,1.0
220110,EP BUKOROTA,South,Gisagara,Gikonko,RURAL,PUBLIC,Preprimary + Primary,59.56284332275391,1.0,1,0.0,64.0,0.0,82.4006442705937,1.0
220111,EP MUGUSA,,,,,,,76.43978881835938,,0,,,,,
220201,GS GISHUBI,South,Gisagara,Gishubi,RURAL,GOVERNMENT_AIDED,Preprimary + Primary + Ordinal Level + General upper secondary,58.44875717163086,1.0,1,1.0,58.0,1.0,74.92491407638994,2.0
220202,GS NYAGAHURU II  TSS,South,Gisagara,Gishubi,RURAL,PUBLIC,Preprimary + Primary + Ordinal Level + TVET,82.54398345947266,1.0,1,1.0,64.0,0.0,83.32656324933885,2.0
220203,EP KAGOMA,,,,,,,52.85714340209961,,0,,,,76.9807523949271,1.0
220204,GS MUDUHA,South,Gisagara,Gishubi,RURAL,GOVERNMENT_AIDED,Preprimary + Primary + Ordinal Level,70.23411560058594,1.0,1,0.0,58.0,1.0,78.8489086837015,1.0
220205,GS NYABITARE,South,Gisagara,Gishubi,RURAL,PUBLIC,Preprimary + Primary + Ordinal Level,55.21739196777344,1.0,1,1.0,64.0,0.0,82.459687536493,1.0
220206,EP Muyinza,South,Gisagara,Gishubi,RURAL,PUBLIC,Preprimary + Primary,72.03389739990234,1.0,1,0.0,64.0,0.0,,
220207,EP Hemba,,,,,,,88.03681182861328,,0,,,,75.4316321075343,1.0
220304,GS GIKORE,South,Gisagara,Kansi,RURAL,GOVERNMENT_AIDED,Preprimary + Primary + Ordinal Level + General upper secondary,23.45678901672363,1.0,1,0.0,58.0,0.0,71.72663699223881,2.0
220305,GS KANSI B,South,Gisagara,Kansi,RURAL,GOVERNMENT_AIDED,Preprimary + Primary + Ordinal Level,74.28571319580078,1.0,1,1.0,58.0,0.0,77.6617830240008,1.0
220308,EP LINGANWE,South,Gisagara,Kansi,RURAL,PUBLIC,Preprimary + Primary,65.23809814453125,1.0,1,0.0,64.0,1.0,67.1451196893408,1.0
220309,GS NYANGE,South,Gisagara,Kansi,RURAL,GOVERNMENT_AIDED,Preprimary + Primary + Ordinal Level,57.25190734863281,1.0,1,0.0,58.0,1.0,65.8225466268747,1.0
220311,EP NYARUHENGERI,South,Gisagara,Kansi,RURAL,PUBLIC,Preprimary + Primary,56.97674179077148,1.0,1,0.0,64.0,0.0,,
220313,EP KABURANJWIRI,South,Gisagara,Kansi,RURAL,PUBLIC,Preprimary + Primary,73.33333587646484,1.0,1,0.0,64.0,0.0,79.4536055085665,1.0
220315,EP Mbeho,South,Gisagara,Kansi,RURAL,PUBLIC,Preprimary + Primary,60.71428680419922,1.0,1,0.0,64.0,1.0,61.1504125531703,1.0
220316,GS Akabuga,South,Gisagara,Kansi,RURAL,PUBLIC,Preprimary + Primary + Ordinal Level,61.80257797241211,1.0,1,0.0,64.0,0.0,65.42703947959315,2.0
220401,GS KIBILIZI,South,Gisagara,Kibirizi,RURAL,GOVERNMENT_AIDED,Preprimary + Primary + Ordinal Level + General upper secondary,72.93519592285156,1.0,1,1.0,58.0,0.0,68.58465779806944,2.0
220402,GS KINTEKO,South,Gisagara,Kibirizi,RURAL,PUBLIC,Preprimary + Primary + Ordinal Level + TVET,63.9931755065918,1.0,1,1.0,64.0,0.0,75.79953653980985,2.0
220403,EP KARAMA,South,Gisagara,Kibirizi,RURAL,GOVERNMENT_AIDED,Preprimary + Primary,62.51944351196289,1.0,1,0.0,58.0,0.0,68.8802477241057,1.0
220404,EP MUYIRA,South,Gisagara,Kibirizi,RURAL,GOVERNMENT_AIDED,Preprimary + Primary,85.31072998046875,1.0,1,0.0,58.0,1.0,75.2358556396156,1.0
220501,GS JANJA,South,Gisagara,Kigembe,RURAL,GOVERNMENT_AIDED,Preprimary + Primary + Ordinal Level,60.12658309936523,1.0,1,1.0,58.0,1.0,79.1308755457624,2.0
220502,EP KIGEMBE,South,Gisagara,Kigembe,RURAL,GOVERNMENT_AIDED,Preprimary + Primary,38.17567443847656,1.0,1,0.0,58.0,0.0,71.6905151891853,1.0
220504,GS RUBONA,South,Gisagara,Kigembe,RURAL,GOVERNMENT_AIDED,Preprimary + Primary + Ordinal Level,70.39473724365234,1.0,1,0.0,58.0,0.0,83.94090221999255,2.0
220505,ES KIGEMBE,South,Gisagara,Kigembe,RURAL,PUBLIC,Preprimary + Primary + Ordinal Level + General upper secondary,72.11538696289062,1.0,1,1.0,64.0,0.0,87.5326151314293,1.0
220507,EP AGAHABWA,,,,,,,40.66985702514648,,0,,,,76.9304822127461,1.0
220508,EP RUSAGARA,South,Gisagara,Kigembe,RURAL,PUBLIC,Preprimary + Primary,32.29974365234375,1.0,1,0.0,64.0,0.0,82.0180532800122,1.0
220603,GS KABEZA,South,Gisagara,Mamba,RURAL,GOVERNMENT_AIDED,Preprimary + Primary + Ordinal Level + General upper secondary,45.17133712768555,1.0,1,1.0,58.0,0.0,75.1604230089079,1.0
220604,EP KABUMBWE,South,Gisagara,Mamba,RURAL,PUBLIC,Preprimary + Primary,65.94406127929688,1.0,1,0.0,64.0,0.0,76.3839891415363,1.0
220605,GS KIZENGA,,,,,,,44.55733108520508,,0,,,,80.9152487792696,1.0
220606,EP MAMBA,South,Gisagara,Mamba,RURAL,PUBLIC,Preprimary + Primary,80.99112701416016,1.0,1,0.0,64.0,0.0,79.2932202789947,1.0
220607,EP MWENDO,,,,,,,71.16934967041016,,0,,,,68.7414989878032,1.0
220608,EP MASHENYI,South,Gisagara,Mamba,RURAL,PUBLIC,Preprimary + Primary,38.2456169128418,1.0,1,0.0,64.0,0.0,83.7851959361393,1.0
220609,EP RUHUHA,South,Gisagara,Mamba,RURAL,PUBLIC,Preprimary + Primary,70.53823852539062,1.0,1,0.0,64.0,0.0,76.933692146428,1.0
220610,EP SHYEMBE,South,Gisagara,Mamba,RURAL,GOVERNMENT_AIDED,Preprimary + Primary,81.81818389892578,1.0,1,0.0,58.0,0.0,76.9503668763103,1.0
220701,EP BYIZAEAR,South,Gisagara,Muganza,RURAL,GOVERNMENT_AIDED,Preprimary + Primary,68.164794921875,1.0,1,0.0,58.0,1.0,70.2893859983483,1.0
220704,GS CYUMBA,South,Gisagara,Muganza,RURAL,GOVERNMENT_AIDED,Preprimary + Primary + Ordinal Level + General upper secondary,78.39196014404297,,1,0.0,58.0,1.0,67.8879041726517,2.0
220705,GS SAGA,South,Gisagara,Muganza,RURAL,GOVERNMENT_AIDED,Preprimary + Primary + Ordinal Level,63.35341262817383,1.0,1,0.0,58.0,0.0,69.6956155133107,2.0
220706,EP KIBANGU,South,Gisagara,Muganza,RURAL,PUBLIC,Preprimary + Primary,81.59310913085938,1.0,1,0.0,64.0,0.0,61.6459752511639,1.0
220707,EP MUGANZA,,,,,,,61.40350723266602,,0,,,,70.7215408805032,1.0
220708,EP RWAMIKO,South,Gisagara,Muganza,RURAL,PUBLIC,Primary,65.48463439941406,1.0,1,0.0,64.0,0.0,72.9836098460204,1.0
220709,EP AGASHARU,,,,,,,82.41758728027344,,0,,,,,
220710,EP NYAGAFUMBERI,South,Gisagara,Muganza,RURAL,PUBLIC,Preprimary + Primary,41.66666412353516,1.0,1,0.0,64.0,0.0,63.2091445957141,1.0
220711,EP NYAGATOVU,South,Gisagara,Muganza,RURAL,PUBLIC,Preprimary + Primary,52.66666412353516,1.0,1,0.0,64.0,1.0,35.4536976582625,1.0
220801,GS MUSHONGI,South,Gisagara,Mugombwa,RURAL,PUBLIC,Preprimary + Primary + Ordinal Level + General upper secondary,47.40565872192383,1.0,1,1.0,64.0,1.0,78.32958017102635,2.0
220802,EP LINDA,South,Gisagara,Mugombwa,RURAL,GOVERNMENT_AIDED,Preprimary + Primary,64.46540832519531,1.0,1,1.0,58.0,0.0,56.3833907477323,1.0
220803,GS MUGOMBWA,South,Gisagara,Mugombwa,RURAL,GOVERNMENT_AIDED,Preprimary + Primary + Ordinal Level + General upper secondary,69.61450958251953,1.0,1,0.0,58.0,0.0,81.75290672916553,3.0
220804,EP MUKOMACARA,South,Gisagara,Mugombwa,RURAL,GOVERNMENT_AIDED,Preprimary + Primary,51.29411697387695,1.0,1,1.0,58.0,0.0,80.8894254766896,1.0
220805,EP NYABINYENGA,South,Gisagara,Mugombwa,RURAL,PUBLIC,Preprimary + Primary,45.72591400146484,1.0,1,0.0,64.0,0.0,75.4222683648622,1.0
220807,EP MUGOMBWA,South,Gisagara,Mugombwa,RURAL,PUBLIC,Preprimary + Primary,50.99601745605469,1.0,1,0.0,64.0,0.0,,
220808,GS NYABISONGA,South,Gisagara,Mugombwa,RURAL,PUBLIC,Preprimary + Primary + Ordinal Level,46.34831619262695,,1,0.0,64.0,0.0,76.3286091200724,1.0
220902,GS JOMA,South,Gisagara,Mukindo,RURAL,PUBLIC,Preprimary + Primary + Ordinal Level,55.19999694824219,1.0,1,1.0,64.0,0.0,80.2943705132758,2.0
220903,GS  RUNYINYA,South,Gisagara,Mukindo,RURAL,PUBLIC,Preprimary + Primary + Ordinal Level,55.25606155395508,1.0,1,1.0,64.0,0.0,79.88060474607846,2.0
220904,EP MUKIZA,South,Gisagara,Mukindo,RURAL,PUBLIC,Preprimary + Primary,57.5,1.0,1,1.0,64.0,0.0,79.0137669188186,1.0
220905,EP RUNYINYA,South,Gisagara,Mukindo,RURAL,PUBLIC,Preprimary + Primary,72.7064208984375,1.0,1,0.0,64.0,0.0,,
220906,EP MAGI,South,Gisagara,Mukindo,RURAL,GOVERNMENT_AIDED,Preprimary + Primary,56.24320983886719,1.0,1,0.0,58.0,0.0,80.2068600097115,1.0
220907,GS GITWA,South,Gisagara,Mukindo,RURAL,PUBLIC,Preprimary + Primary + Ordinal Level,57.65765762329102,1.0,1,1.0,64.0,0.0,85.14188131183894,2.0
220908,EP AKANAGE,South,Gisagara,Mukindo,RURAL,PUBLIC,Preprimary + Primary,59.36883544921875,1.0,1,0.0,64.0,0.0,81.603424120855,1.0
221001,GS RWATANO,South,Gisagara,Musha,RURAL,GOVERNMENT_AIDED,Preprimary + Primary + Ordinal Level + General upper secondary,46.44713973999023,1.0,1,0.0,58.0,1.0,81.8887408666272,2.0
221002,GS ZIVU,South,Gisagara,Musha,RURAL,GOVERNMENT_AIDED,Preprimary + Primary + Ordinal Level + General upper secondary,60.10152053833008,1.0,1,1.0,58.0,1.0,77.7840877965445,2.0
221003,EP JURWE,,,,,,,57.77202224731445,,0,,,,83.0409588377178,1.0
221004,GS MUNYEGERA,South,Gisagara,Musha,RURAL,GOVERNMENT_AIDED,Preprimary + Primary + Ordinal Level,67.39130401611328,1.0,1,0.0,58.0,1.0,79.14404414656735,2.0
221006,EP KIMANA,South,Gisagara,Musha,RURAL,PUBLIC,Preprimary + Primary,76.15894317626953,,1,0.0,64.0,1.0,79.2061320754717,1.0
221007,EP BUHORO,,,,,,,46.875,,0,,,,70.0261127704524,1.0
221101,GS DAHWE,South,Gisagara,Ndora,RURAL,GOVERNMENT_AIDED,Preprimary + Primary + Ordinal Level,58.83838653564453,1.0,1,1.0,58.0,0.0,79.96312482264095,2.0
221102,GS CYAMUKUZA,South,Gisagara,Ndora,RURAL,PUBLIC,Preprimary + Primary + Ordinal Level,57.05458450317383,1.0,1,0.0,64.0,0.0,79.34500014928855,2.0
221103,GS NDORA,South,Gisagara,Ndora,RURAL,GOVERNMENT_AIDED,Preprimary + Primary + Ordinal Level,79.28572082519531,1.0,1,0.0,58.0,0.0,77.1606204162683,2.0
221105,EP NKINDA,,,,,,,66.66667175292969,,0,,,,78.0256990906528,1.0
221106,EP KIGARAMA,,,,,,,56.09065246582031,,0,,,,77.4402028934712,1.0
221107,EP GISANZE,South,Gisagara,Ndora,RURAL,GOVERNMENT_AIDED,Preprimary + Primary,65.53398132324219,1.0,1,0.0,58.0,1.0,76.7455878473748,1.0
221108,EP NYARUNYINYA,South,Gisagara,Ndora,RURAL,PUBLIC,Preprimary + Primary,74.14012908935547,1.0,1,0.0,64.0,0.0,79.7949224806202,1.0
221110,GS GISAGARA A,South,Gisagara,Ndora,RURAL,GOVERNMENT_AIDED,Preprimary + Primary + General upper secondary,83.99581146240234,1.0,1,0.0,58.0,0.0,80.41452252914519,2.0
221202,GS GISUNZU,South,Gisagara,Nyanza,RURAL,GOVERNMENT_AIDED,Preprimary + Primary + Ordinal Level,64.78873443603516,1.0,1,0.0,58.0,0.0,82.77127036623145,2.0
221203,EP HIGIRO,South,Gisagara,Nyanza,RURAL,GOVERNMENT_AIDED,Preprimary + Primary,78.0630111694336,1.0,1,0.0,58.0,0.0,83.5949590816095,1.0
221204,EP RUHORORO,South,Gisagara,Nyanza,RURAL,PUBLIC,Preprimary + Primary,68.1451644897461,1.0,1,0.0,64.0,0.0,84.0004303638527,1.0
221205,EP RUSONGATI,South,Gisagara,Nyanza,RURAL,PUBLIC,Preprimary + Primary,80.2919692993164,1.0,1,0.0,64.0,0.0,,
221208,EP AKAYANGE,South,Gisagara,Nyanza,RURAL,PUBLIC,Preprimary + Primary,62.92428207397461,1.0,1,0.0,64.0,0.0,85.0482192482083,1.0
221209,EP NTUNTU,South,Gisagara,Nyanza,RURAL,PUBLIC,Preprimary + Primary,76.92308044433594,1.0,1,0.0,64.0,1.0,78.9803322699575,1.0
221210,EP REMERA,South,Gisagara,Nyanza,RURAL,GOVERNMENT_AIDED,Preprimary + Primary,66.89655303955078,1.0,1,0.0,58.0,0.0,85.3040788013319,1.0
221211,EP NYAMUGARI,South,Gisagara,Nyanza,RURAL,GOVERNMENT_AIDED,Preprimary + Primary,64.63414764404297,1.0,1,0.0,58.0,0.0,82.8853698712189,1.0
221306,EP MUNAZI,South,Gisagara,Save,RURAL,GOVERNMENT_AIDED,Preprimary + Primary,37.62993621826172,1.0,1,0.0,58.0,0.0,83.3955260148657,1.0
221307,GS MUNAZI,South,Gisagara,Save,RURAL,PUBLIC,Preprimary + Primary + Ordinal Level,41.30434799194336,1.0,1,0.0,64.0,0.0,84.7842874155188,1.0
221309,EP SAVE B,South,Gisagara,Save,RURAL,GOVERNMENT_AIDED,Preprimary + Primary,64.0,1.0,1,0.0,58.0,0.0,,
221310,EP SHYANDA,South,Gisagara,Save,RURAL,PUBLIC,Preprimary + Primary,78.97664642333984,1.0,1,0.0,64.0,1.0,77.3476283150811,1.0
221312,EP TAMBA,South,Gisagara,Save,RURAL,GOVERNMENT_AIDED,Preprimary + Primary,43.02600479125977,1.0,1,0.0,58.0,1.0,80.4844715906037,1.0
230101,EP GITWE,South,Nyaruguru,Busanze,RURAL,GOVERNMENT_AIDED,Preprimary + Primary,92.06349182128906,1.0,1,0.0,58.0,0.0,70.9701707097934,1.0
230103,E P Runyami,South,Nyaruguru,Busanze,RURAL,GOVERNMENT_AIDED,Preprimary + Primary,100.0,1.0,1,0.0,58.0,1.0,72.5835252797517,1.0
230104,EP NKANDA,South,Nyaruguru,Busanze,RURAL,GOVERNMENT_AIDED,Preprimary + Primary,64.32748413085938,1.0,1,0.0,58.0,0.0,,
230106,GS Nyarusange,South,Nyaruguru,Busanze,RURAL,GOVERNMENT_AIDED,Preprimary + Primary + Ordinal Level,80.95238494873047,1.0,1,0.0,58.0,0.0,65.8457640193489,1.0
230108,GS MASIGA,South,Nyaruguru,Busanze,RURAL,GOVERNMENT_AIDED,Preprimary + Primary + Ordinal Level + General upper secondary,77.30192565917969,1.0,1,1.0,58.0,0.0,72.9266516304001,2.0
230109,GS MUSEBEYA  TSS,South,Nyaruguru,Busanze,RURAL,GOVERNMENT_AIDED,Preprimary + Primary + Ordinal Level + General upper secondary + TVET,68.65079498291016,1.0,1,1.0,58.0,0.0,69.344521177868,1.0
230110,GS RUNYOMBYI II,South,Nyaruguru,Busanze,RURAL,GOVERNMENT_AIDED,Preprimary + Primary + Ordinal Level,82.53968048095703,1.0,1,1.0,58.0,0.0,72.1301135493387,2.0
230111,EP GABIRO,South,Nyaruguru,Busanze,RURAL,PUBLIC,Preprimary + Primary,84.89208984375,1.0,1,0.0,64.0,0.0,,
230201,EP RUTOBWE,South,Nyaruguru,Cyahinda,RURAL,GOVERNMENT_AIDED,Preprimary + Primary,59.2705192565918,1.0,1,0.0,58.0,0.0,80.6834406071083,1.0
230205,GS MUHAMBARA,South,Nyaruguru,Cyahinda,RURAL,PUBLIC,Preprimary + Primary + Ordinal Level + General upper secondary,66.73152160644531,1.0,1,1.0,64.0,0.0,78.7736178293878,2.0
230206,GS ST LAURENT,South,Nyaruguru,Cyahinda,RURAL,GOVERNMENT_AIDED,Preprimary + Primary + Ordinal Level + General upper secondary,64.90251159667969,1.0,0,1.0,58.0,0.0,79.89884542591895,2.0
230208,EP RYARUCUMBA,South,Nyaruguru,Cyahinda,RURAL,PUBLIC,Preprimary + Primary,65.20874786376953,1.0,1,0.0,64.0,0.0,81.8953510113887,1.0
230223,EP BUSANZA,South,Nyaruguru,Cyahinda,RURAL,PUBLIC,Preprimary + Primary,58.49057006835938,1.0,1,0.0,64.0,0.0,81.7617924528302,1.0
230301,E P MUNEGE,South,Nyaruguru,Kibeho,RURAL,PUBLIC,Preprimary + Primary,66.96428680419922,1.0,1,0.0,64.0,0.0,75.7116205938277,1.0
230304,E P RUBONA 1,South,Nyaruguru,Kibeho,RURAL,GOVERNMENT_AIDED,Preprimary + Primary,58.03571319580078,1.0,1,0.0,58.0,1.0,69.9571586730723,1.0
230305,E P SINAYI,South,Nyaruguru,Kibeho,RURAL,GOVERNMENT_AIDED,Preprimary + Primary,55.55555725097656,1.0,1,0.0,58.0,1.0,68.608857036062,1.0
230306,EP BANGA,South,Nyaruguru,Kibeho,RURAL,GOVERNMENT_AIDED,Preprimary + Primary,63.18840408325195,1.0,1,0.0,58.0,1.0,76.8860729940919,1.0
230307,EP MPANDA,South,Nyaruguru,Kibeho,RURAL,GOVERNMENT_AIDED,Preprimary + Primary,71.04376983642578,1.0,1,0.0,58.0,1.0,75.2045292405895,1.0
230308,EP MUHORA,South,Nyaruguru,Kibeho,RURAL,GOVERNMENT_AIDED,Preprimary + Primary,55.84905624389648,1.0,1,0.0,58.0,0.0,75.5417247497436,1.0
230309,EP NYARUSHISHI,,,,,,,44.21052551269531,,0,,,,,
230310,GS MBASA,South,Nyaruguru,Kibeho,RURAL,GOVERNMENT_AIDED,Preprimary + Primary + Ordinal Level,51.33587646484375,1.0,1,1.0,58.0,1.0,,
230311,GS SPAUL KIBEHO,South,Nyaruguru,Kibeho,RURAL,GOVERNMENT_AIDED,Preprimary + Primary + Ordinal Level + General upper secondary,57.66233825683594,1.0,1,1.0,58.0,0.0,77.28935059043505,2.0
230314,GS NDAGO,South,Nyaruguru,Kibeho,RURAL,GOVERNMENT_AIDED,Preprimary + Primary + Ordinal Level + General upper secondary,61.75710678100586,1.0,1,1.0,58.0,0.0,68.8362490744853,1.0
230316,Education institute for blind children Kibeho,South,Nyaruguru,Kibeho,URBAN,GOVERNMENT_AIDED,Primary + Ordinal Level + General upper secondary,91.15044403076172,1.0,1,0.0,58.0,1.0,,
230402,GS RUSUZUMIRO,South,Nyaruguru,Kivu,RURAL,GOVERNMENT_AIDED,Preprimary + Primary + Ordinal Level + General upper secondary,56.79347991943359,1.0,1,1.0,58.0,0.0,80.99886213896309,2.0
230403,GAHURIZO,South,Nyaruguru,Kivu,RURAL,GOVERNMENT_AIDED,Preprimary + Primary + Ordinal Level,36.76222610473633,,1,0.0,58.0,0.0,70.986522679654,1.0
230404,GS RUGERERO,South,Nyaruguru,Kivu,RURAL,GOVERNMENT_AIDED,Preprimary + Primary + Ordinal Level + General upper secondary,52.734375,1.0,1,0.0,58.0,1.0,80.117493479456,1.0
230405,KIMINA PS,South,Nyaruguru,Kivu,RURAL,GOVERNMENT_AIDED,Preprimary + Primary,52.38095474243164,1.0,1,0.0,58.0,0.0,77.1366943272604,1.0
230406,EP KIVU,South,Nyaruguru,Kivu,RURAL,PUBLIC,Preprimary + Primary,100.0,,1,0.0,64.0,0.0,79.5311320754717,1.0
230501,EP CYIVUGIZA,South,Nyaruguru,Mata,RURAL,GOVERNMENT_AIDED,Preprimary + Primary,57.35294342041016,1.0,1,0.0,58.0,0.0,77.1558745005286,1.0
230502,GS GORWE,South,Nyaruguru,Mata,RURAL,GOVERNMENT_AIDED,Preprimary + Primary + Ordinal Level,45.1219482421875,1.0,1,0.0,58.0,0.0,81.92049146798036,2.0
230503,EP NYAMYUMBA,South,Nyaruguru,Mata,RURAL,PUBLIC,Preprimary + Primary,77.64227294921875,1.0,1,0.0,64.0,0.0,67.0266870829394,1.0
230504,GS RAMBA,South,Nyaruguru,Mata,RURAL,PUBLIC,Preprimary + Primary + Ordinal Level + General upper secondary,71.64179229736328,1.0,1,0.0,64.0,0.0,78.0781710878037,1.0
230505,GS MATA,South,Nyaruguru,Mata,RURAL,GOVERNMENT_AIDED,Preprimary + Primary + Ordinal Level,75.41371154785156,1.0,1,1.0,58.0,0.0,75.9574694222354,1.0
230506,GS RWAMIKOMATA,South,Nyaruguru,Mata,RURAL,GOVERNMENT_AIDED,Preprimary + Primary + Ordinal Level + General upper secondary + TVET,64.21052551269531,1.0,1,0.0,58.0,0.0,79.7276036317153,1.0
230601,EPMUBAZI,,,,,,,60.95505523681641,,0,,,,81.2768867924528,1.0
230602,EPRWISHYWA,South,Nyaruguru,Muganza,RURAL,GOVERNMENT_AIDED,Preprimary + Primary,92.84750366210938,,1,0.0,58.0,0.0,69.7687995938484,1.0
230604,EP BIGUGU,South,Nyaruguru,Muganza,RURAL,GOVERNMENT_AIDED,Preprimary + Primary,64.62963104248047,1.0,1,0.0,58.0,0.0,61.9354560516916,1.0
230605,GSSEKERA,South,Nyaruguru,Muganza,RURAL,GOVERNMENT_AIDED,Preprimary + Primary + Ordinal Level + General upper secondary,66.12702941894531,1.0,1,1.0,58.0,0.0,52.1371442909407,2.0
230607,GS MUGANZA,South,Nyaruguru,Muganza,RURAL,GOVERNMENT_AIDED,Preprimary + Primary + Ordinal Level + General upper secondary,52.89855194091797,1.0,1,0.0,58.0,0.0,64.83255159960265,2.0
230608,EP TANGABO,South,Nyaruguru,Muganza,RURAL,GOVERNMENT_AIDED,Preprimary + Primary + Ordinal Level,60.09615707397461,1.0,1,0.0,58.0,0.0,69.4421076852278,1.0
230701,EP RUSEKE,South,Nyaruguru,Munini,RURAL,GOVERNMENT_AIDED,Preprimary + Primary,47.46835708618164,1.0,1,0.0,58.0,0.0,67.7469373803664,1.0
230703,EP GIHETA,South,Nyaruguru,Munini,RURAL,GOVERNMENT_AIDED,Preprimary + Primary,50.0,1.0,1,0.0,58.0,0.0,85.1487204510952,1.0
230704,GS MUNINI,South,Nyaruguru,Munini,RURAL,GOVERNMENT_AIDED,Preprimary + Primary + Ordinal Level + General upper secondary + TVET,58.95439529418945,1.0,1,1.0,58.0,0.0,75.68241059478105,2.0
230705,GSKAMANA,South,Nyaruguru,Munini,RURAL,GOVERNMENT_AIDED,Preprimary + Primary + Ordinal Level + General upper secondary,79.56989288330078,1.0,1,1.0,58.0,0.0,64.517875368478,2.0
230706,EP MASHYA,South,Nyaruguru,Munini,RURAL,GOVERNMENT_AIDED,Preprimary + Primary,94.11764526367188,,1,0.0,58.0,0.0,53.5618941916389,1.0
230801,GS BITARE,South,Nyaruguru,Ngera,RURAL,PUBLIC,Preprimary + Primary + Ordinal Level,65.32257843017578,1.0,1,0.0,64.0,0.0,53.997698630197,1.0
230802,EP  RUNYAMI I,South,Nyaruguru,Ngera,RURAL,GOVERNMENT_AIDED,Preprimary + Primary,63.70370483398438,1.0,1,0.0,58.0,1.0,72.0641509433962,1.0
230803,EP MUKUGE,South,Nyaruguru,Ngera,RURAL,GOVERNMENT_AIDED,Preprimary + Primary,82.85714721679688,1.0,1,0.0,58.0,0.0,71.2812313803376,1.0
230805,GS LIBA  TSS,South,Nyaruguru,Ngera,RURAL,PUBLIC,Preprimary + Primary + Ordinal Level + General upper secondary + TVET,64.08668518066406,1.0,1,1.0,64.0,0.0,68.411322171413,2.0
230806,GS MURAMA,South,Nyaruguru,Ngera,RURAL,GOVERNMENT_AIDED,Preprimary + Primary + Ordinal Level,71.12970733642578,1.0,1,1.0,58.0,0.0,74.94106037098045,2.0
230808,EP GISOZI,South,Nyaruguru,Ngera,RURAL,PUBLIC,Preprimary + Primary,74.5762710571289,1.0,1,0.0,64.0,0.0,75.1571124437294,1.0
230901,EP BIHEMBE,South,Nyaruguru,Ngoma,RURAL,GOVERNMENT_AIDED,Preprimary + Primary,84.47098541259766,1.0,1,0.0,58.0,0.0,80.4977195547231,1.0
230902,EP RUBONA II,South,Nyaruguru,Ngoma,RURAL,GOVERNMENT_AIDED,Preprimary + Primary,73.65684509277344,1.0,1,0.0,58.0,0.0,73.6770296777312,1.0
230903,GS FUGI,South,Nyaruguru,Ngoma,RURAL,GOVERNMENT_AIDED,Preprimary + Primary + Ordinal Level + General upper secondary,74.30555725097656,,1,0.0,58.0,1.0,71.748172643961,2.0
230904,GS KIBANGU,South,Nyaruguru,Ngoma,RURAL,GOVERNMENT_AIDED,Preprimary + Primary + Ordinal Level + General upper secondary,72.40876007080078,1.0,1,1.0,58.0,0.0,81.3088770693507,2.0
230905,GS KIYONZA,South,Nyaruguru,Ngoma,RURAL,GOVERNMENT_AIDED,Preprimary + Primary + Ordinal Level + General upper secondary,80.0,1.0,1,1.0,58.0,1.0,80.8385225540716,2.0
230906,KIVURU PS,South,Nyaruguru,Ngoma,RURAL,GOVERNMENT_AIDED,Preprimary + Primary,75.27386474609375,1.0,1,0.0,58.0,0.0,74.6794425946479,1.0
230908,RUHORORO,South,Nyaruguru,Ngoma,RURAL,GOVERNMENT_AIDED,Preprimary + Primary,62.82973861694336,1.0,1,0.0,58.0,0.0,80.9256839879481,1.0
231002,EP KABERE,South,Nyaruguru,Nyabimata,RURAL,GOVERNMENT_AIDED,Preprimary + Primary,36.14457702636719,1.0,1,0.0,58.0,0.0,83.0029678056077,1.0
231003,EP RUHINGA,South,Nyaruguru,Nyabimata,RURAL,GOVERNMENT_AIDED,Preprimary + Primary,62.5,1.0,1,0.0,58.0,0.0,77.3767042194813,1.0
231004,GS MUYIRA,South,Nyaruguru,Nyabimata,RURAL,GOVERNMENT_AIDED,Preprimary + Primary + Ordinal Level,38.46154022216797,1.0,1,1.0,58.0,0.0,80.0948113207547,1.0
231005,GS NYABIMATA  TSS,South,Nyaruguru,Nyabimata,RURAL,GOVERNMENT_AIDED,Preprimary + Primary + Ordinal Level + General upper secondary + TVET,69.01408386230469,1.0,1,1.0,58.0,0.0,,
231006,MISHUNGERO PS,South,Nyaruguru,Nyabimata,RURAL,GOVERNMENT_AIDED,Preprimary + Primary,68.5622329711914,,1,0.0,58.0,0.0,73.4331176860019,1.0
231007,CYUMUZI PS,,,,,,,42.30769348144531,,0,,,,,
231101,GS KAGARAMA,South,Nyaruguru,Nyagisozi,RURAL,GOVERNMENT_AIDED,Preprimary + Primary + Ordinal Level,56.56779479980469,1.0,1,0.0,58.0,0.0,76.2601069936544,1.0
231102,GS NYANTANGA,South,Nyaruguru,Nyagisozi,RURAL,GOVERNMENT_AIDED,Preprimary + Primary + Ordinal Level,64.6566162109375,1.0,1,0.0,58.0,0.0,,
231103,GS MWOYA,South,Nyaruguru,Nyagisozi,RURAL,GOVERNMENT_AIDED,Preprimary + Primary + Ordinal Level + General upper secondary,71.46401977539062,1.0,1,1.0,58.0,0.0,86.8796429262886,1.0
231104,GS NKAKWA,South,Nyaruguru,Nyagisozi,RURAL,GOVERNMENT_AIDED,Preprimary + Primary + Ordinal Level + General upper secondary,77.17121887207031,1.0,1,1.0,58.0,0.0,84.15996721119015,2.0
231201,EP GAHOTORA,South,Nyaruguru,Ruheru,RURAL,GOVERNMENT_AIDED,Preprimary + Primary,69.69696807861328,,1,0.0,58.0,0.0,,
231202,EP GAKARANKA,South,Nyaruguru,Ruheru,RURAL,GOVERNMENT_AIDED,Preprimary + Primary,61.24660873413086,1.0,1,0.0,58.0,1.0,81.1845448892533,1.0
231203,GS RUHERU,South,Nyaruguru,Ruheru,RURAL,GOVERNMENT_AIDED,Preprimary + Primary + Ordinal Level + General upper secondary + TVET,63.38259506225586,1.0,1,1.0,58.0,0.0,85.772313002608,2.0
231204,GS ZIRAMBI,South,Nyaruguru,Ruheru,RURAL,GOVERNMENT_AIDED,Preprimary + Primary + Ordinal Level,61.5384635925293,1.0,1,0.0,58.0,1.0,81.46589311487904,2.0
231205,GS REMERA,South,Nyaruguru,Ruheru,RURAL,GOVERNMENT_AIDED,Preprimary + Primary + Ordinal Level + General upper secondary,36.59793853759766,1.0,1,0.0,58.0,0.0,85.3966980090176,2.0
231206,GS YANZA,South,Nyaruguru,Ruheru,RURAL,GOVERNMENT_AIDED,Preprimary + Primary + Ordinal Level + General upper secondary,58.88888931274414,1.0,1,0.0,58.0,0.0,83.39287424083025,2.0
231207,EP KIRWA,South,Nyaruguru,Ruheru,RURAL,PUBLIC,Preprimary + Primary,75.25772857666016,1.0,1,0.0,64.0,0.0,,
231208,EP MUKAKA,,,,,,,80.61224365234375,,0,,,,84.9391509433962,1.0
231209,E P MUTUMBA,South,Nyaruguru,Ruheru,RURAL,PUBLIC,Preprimary + Primary,57.14286041259766,1.0,1,0.0,64.0,0.0,81.1391493551871,1.0
231301,EP RUGOTE,South,Nyaruguru,Ruramba,RURAL,GOVERNMENT_AIDED,Preprimary + Primary,46.05263137817383,1.0,1,0.0,58.0,1.0,,
231302,EP  BUKORO,South,Nyaruguru,Ruramba,RURAL,GOVERNMENT_AIDED,Preprimary + Primary,48.57954788208008,1.0,1,0.0,58.0,1.0,73.154242067914,1.0
231303,EP  GISEKE,South,Nyaruguru,Ruramba,RURAL,GOVERNMENT_AIDED,Preprimary + Primary,88.23529815673828,1.0,1,0.0,58.0,0.0,72.5020159207608,1.0
231304,EP  KARAMBI,,,,,,,88.8888931274414,,0,,,,65.8464932342291,1.0
231305,EP GISORORA,South,Nyaruguru,Ruramba,RURAL,GOVERNMENT_AIDED,Preprimary + Primary,80.21977996826172,1.0,1,0.0,58.0,0.0,75.6373623159055,1.0
231306,G S MATYAZO,South,Nyaruguru,Ruramba,RURAL,GOVERNMENT_AIDED,Preprimary + Primary + Ordinal Level + General upper secondary,80.41236877441406,1.0,1,1.0,58.0,1.0,74.85290413845145,2.0
231308,GS RURAMBA,South,Nyaruguru,Ruramba,RURAL,GOVERNMENT_AIDED,Preprimary + Primary + Ordinal Level + General upper secondary + TVET,64.79859924316406,1.0,1,1.0,58.0,1.0,75.0171825727568,1.0
231401,GS CYUNA,South,Nyaruguru,Rusenge,RURAL,PUBLIC,Preprimary + Primary + Ordinal Level,57.94306945800781,,1,0.0,64.0,0.0,81.971586720852,1.0
231402,EP GIKUNZI,South,Nyaruguru,Rusenge,RURAL,PUBLIC,Preprimary + Primary,41.62436294555664,1.0,1,0.0,64.0,1.0,69.6103923330338,1.0
231403,EP RUSENGE,South,Nyaruguru,Rusenge,RURAL,GOVERNMENT_AIDED,Preprimary + Primary,91.96428680419922,,1,0.0,58.0,0.0,53.3258047069368,1.0
231404,GS BUNGE,South,Nyaruguru,Rusenge,RURAL,GOVERNMENT_AIDED,Preprimary + Primary + Ordinal Level,47.82608795166016,1.0,1,0.0,58.0,0.0,76.7629498014401,1.0
231405,GS RASANIRO  TSS,South,Nyaruguru,Rusenge,RURAL,GOVERNMENT_AIDED,Preprimary + Primary + Ordinal Level + General upper secondary + TVET,74.37185668945312,1.0,1,1.0,58.0,1.0,80.73244290424076,2.0
231406,GS RUNYINYA,South,Nyaruguru,Rusenge,RURAL,GOVERNMENT_AIDED,Preprimary + Primary + Ordinal Level + General upper secondary,65.40403747558594,1.0,1,1.0,58.0,1.0,79.57753416011545,2.0
231407,EP GITEBE,South,Nyaruguru,Rusenge,RURAL,PUBLIC,Preprimary + Primary,45.5445556640625,1.0,1,0.0,64.0,0.0,,
240108,EP Nyakibanda,South,Huye,Gishamvu,RURAL,PUBLIC,Preprimary + Primary,81.97801971435547,1.0,1,0.0,64.0,0.0,69.1185058128454,1.0
240109,EPKIDUHA,,,,,,,73.46939086914062,,0,,,,67.7111809923131,1.0
240113,EPNYUMBA A,South,Huye,Gishamvu,RURAL,GOVERNMENT_AIDED,Preprimary + Primary,100.0,1.0,1,0.0,58.0,0.0,,
240114,EPSHOLI,South,Huye,Gishamvu,RURAL,PUBLIC,Preprimary + Primary,64.06780242919922,1.0,1,0.0,64.0,0.0,76.3115668580804,1.0
240201,GS MPUNGWE,South,Huye,Huye,RURAL,GOVERNMENT_AIDED,Preprimary + Primary + Ordinal Level,65.67742156982422,1.0,1,0.0,58.0,0.0,71.86851798240615,2.0
240202,GS RUKIRA,South,Huye,Huye,RURAL,PUBLIC,Preprimary + Primary + Ordinal Level + General upper secondary + TVET,81.25,1.0,1,0.0,64.0,0.0,68.63161102086715,2.0
240203,GS SOVU,South,Huye,Huye,RURAL,GOVERNMENT_AIDED,Preprimary + Primary + Ordinal Level + General upper secondary,75.7272720336914,1.0,1,1.0,58.0,0.0,75.6561012385433,2.0
240207,ECOLE PRIMAIRE NKIMA,South,Huye,Huye,RURAL,GOVERNMENT_AIDED,Preprimary + Primary,62.93706130981445,1.0,1,0.0,58.0,0.0,68.9930930015872,1.0
240208,ECOLE PRIMAIRE NYANZA,South,Huye,Huye,RURAL,PUBLIC,Preprimary + Primary,81.22977447509766,1.0,1,0.0,64.0,1.0,78.6522186110966,1.0
240209,ECOLE PRIMAIRE RUKARA,South,Huye,Huye,RURAL,GOVERNMENT_AIDED,Preprimary + Primary,66.38478088378906,1.0,1,0.0,58.0,0.0,68.1339972047519,1.0
240301,EP BUHORO,South,Huye,Karama,RURAL,GOVERNMENT_AIDED,Preprimary + Primary,67.35966491699219,1.0,1,0.0,58.0,0.0,68.8465488753864,1.0
240303,EP BUNAZI,South,Huye,Karama,RURAL,GOVERNMENT_AIDED,Preprimary + Primary,81.15501403808594,1.0,1,0.0,58.0,0.0,76.9069230769231,1.0
240305,EP KIBINGO,,,,,,,72.56944274902344,,0,,,,,
240307,Gs Saint Boniface Karama  TSS,South,Huye,Karama,RURAL,GOVERNMENT_AIDED,Preprimary + Primary + Ordinal Level + General upper secondary + TVET,69.04109954833984,1.0,1,0.0,58.0,0.0,61.1756825653479,2.0
240310,ISHEMA PRIMARY SCHOOL,South,Huye,Karama,RURAL,PUBLIC,Preprimary + Primary,79.45205688476562,,1,0.0,64.0,1.0,60.5701650943396,1.0
240324,Ecole Maternelle Saint Francois d'Assise Karama,South,Huye,Karama,RURAL,PRIVATE,Preprimary + Primary,100.0,1.0,1,0.0,32.0,0.0,,
240401,EP BIRAMBO SCHOOL,South,Huye,Kigoma,RURAL,GOVERNMENT_AIDED,Preprimary + Primary,57.57575607299805,1.0,1,1.0,58.0,1.0,69.5971562859268,1.0
240404,EP BITARE,South,Huye,Kigoma,RURAL,GOVERNMENT_AIDED,Preprimary + Primary,69.1780776977539,,1,0.0,58.0,0.0,61.0099469200232,1.0
240406,GS NYARUNYINYA SAINTE RITA,South,Huye,Kigoma,RURAL,GOVERNMENT_AIDED,Preprimary + Primary + Ordinal Level + General upper secondary,68.71609497070312,1.0,1,1.0,58.0,1.0,73.61147873010731,2.0
240409,GS GISHIHE  TSS,South,Huye,Kigoma,RURAL,GOVERNMENT_AIDED,Preprimary + Primary + Ordinal Level + General upper secondary + TVET,64.62450408935547,1.0,1,1.0,58.0,1.0,71.924937719918,2.0
240411,EP MBOGO,South,Huye,Kigoma,RURAL,GOVERNMENT_AIDED,Preprimary + Primary,78.40909576416016,1.0,1,0.0,58.0,1.0,69.0031446540881,1.0
240412,MUBUGA PRIMARY SCHOOL,South,Huye,Kigoma,RURAL,GOVERNMENT_AIDED,Preprimary + Primary,13.33333396911621,1.0,1,0.0,58.0,0.0,69.0721492248756,1.0
240501,GS BUREMERA,South,Huye,Kinazi,RURAL,GOVERNMENT_AIDED,Preprimary + Primary + Ordinal Level,54.29583740234375,1.0,1,0.0,58.0,0.0,70.79235632691515,2.0
240504,GS KINAZI,South,Huye,Kinazi,RURAL,PUBLIC,Preprimary + Primary + Ordinal Level + General upper secondary + TVET,71.39089965820312,1.0,1,0.0,64.0,0.0,70.79434419775885,2.0
240505,GS MAZA,,,,,,,68.9189224243164,,0,,,,73.6374264444888,2.0
240508,NYAGISENYI,South,Huye,Kinazi,RURAL,PUBLIC,Preprimary + Primary,63.33333206176758,1.0,1,0.0,64.0,0.0,63.0406009783368,1.0
240514,EP GITOVU,South,Huye,Kinazi,RURAL,GOVERNMENT_AIDED,Preprimary + Primary,48.79999923706055,,1,0.0,58.0,0.0,60.2425106191479,1.0
240515,Ecole Internationale Saint Leonard,South,Huye,Kinazi,RURAL,PRIVATE,Preprimary + Primary,100.0,1.0,1,1.0,32.0,0.0,,
240602,EP GASUMBA,,,,,,,74.42528533935547,,0,,,,74.2037735849057,1.0
240603,EP Kabirizi,,,,,,,80.76922607421875,,0,,,,68.1116205938277,1.0
240604,EP MARABA,,,,,,,81.77570343017578,,0,,,,66.9920359695554,1.0
240605,GS KABUYE,South,Huye,Maraba,RURAL,PUBLIC,Preprimary + Primary + Ordinal Level + General upper secondary + TVET,64.58332824707031,1.0,1,1.0,64.0,0.0,73.22513479851989,2.0
240609,GS MUGANO,South,Huye,Maraba,RURAL,GOVERNMENT_AIDED,Preprimary + Primary + Ordinal Level,60.31957244873047,1.0,1,1.0,58.0,0.0,74.5484268326972,2.0
240610,EP Gisagara,,,,,,,72.56097412109375,,0,,,,71.7751756896996,1.0
240613,GS SHYEMBE,South,Huye,Maraba,RURAL,GOVERNMENT_AIDED,Preprimary + Primary + Ordinal Level,39.05325698852539,1.0,1,0.0,58.0,0.0,65.3243751255567,2.0
240617,EP BUREMERA,,,,,,,79.15691375732422,,0,,,,75.598759136495,1.0
240702,EP RUSAGARA,South,Huye,Mbazi,RURAL,PUBLIC,Preprimary + Primary,68.34677124023438,1.0,1,0.0,64.0,1.0,76.166494459419,1.0
240704,EP GASHIKIRI,South,Huye,Mbazi,RURAL,GOVERNMENT_AIDED,Preprimary + Primary,66.10526275634766,1.0,1,0.0,58.0,0.0,68.4742710120069,1.0
240705,GS Mutunda,South,Huye,Mbazi,RURAL,GOVERNMENT_AIDED,Preprimary + Primary + Ordinal Level,57.71144104003906,1.0,1,0.0,58.0,1.0,70.03612569614666,2.0
240706,GS KABUGA,South,Huye,Mbazi,RURAL,GOVERNMENT_AIDED,Preprimary + Primary + Ordinal Level,75.0402603149414,1.0,1,1.0,58.0,0.0,64.5957874494631,1.0
240708,KARAMAMBAZI PRIMARY,South,Huye,Mbazi,RURAL,GOVERNMENT_AIDED,Preprimary + Primary,66.96428680419922,1.0,1,0.0,58.0,0.0,56.2225113858165,1.0
240709,MBAZI PRIMARY,South,Huye,Mbazi,URBAN,GOVERNMENT_AIDED,Preprimary + Primary,33.33333587646484,1.0,1,0.0,58.0,0.0,61.2141452838805,1.0
240710,EP MUTUNDA EAR,South,Huye,Mbazi,RURAL,GOVERNMENT_AIDED,Preprimary + Primary,62.9200439453125,1.0,1,0.0,58.0,1.0,,
240711,GS MWULIRE,South,Huye,Mbazi,RURAL,GOVERNMENT_AIDED,Preprimary + Primary + Ordinal Level + General upper secondary,70.29412078857422,1.0,1,0.0,58.0,0.0,66.35475931323604,2.0
240712,GS RUGANGO,South,Huye,Mbazi,RURAL,GOVERNMENT_AIDED,Preprimary + Primary + Ordinal Level,69.86028289794922,1.0,1,1.0,58.0,0.0,74.13180772739135,2.0
240801,EP BUVUMU,South,Huye,Mukura,RURAL,PUBLIC,Preprimary + Primary,45.7280387878418,1.0,1,0.0,64.0,0.0,69.4737645522312,1.0
240802,EP INGENZI,South,Huye,Mukura,URBAN,PUBLIC,Preprimary + Primary,47.57630157470703,1.0,1,0.0,64.0,0.0,66.3198113207547,1.0
240803,GS MUBUMBANO,South,Huye,Mukura,RURAL,PUBLIC,Preprimary + Primary + Ordinal Level + General upper secondary,48.55252075195312,1.0,1,1.0,64.0,0.0,72.71181762164474,2.0
240804,GS NKUBI,South,Huye,Mukura,URBAN,GOVERNMENT_AIDED,Preprimary + Primary + Ordinal Level + General upper secondary,38.88888931274414,1.0,1,1.0,58.0,0.0,78.6887681754537,2.0
240808,EP RANGO,South,Huye,Mukura,URBAN,PUBLIC,Preprimary + Primary,70.33582305908203,1.0,1,0.0,64.0,0.0,73.6069583179184,1.0
240809,EP SAHERA,South,Huye,Mukura,RURAL,PUBLIC,Preprimary + Primary,88.3720932006836,1.0,1,0.0,64.0,0.0,74.5287735849057,1.0
240901,GS BUTARE CATHOLIQUE,South,Huye,Ngoma,URBAN,GOVERNMENT_AIDED,Preprimary + Primary + Ordinal Level + General upper secondary,88.46153259277344,1.0,1,1.0,58.0,0.0,73.65938852170251,2.0
240903,CJSM NGOMA,South,Huye,Ngoma,URBAN,GOVERNMENT_AIDED,Primary + Ordinal Level + General upper secondary,100.0,1.0,1,1.0,58.0,1.0,74.7017925869741,1.0
240905,ECOLE AUTONOME DE BUTARE,South,Huye,Ngoma,URBAN,PRIVATE,Preprimary + Primary,100.0,1.0,1,0.0,32.0,0.0,,
240907,ECOLE ST ANTOINE,South,Huye,Ngoma,URBAN,PRIVATE,Preprimary + Primary,93.02326202392578,1.0,1,0.0,32.0,0.0,,
240915,GS MATYAZO,South,Huye,Ngoma,URBAN,GOVERNMENT_AIDED,Preprimary + Primary + Ordinal Level,64.86784362792969,1.0,1,1.0,58.0,0.0,75.061229658012,2.0
240917,EP NGOMA,South,Huye,Ngoma,URBAN,PUBLIC,Preprimary + Primary,84.61538696289062,1.0,1,0.0,64.0,0.0,70.8393939393939,1.0
240920,EP RUNGA SCHOOL,South,Huye,Ngoma,RURAL,GOVERNMENT_AIDED,Preprimary + Primary,41.12149429321289,1.0,1,0.0,58.0,0.0,57.5526787154146,1.0
240921,EP NGOMA ADVENTISTE,South,Huye,Ngoma,URBAN,GOVERNMENT_AIDED,Preprimary + Primary,83.93285369873047,1.0,1,0.0,58.0,0.0,59.8104017853074,1.0
240922,School for Excellence Imanzi,South,Huye,Ngoma,URBAN,PRIVATE,Preprimary + Primary,100.0,1.0,1,0.0,32.0,0.0,,
241001,EP BUSHESHI,South,Huye,Ruhashya,RURAL,PUBLIC,Preprimary + Primary,54.76190567016602,,1,0.0,64.0,0.0,68.3235934047255,1.0
241002,GS GATOVU,South,Huye,Ruhashya,RURAL,GOVERNMENT_AIDED,Preprimary + Primary + Ordinal Level,60.96654510498047,,1,0.0,58.0,0.0,76.730677847659,2.0
241003,GS RUGOGWE  TSS,South,Huye,Ruhashya,RURAL,GOVERNMENT_AIDED,Preprimary + Primary + Ordinal Level + General upper secondary + TVET,65.15373229980469,1.0,1,1.0,58.0,0.0,66.7105291966773,2.0
241005,EP MARA,South,Huye,Ruhashya,RURAL,GOVERNMENT_AIDED,Preprimary + Primary,61.73912811279297,,1,0.0,58.0,1.0,57.652922117961,1.0
241006,MUHORORO PRIMARY SCHOOL,South,Huye,Ruhashya,RURAL,PUBLIC,Preprimary + Primary,68.35443115234375,1.0,1,0.0,64.0,0.0,,
241008,EP RUHASHYA,South,Huye,Ruhashya,RURAL,GOVERNMENT_AIDED,Preprimary + Primary,54.31654357910156,1.0,1,0.0,58.0,0.0,65.4058216416707,1.0
241009,RUKUBIRO PRIMARY SCHOOL,South,Huye,Ruhashya,RURAL,PUBLIC,Preprimary + Primary,71.60243225097656,,1,0.0,64.0,0.0,69.0747967479675,1.0
241102,GS BUHIMBA,South,Huye,Rusatira,RURAL,GOVERNMENT_AIDED,Preprimary + Primary + Ordinal Level + General upper secondary,65.32618713378906,1.0,1,1.0,58.0,0.0,71.9767987172904,2.0
241103,GS GAFUMBA,South,Huye,Rusatira,RURAL,GOVERNMENT_AIDED,Preprimary + Primary + Ordinal Level + General upper secondary,80.2303237915039,1.0,1,1.0,58.0,0.0,69.5007882999947,2.0
241104,KATO PRIMARY SCHOOL,South,Huye,Rusatira,RURAL,PUBLIC,Preprimary + Primary,58.40517425537109,,1,0.0,64.0,0.0,69.5085245901639,1.0
241105,EP KIMUNA,South,Huye,Rusatira,RURAL,PUBLIC,Preprimary + Primary,55.01165390014648,1.0,1,0.0,64.0,0.0,69.2010658913639,1.0
241106,EP KIRUHURA,South,Huye,Rusatira,RURAL,GOVERNMENT_AIDED,Preprimary + Primary,64.40809631347656,1.0,1,0.0,58.0,0.0,67.5238993710692,1.0
241107,GS KOTANA,South,Huye,Rusatira,RURAL,PUBLIC,Preprimary + Primary + Ordinal Level,76.63043975830078,1.0,1,0.0,64.0,0.0,71.91960293845305,2.0
241108,EP MUGOGWE,,,,,,,67.79279327392578,,0,,,,72.2784561304491,1.0
241201,EP GASHOBA,,,,,,,76.0330581665039,,0,,,,,
241202,GS SHEKE,South,Huye,Rwaniro,RURAL,GOVERNMENT_AIDED,Preprimary + Primary + Ordinal Level,40.49773788452148,1.0,1,1.0,58.0,0.0,58.16810133513695,2.0
241203,GS KAMWAMBI,,,,,,,48.40637588500977,,0,,,,70.3483636694504,2.0
241204,EP MWENDO,South,Huye,Rwaniro,RURAL,PUBLIC,Preprimary + Primary,48.61538314819336,,1,0.0,64.0,0.0,69.3033739837398,1.0
241205,EP RUGARAMA,South,Huye,Rwaniro,RURAL,GOVERNMENT_AIDED,Preprimary + Primary,66.10169219970703,,0,1.0,58.0,0.0,65.7619640062598,1.0
241302,CYENDAJURU PRIMARY SCHOOL,South,Huye,Simbi,RURAL,PUBLIC,Preprimary + Primary,59.375,1.0,1,0.0,64.0,0.0,60.1247190293742,1.0
241304,GS GISAKURA,South,Huye,Simbi,RURAL,GOVERNMENT_AIDED,Preprimary + Primary + Ordinal Level + General upper secondary,68.63013458251953,,1,0.0,58.0,0.0,72.9144184681313,2.0
241305,GS KABUSANZA,South,Huye,Simbi,RURAL,GOVERNMENT_AIDED,Preprimary + Primary + Ordinal Level,47.17741775512695,1.0,1,0.0,58.0,0.0,61.32051169325381,2.0
241306,GS SIMBI,South,Huye,Simbi,RURAL,GOVERNMENT_AIDED,Preprimary + Primary + Ordinal Level + TVET,55.46448135375977,1.0,1,0.0,58.0,0.0,69.6403230391065,2.0
241307,EP  ICYEREKEZO,,,,,,,53.90334701538086,,0,,,,71.8777253668763,1.0
241310,NTOBWE PRIMARY,,,,,,,80.85106658935547,,0,,,,68.8977558241007,1.0
241402,GS CYARWA,South,Huye,Tumba,URBAN,GOVERNMENT_AIDED,Preprimary + Primary + Ordinal Level + General upper secondary,75.72093200683594,1.0,1,0.0,58.0,1.0,77.1571291197843,1.0
241403,MPARE Primary School,South,Huye,Tumba,RURAL,PUBLIC,Preprimary + Primary,74.36974334716797,1.0,1,0.0,64.0,1.0,64.5148717948718,1.0
241405,EP URUNANA,,,,,,,26.95035362243652,,0,,,,58.9313492063492,1.0
241406,GS MUSANGE,South,Huye,Tumba,RURAL,GOVERNMENT_AIDED,Preprimary + Primary + Ordinal Level,82.48299407958984,1.0,1,1.0,58.0,0.0,67.5154857399845,2.0
241413,ECOLE PRIMAIRE TUMBA,South,Huye,Tumba,URBAN,GOVERNMENT_AIDED,Preprimary + Primary,75.41477966308594,1.0,1,0.0,58.0,0.0,,
241414,ECOLE PRIMAIRE IKIBONDO,South,Huye,Tumba,URBAN,PRIVATE,Preprimary + Primary,100.0,1.0,1,1.0,32.0,0.0,,
241417,AMIZERO PS,South,Huye,Tumba,URBAN,PUBLIC,Preprimary + Primary,58.96551513671875,1.0,1,0.0,64.0,1.0,74.0657140214576,1.0
250102,EP GIFURWE,,,,,,,62.5,,0,,,,83.4982608137595,1.0
250104,EP BUSHIGISHIGI,South,Nyamagabe,Buruhukiro,RURAL,GOVERNMENT_AIDED,Preprimary + Primary,72.17124938964844,1.0,1,0.0,58.0,0.0,82.6012878107218,1.0
250105,GSKIZIMYAMURIRO,,,,,,,46.06741714477539,,0,,,,84.37308601412616,2.0
250106,GS KIBYAGIRA,South,Nyamagabe,Buruhukiro,RURAL,GOVERNMENT_AIDED,Preprimary + Primary + Ordinal Level + General upper secondary,53.34928131103516,1.0,1,1.0,58.0,0.0,86.50867242788101,2.0
250107,GS RUGOGWE,,,,,,,68.36734771728516,,0,,,,79.63265804942901,2.0
250108,EP MUNINI,,,,,,,64.61538696289062,,0,,,,,
250109,EP KIZIMYAMURIRO,South,Nyamagabe,Buruhukiro,RURAL,GOVERNMENT_AIDED,Preprimary + Primary,57.40740966796875,1.0,1,0.0,58.0,0.0,66.1550810989739,1.0
250201,ECOLE PRIMAIRE  MUGOMBWA,South,Nyamagabe,Cyanika,RURAL,GOVERNMENT_AIDED,Preprimary + Primary,49.58333206176758,1.0,1,0.0,58.0,0.0,73.5548850011114,1.0
250202,ECOLE PRIMAIRE NYANZOGA,South,Nyamagabe,Cyanika,RURAL,GOVERNMENT_AIDED,Preprimary + Primary,65.45454406738281,1.0,1,0.0,58.0,0.0,78.1263102725367,1.0
250203,GROUPE SCOLAIRE  NGOMA,South,Nyamagabe,Cyanika,RURAL,GOVERNMENT_AIDED,Preprimary + Primary + Ordinal Level,49.57265090942383,1.0,1,0.0,58.0,0.0,76.1639070436379,2.0
250204,GROUPE SCOLAIRE RUGOGWE-CYANIKA,South,Nyamagabe,Cyanika,RURAL,PUBLIC,Preprimary + Primary + Ordinal Level,73.35025787353516,1.0,1,0.0,64.0,0.0,81.988462199862,2.0
250205,GROUPE SCOLAIRE SAINT NICOLAS CYANIKA,South,Nyamagabe,Cyanika,RURAL,GOVERNMENT_AIDED,Preprimary + Primary + Ordinal Level + General upper secondary,56.93581771850586,1.0,1,1.0,58.0,0.0,77.73042923627031,2.0
250207,GS KIYUMBA,,,,,,,47.36842346191406,,0,,,,73.93335359658964,3.0
250211,EP KIGARAMA,,,,,,,59.81308364868164,,0,,,,76.0560389005357,1.0
250304,GS GASAKA,South,Nyamagabe,Gasaka,RURAL,GOVERNMENT_AIDED,Preprimary + Primary + Ordinal Level + General upper secondary,33.33333587646484,1.0,1,1.0,58.0,1.0,74.51687314764035,2.0
250308,G S KIGEME B,South,Nyamagabe,Gasaka,RURAL,GOVERNMENT_AIDED,Preprimary + Primary + Ordinal Level,58.39909744262695,1.0,1,1.0,58.0,0.0,81.1571372398835,1.0
250310,EP MUNOMBE,,,,,,,45.08670425415039,,0,,,,58.8442658306596,1.0
250311,GS GIKONGORO,South,Nyamagabe,Gasaka,URBAN,GOVERNMENT_AIDED,Preprimary + Primary + Ordinal Level + General upper secondary,65.64344787597656,1.0,1,1.0,58.0,0.0,81.5840380635057,2.0
250319,ECOLE INTERNATIONALE,South,Nyamagabe,Gasaka,URBAN,PRIVATE,Preprimary + Primary,82.14286041259766,1.0,1,1.0,32.0,0.0,,
250401,EP NGANZO,,,,,,,63.85068893432617,,0,,,,82.9933628740233,1.0
250402,EPGAKOMA,South,Nyamagabe,Gatare,RURAL,GOVERNMENT_AIDED,Preprimary + Primary,56.52173614501953,,1,0.0,58.0,0.0,65.8998268275596,1.0
250404,EP GIKUNGU,,,,,,,60.41666793823242,,0,,,,79.1540880503145,1.0
250405,GROUPE SCOLAIRE GATARE,South,Nyamagabe,Gatare,RURAL,GOVERNMENT_AIDED,Preprimary + Primary + Ordinal Level + General upper secondary + TVET,60.52631759643555,1.0,1,0.0,58.0,0.0,,
250410,GS MUHINGO,South,Nyamagabe,Gatare,RURAL,GOVERNMENT_AIDED,Preprimary + Primary + Ordinal Level,33.57798004150391,,1,1.0,58.0,0.0,79.8098632325047,1.0
250501,EPKADUHAB,,,,,,,74.80619812011719,,0,,,,,
250502,EPKIREHEC,South,Nyamagabe,Kaduha,RURAL,GOVERNMENT_AIDED,Preprimary + Primary,80.76922607421875,1.0,1,0.0,58.0,0.0,81.9974681502983,1.0
250504,EPMUGOTE,South,Nyamagabe,Kaduha,RURAL,GOVERNMENT_AIDED,Preprimary + Primary,65.59139251708984,1.0,1,0.0,58.0,0.0,82.2563178959406,1.0
250508,GSKADUHAA,South,Nyamagabe,Kaduha,RURAL,GOVERNMENT_AIDED,Preprimary + Primary + Ordinal Level + General upper secondary,52.15827178955078,1.0,1,1.0,58.0,0.0,86.29551318842576,2.0
250509,GSMusenyi,South,Nyamagabe,Kaduha,RURAL,GOVERNMENT_AIDED,Preprimary + Primary + Ordinal Level,66.03053283691406,,1,0.0,58.0,0.0,78.05735639767195,2.0
250601,BWAMA PRIMARY SCHOOL,South,Nyamagabe,Kamegeri,RURAL,GOVERNMENT_AIDED,Preprimary + Primary,72.37569427490234,1.0,1,0.0,58.0,1.0,76.6338337729086,1.0
250602,EP BARO,South,Nyamagabe,Kamegeri,RURAL,GOVERNMENT_AIDED,Preprimary + Primary,74.76190185546875,1.0,1,0.0,58.0,0.0,75.3687600644122,1.0
250603,GS RUSUSA,South,Nyamagabe,Kamegeri,RURAL,GOVERNMENT_AIDED,Preprimary + Primary + Ordinal Level,23.54740142822266,1.0,1,1.0,58.0,0.0,78.48801003734886,2.0
250604,GS St JOSEPH KIZI,South,Nyamagabe,Kamegeri,RURAL,GOVERNMENT_AIDED,Preprimary + Primary + Ordinal Level + General upper secondary,50.8875732421875,,0,1.0,58.0,0.0,79.86517061879326,2.0
250605,GS Saint Vincent de Paul KAMEGERI,South,Nyamagabe,Kamegeri,RURAL,GOVERNMENT_AIDED,Preprimary + Primary + Ordinal Level,51.79063034057617,,1,0.0,58.0,0.0,80.22604213691835,2.0
250607,EP KIREHE,South,Nyamagabe,Kamegeri,RURAL,GOVERNMENT_AIDED,Preprimary + Primary,46.89265441894531,1.0,1,0.0,58.0,0.0,68.6155740646307,1.0
250701,EPKIRARO C,South,Nyamagabe,Kibirizi,RURAL,GOVERNMENT_AIDED,Preprimary + Primary,33.7931022644043,,1,0.0,58.0,0.0,74.5229991367616,1.0
250702,GS KIRARO P,South,Nyamagabe,Kibirizi,RURAL,GOVERNMENT_AIDED,Primary + Ordinal Level + General upper secondary,33.33333587646484,1.0,1,1.0,58.0,1.0,70.4033568025263,2.0
250703,GSBUGARAMA,South,Nyamagabe,Kibirizi,RURAL,GOVERNMENT_AIDED,Preprimary + Primary + Ordinal Level + TVET,58.33333206176758,1.0,1,0.0,58.0,0.0,,
250801,BWENDA PRIMARYSCHOOL,,,,,,,70.29703521728516,,0,,,,86.3647798742138,1.0
250802,GAKANKA PRIMARY SCHOOL,South,Nyamagabe,Kibumbwe,RURAL,GOVERNMENT_AIDED,Preprimary + Primary + Ordinal Level,65.48223876953125,,1,0.0,58.0,0.0,85.7018169112509,1.0
250803,GROUPE SCOLAIRE KIBUMBWE,South,Nyamagabe,Kibumbwe,RURAL,GOVERNMENT_AIDED,Preprimary + Primary + Ordinal Level + General upper secondary,60.06097793579102,1.0,1,1.0,58.0,0.0,82.44472413644745,2.0
250805,GS KINYANA,South,Nyamagabe,Kibumbwe,RURAL,GOVERNMENT_AIDED,Preprimary + Primary + Ordinal Level + General upper secondary,81.81818389892578,,0,1.0,58.0,0.0,84.75682940559619,2.0
250904,EP CYUMUSHYIKA,South,Nyamagabe,Kitabi,RURAL,GOVERNMENT_AIDED,Preprimary + Primary,63.5,1.0,1,0.0,58.0,0.0,81.4882613282909,1.0
250909,EP UWINGUGU,South,Nyamagabe,Kitabi,RURAL,GOVERNMENT_AIDED,Preprimary + Primary,54.09836196899414,1.0,1,0.0,58.0,0.0,43.7064493339379,1.0
250911,GS SHABA,South,Nyamagabe,Kitabi,RURAL,GOVERNMENT_AIDED,Primary + Ordinal Level + General upper secondary,51.85185241699219,1.0,1,0.0,58.0,0.0,71.40897221315785,2.0
250912,EP KUMUGANZA,,,,,,,62.33183670043945,,0,,,,,
251004,GS MBAZI,South,Nyamagabe,Mbazi,RURAL,GOVERNMENT_AIDED,Preprimary + Primary + Ordinal Level + General upper secondary + TVET,43.29670333862305,1.0,1,1.0,58.0,0.0,82.8004692734653,2.0
251006,GS MUTIWINGOMA,South,Nyamagabe,Mbazi,RURAL,GOVERNMENT_AIDED,Preprimary + Primary + Ordinal Level,50.8982048034668,1.0,1,0.0,58.0,0.0,79.42769130722931,2.0
251103,GS MASO,South,Nyamagabe,Mugano,RURAL,GOVERNMENT_AIDED,Preprimary + Primary + Ordinal Level + General upper secondary + TVET,48.17073059082031,1.0,0,1.0,58.0,1.0,69.3165583753528,2.0
251202,EP KIBAGA,South,Nyamagabe,Musange,RURAL,PUBLIC,Preprimary + Primary,44.83870697021484,1.0,1,0.0,64.0,1.0,74.5723918557544,1.0
251203,GS GASAVE,South,Nyamagabe,Musange,RURAL,GOVERNMENT_AIDED,Preprimary + Primary + Ordinal Level,53.30396270751953,1.0,1,1.0,58.0,0.0,77.09415709018691,2.0
251207,GS MUTAKARA,,,,,,,39.28571319580078,,0,,,,76.42618380817945,2.0
251209,EP  NYAGISOZI,South,Nyamagabe,Musange,RURAL,GOVERNMENT_AIDED,Preprimary + Primary,74.0740737915039,1.0,1,0.0,58.0,0.0,74.9593100819516,1.0
251301,EP RUGANO,,,,,,,79.54545593261719,,0,,,,74.360347409404,1.0
251303,EP NYARURAMBI,South,Nyamagabe,Musebeya,RURAL,GOVERNMENT_AIDED,Preprimary + Primary,57.92682647705078,,1,0.0,58.0,0.0,75.6016227676109,1.0
251304,GS RUSEKERA,South,Nyamagabe,Musebeya,RURAL,GOVERNMENT_AIDED,Preprimary + Primary + Ordinal Level,62.08112716674805,1.0,1,1.0,58.0,0.0,81.07597564031136,2.0
251305,GS SEKERA,South,Nyamagabe,Musebeya,RURAL,GOVERNMENT_AIDED,Preprimary + Primary + Ordinal Level + General upper secondary + TVET,32.87356185913086,1.0,0,1.0,58.0,1.0,64.3380038800715,2.0
251308,EP GATOVU,South,Nyamagabe,Musebeya,RURAL,GOVERNMENT_AIDED,Preprimary + Primary,68.34319305419922,1.0,1,0.0,58.0,1.0,86.0331541218638,1.0
251401,BUTETERI,South,Nyamagabe,Mushubi,RURAL,GOVERNMENT_AIDED,Preprimary + Primary + Ordinal Level + TVET,47.01986694335938,1.0,1,0.0,58.0,0.0,,
251404,EP NYAGISUMO,South,Nyamagabe,Mushubi,RURAL,GOVERNMENT_AIDED,Preprimary + Primary,100.0,1.0,1,0.0,58.0,0.0,75.0822177298592,1.0
251407,GS MUSHUBI,South,Nyamagabe,Mushubi,RURAL,GOVERNMENT_AIDED,Preprimary + Primary + Ordinal Level + General upper secondary,65.81196594238281,1.0,1,1.0,58.0,0.0,82.73098920245386,2.0
251501,GS BITANDARA,South,Nyamagabe,Nkomane,RURAL,GOVERNMENT_AIDED,Preprimary + Primary + Ordinal Level + General upper secondary + TVET,41.17647171020508,1.0,1,1.0,58.0,0.0,,
251503,EP BUHANZI,South,Nyamagabe,Nkomane,RURAL,GOVERNMENT_AIDED,Preprimary + Primary,54.62185287475586,1.0,1,0.0,58.0,0.0,78.3548505290552,1.0
251505,GS MUTENGERI,South,Nyamagabe,Nkomane,RURAL,GOVERNMENT_AIDED,Preprimary + Primary + Ordinal Level,37.06293869018555,1.0,1,1.0,58.0,0.0,71.95762057793185,2.0
251506,EP TWIYA,South,Nyamagabe,Nkomane,RURAL,GOVERNMENT_AIDED,Preprimary + Primary,69.60784149169922,1.0,1,0.0,58.0,0.0,76.9172770995191,1.0
251507,GS MUSARABA,South,Nyamagabe,Nkomane,RURAL,GOVERNMENT_AIDED,Preprimary + Primary + Ordinal Level + General upper secondary,58.65724182128906,1.0,1,1.0,58.0,0.0,69.52299798675585,2.0
251509,EP NKOMANE,South,Nyamagabe,Nkomane,RURAL,PUBLIC,Preprimary + Primary,84.68084716796875,1.0,1,0.0,64.0,0.0,,
251603,GS GISANZE,South,Nyamagabe,Tare,RURAL,GOVERNMENT_AIDED,Preprimary + Primary + Ordinal Level,54.60526275634766,,1,0.0,58.0,0.0,83.35312261947485,2.0
251604,GS NGORORERO,South,Nyamagabe,Tare,RURAL,GOVERNMENT_AIDED,Preprimary + Primary + Ordinal Level + General upper secondary,37.25490188598633,1.0,1,1.0,58.0,0.0,79.12011344949585,2.0
251605,GS NKUMBURE  TSS,South,Nyamagabe,Tare,RURAL,GOVERNMENT_AIDED,Preprimary + Primary + Ordinal Level + General upper secondary + TVET,70.12448120117188,1.0,1,1.0,58.0,0.0,,
251607,EP KIGUSA,,,,,,,90.47618865966797,,0,,,,68.4564000712958,1.0
251610,GS UWINKOMO,South,Nyamagabe,Tare,URBAN,GOVERNMENT_AIDED,Preprimary + Primary + Ordinal Level + General upper secondary,55.23385238647461,1.0,1,1.0,58.0,0.0,85.86154534359414,2.0
251611,EP MUSE,South,Nyamagabe,Tare,URBAN,GOVERNMENT_AIDED,Preprimary + Primary,68.42105102539062,1.0,1,0.0,58.0,0.0,65.1821318275061,1.0
251612,EP KIMINA,South,Nyamagabe,Tare,RURAL,PUBLIC,Preprimary + Primary,86.1111068725586,1.0,1,0.0,64.0,0.0,62.3774588328047,1.0
251704,MBUGA PS,South,Nyamagabe,Uwinkingi,RURAL,GOVERNMENT_AIDED,Preprimary + Primary,83.74384307861328,1.0,1,0.0,58.0,0.0,83.1023259032845,1.0
251705,GS MUNINI,South,Nyamagabe,Uwinkingi,RURAL,GOVERNMENT_AIDED,Preprimary + Primary + Ordinal Level,58.32426452636719,1.0,1,1.0,58.0,0.0,82.17330583462655,2.0
251711,GS SUBUKINIRO,,,,,,,48.2288818359375,,0,,,,77.19545024968915,2.0
260105,EP ETOILE DU MATIN,South,Ruhango,Bweramana,URBAN,PRIVATE,Preprimary + Primary,93.22034454345703,1.0,1,0.0,32.0,0.0,,
260106,EP GITISI CATHOLIQUE,South,Ruhango,Bweramana,RURAL,GOVERNMENT_AIDED,Preprimary + Primary,67.49116516113281,1.0,1,0.0,58.0,0.0,73.1499692516109,1.0
260108,GS GITISI ADVENTISTE,South,Ruhango,Bweramana,RURAL,GOVERNMENT_AIDED,Preprimary + Primary + Ordinal Level,61.42131805419922,1.0,1,1.0,58.0,0.0,76.1181955274875,2.0
260109,EP JOMA,South,Ruhango,Bweramana,RURAL,GOVERNMENT_AIDED,Preprimary + Primary,68.80000305175781,1.0,1,0.0,58.0,0.0,74.2808814680696,1.0
260110,GS MURAMA,South,Ruhango,Bweramana,RURAL,GOVERNMENT_AIDED,Preprimary + Primary + Ordinal Level + General upper secondary,67.93785095214844,1.0,1,0.0,58.0,0.0,75.1532213472588,1.0
260111,EP NYARUBUYE,,,,,,,48.35165023803711,,0,,,,,
260113,GS RUSORORO,South,Ruhango,Bweramana,URBAN,GOVERNMENT_AIDED,Preprimary + Primary + Ordinal Level,68.55345916748047,1.0,1,0.0,58.0,1.0,70.79519133713555,2.0
260114,GS RWINYANA,South,Ruhango,Bweramana,RURAL,GOVERNMENT_AIDED,Preprimary + Primary + Ordinal Level,46.5587043762207,1.0,1,1.0,58.0,1.0,76.2860468332087,2.0
260116,GS Rubona,South,Ruhango,Bweramana,RURAL,PUBLIC,Preprimary + Primary + Ordinal Level + General upper secondary,41.05691146850586,1.0,1,0.0,64.0,1.0,75.13181817828274,2.0
260206,BISIKA PRIMARY SCHOOL,South,Ruhango,Byimana,RURAL,GOVERNMENT_AIDED,Preprimary + Primary,44.05594635009766,1.0,1,0.0,58.0,0.0,73.9061161243278,1.0
260207,GS BYIMANA,South,Ruhango,Byimana,RURAL,GOVERNMENT_AIDED,Preprimary + Primary + Ordinal Level,65.51351928710938,1.0,1,0.0,58.0,1.0,77.5158695986154,1.0
260208,GS GAHENGELI,South,Ruhango,Byimana,RURAL,GOVERNMENT_AIDED,Preprimary + Primary + Ordinal Level + General upper secondary,63.07692718505859,1.0,1,0.0,58.0,0.0,84.43957748890679,2.0
260209,GS BUKOMERO,South,Ruhango,Byimana,RURAL,GOVERNMENT_AIDED,Preprimary + Primary + Ordinal Level + General upper secondary,66.2292251586914,1.0,1,1.0,58.0,0.0,88.0483515459726,2.0
260210,GS MPANDA,South,Ruhango,Byimana,RURAL,PUBLIC,Preprimary + Primary + Ordinal Level,70.17208099365234,1.0,1,1.0,64.0,0.0,87.5145422607371,2.0
260211,KAGEYO PRIMARY SCHOOL,South,Ruhango,Byimana,RURAL,GOVERNMENT_AIDED,Preprimary + Primary,68.75,1.0,1,0.0,58.0,0.0,75.5299185447652,1.0
260212,MAHEMBE PRIMARY SCHOOL,South,Ruhango,Byimana,RURAL,GOVERNMENT_AIDED,Preprimary + Primary,61.31868362426758,1.0,1,0.0,58.0,0.0,79.8216457023061,1.0
260213,MUGOMBA PRIMARY SCHOOL,South,Ruhango,Byimana,RURAL,PUBLIC,Preprimary + Primary,75.4717025756836,1.0,1,0.0,64.0,0.0,83.4411694678147,1.0
260222,ECOLE PRIMAIRE MAYEBE,,,,,,,70.1754379272461,,0,,,,70.0996415718946,1.0
260223,Bright Future Academy,South,Ruhango,Byimana,RURAL,PRIVATE,Preprimary + Primary,100.0,1.0,1,0.0,32.0,0.0,,
260229,EP KIRENGERE,South,Ruhango,Byimana,RURAL,PUBLIC,Preprimary + Primary,63.80255889892578,1.0,1,0.0,64.0,0.0,81.4270227969431,1.0
260302,GS MUNANIRA,South,Ruhango,Kabagali,RURAL,GOVERNMENT_AIDED,Preprimary + Primary + Ordinal Level + General upper secondary,77.95698547363281,1.0,1,0.0,58.0,1.0,79.05432799568865,2.0
260303,KANYINYA,South,Ruhango,Kabagali,RURAL,GOVERNMENT_AIDED,Preprimary + Primary,56.89045715332031,1.0,1,0.0,58.0,0.0,75.2052160740141,1.0
260304,GS KARAMBI,South,Ruhango,Kabagali,RURAL,PUBLIC,Preprimary + Primary + Ordinal Level + General upper secondary,47.86585235595703,1.0,1,1.0,64.0,0.0,82.4049062526625,2.0
260305,GS NZUKI,South,Ruhango,Kabagali,RURAL,GOVERNMENT_AIDED,Preprimary + Primary + Ordinal Level,53.71286773681641,1.0,1,1.0,58.0,0.0,75.2431915404601,1.0
260306,GS RUHARE,South,Ruhango,Kabagali,RURAL,GOVERNMENT_AIDED,Preprimary + Primary + Ordinal Level,46.73748016357422,1.0,1,1.0,58.0,1.0,83.71086410502406,2.0
260307,RWESERO PRIMARY SCHOOL,South,Ruhango,Kabagali,RURAL,GOVERNMENT_AIDED,Preprimary + Primary,54.00000381469727,1.0,1,0.0,58.0,1.0,71.8754280436895,1.0
260310,SCTURERENEZA,South,Ruhango,Kabagali,RURAL,PRIVATE,Preprimary + Primary,100.0,1.0,1,0.0,32.0,0.0,,
260312,RUSEBEYA PS,,,,,,,74.4186019897461,,0,,,,,
260313,EP Kavumu,South,Ruhango,Kabagali,RURAL,GOVERNMENT_AIDED,Preprimary + Primary,53.26633453369141,1.0,1,0.0,58.0,0.0,71.8623188405797,1.0
260404,GAKO PRIMARY SCHOOL,South,Ruhango,Kinazi,RURAL,GOVERNMENT_AIDED,Preprimary + Primary,68.51312255859375,1.0,1,0.0,58.0,0.0,77.3927262783702,1.0
260405,EP GASHIKE,,,,,,,49.57983016967773,,0,,,,,
260406,GS GISARI,South,Ruhango,Kinazi,RURAL,GOVERNMENT_AIDED,Preprimary + Primary + Ordinal Level,44.81481552124023,1.0,1,1.0,58.0,0.0,78.1539405087119,2.0
260407,KARAMA PRIMARY SCHOOL,South,Ruhango,Kinazi,RURAL,GOVERNMENT_AIDED,Preprimary + Primary,65.48672485351562,1.0,1,0.0,58.0,0.0,74.8355833455219,1.0
260408,KINAZI PRIMARY SCHOOL,South,Ruhango,Kinazi,RURAL,GOVERNMENT_AIDED,Preprimary + Primary,58.16164779663086,1.0,1,0.0,58.0,1.0,77.3163413576231,1.0
260409,MPEMBA PRIMARY SCHOOL,South,Ruhango,Kinazi,RURAL,GOVERNMENT_AIDED,Preprimary + Primary,58.44748687744141,1.0,1,0.0,58.0,0.0,78.4610427490657,1.0
260410,GS NYARUGENGE,South,Ruhango,Kinazi,RURAL,GOVERNMENT_AIDED,Preprimary + Primary + Ordinal Level + General upper secondary,67.85328674316406,1.0,1,0.0,58.0,0.0,74.23572730945921,2.0
260411,GS RUTABO A,South,Ruhango,Kinazi,RURAL,PUBLIC,Preprimary + Primary + Ordinal Level,36.8045654296875,1.0,1,1.0,64.0,1.0,75.72639323325905,2.0
260412,GS RUTABO B,South,Ruhango,Kinazi,RURAL,GOVERNMENT_AIDED,Preprimary + Primary + Ordinal Level,32.38993453979492,1.0,1,1.0,58.0,0.0,81.474899449882,1.0
260415,KAKIRU PS,South,Ruhango,Kinazi,RURAL,PUBLIC,Preprimary + Primary,68.51851654052734,1.0,1,0.0,64.0,0.0,73.8013293310463,1.0
260416,KAKIRENZI PS,South,Ruhango,Kinazi,RURAL,PUBLIC,Preprimary + Primary,75.53763580322266,1.0,1,0.0,64.0,1.0,78.8981403835702,1.0
260418,EP KIBANDA,South,Ruhango,Kinazi,RURAL,PUBLIC,Preprimary + Primary,53.66666793823242,1.0,1,0.0,64.0,0.0,76.2532243989046,1.0
260420,KINAZI BRIGHT PARENT SCHOOL,,,,,,,100.0,,0,,,,,
260501,GS BWERAMVURA,South,Ruhango,Kinihira,RURAL,GOVERNMENT_AIDED,Preprimary + Primary + Ordinal Level,79.89949798583984,1.0,1,1.0,58.0,0.0,79.0721001093779,1.0
260504,GS MUYUNZWE,South,Ruhango,Kinihira,RURAL,GOVERNMENT_AIDED,Preprimary + Primary + Ordinal Level,51.56626892089844,1.0,1,0.0,58.0,0.0,73.8749605964462,2.0
260505,EPKABIRIZI,South,Ruhango,Kinihira,RURAL,GOVERNMENT_AIDED,Preprimary + Primary,67.02127075195312,1.0,1,0.0,58.0,0.0,69.8542571683293,1.0
260506,GS KABUGA K,South,Ruhango,Kinihira,RURAL,GOVERNMENT_AIDED,Preprimary + Primary + Ordinal Level,76.01586151123047,1.0,1,1.0,58.0,0.0,75.2696013891034,2.0
260508,EP NYAGATOVU,South,Ruhango,Kinihira,RURAL,GOVERNMENT_AIDED,Preprimary + Primary,72.64957427978516,1.0,1,0.0,58.0,0.0,68.6923480083857,1.0
260509,GSNYARUTOVU,,,,,,,78.50746154785156,,0,,,,66.7549283299679,1.0
260510,GIHORORO PS,South,Ruhango,Kinihira,RURAL,GOVERNMENT_AIDED,Preprimary + Primary,72.54901885986328,1.0,1,0.0,58.0,0.0,,
260513,Saint Pierre Muremure Primary School,,,,,,,85.96491241455078,,0,,,,,
260601,GS KIZIBERE,South,Ruhango,Mbuye,RURAL,GOVERNMENT_AIDED,Preprimary + Primary + Ordinal Level + General upper secondary,61.81818389892578,1.0,1,1.0,58.0,0.0,82.39178824934345,2.0
260602,CYANZA PRIMARY SCHOOL,South,Ruhango,Mbuye,RURAL,GOVERNMENT_AIDED,Preprimary + Primary,23.90670585632324,1.0,1,0.0,58.0,0.0,75.0342296977334,1.0
260603,GISANGA PRIMARY SCHOOL,South,Ruhango,Mbuye,URBAN,GOVERNMENT_AIDED,Preprimary + Primary,46.88172149658203,1.0,1,0.0,58.0,0.0,72.3863444793706,1.0
260605,GS MBUYE,South,Ruhango,Mbuye,URBAN,PUBLIC,Preprimary + Primary + Ordinal Level + General upper secondary + TVET,43.06569290161133,1.0,1,1.0,64.0,0.0,74.3729822461347,2.0
260606,GS KABUGA M,South,Ruhango,Mbuye,RURAL,GOVERNMENT_AIDED,Preprimary + Primary + Ordinal Level,60.48387145996094,1.0,1,1.0,58.0,1.0,78.3623714563113,1.0
260607,GS MWENDO M,South,Ruhango,Mbuye,RURAL,GOVERNMENT_AIDED,Preprimary + Primary + Ordinal Level,59.91678237915039,1.0,1,1.0,58.0,0.0,75.1679870822098,1.0
260609,EP GISHALI,South,Ruhango,Mbuye,RURAL,GOVERNMENT_AIDED,Preprimary + Primary,69.41812896728516,1.0,1,0.0,58.0,0.0,80.3396523356115,1.0
260610,EP MUSENYI,South,Ruhango,Mbuye,RURAL,GOVERNMENT_AIDED,Preprimary + Primary,75.69444274902344,1.0,1,0.0,58.0,0.0,73.652936170482,1.0
260611,CYOBE PS,South,Ruhango,Mbuye,RURAL,PUBLIC,Preprimary + Primary,54.10959243774414,1.0,1,0.0,64.0,0.0,68.084336837167,1.0
260612,MATABA PS,South,Ruhango,Mbuye,RURAL,PUBLIC,Preprimary + Primary,59.1939582824707,,1,0.0,64.0,0.0,,
260613,BUREMERA PS,,,,,,,78.65853881835938,,0,,,,78.4759279812554,1.0
260701,GS MWENDO R,South,Ruhango,Mwendo,RURAL,GOVERNMENT_AIDED,Preprimary + Primary + Ordinal Level + General upper secondary,36.71706390380859,1.0,1,1.0,58.0,1.0,77.1101577619099,2.0
260702,SARUHESHYI PS,South,Ruhango,Mwendo,RURAL,PUBLIC,Preprimary + Primary,77.85713958740234,1.0,1,0.0,64.0,0.0,,
260703,NYABIBUGU  PS,,,,,,,56.04026794433594,,0,,,,65.7841868823001,1.0
260708,GS GISEKE,South,Ruhango,Mwendo,RURAL,GOVERNMENT_AIDED,Preprimary + Primary + Ordinal Level,75.64402770996094,1.0,1,1.0,58.0,0.0,72.4806167109164,1.0
260709,GS MUTARA,South,Ruhango,Mwendo,RURAL,GOVERNMENT_AIDED,Preprimary + Primary + Ordinal Level + General upper secondary,41.54929351806641,1.0,1,1.0,58.0,0.0,77.6619678223208,1.0
260710,GS RWINGWE,South,Ruhango,Mwendo,RURAL,GOVERNMENT_AIDED,Preprimary + Primary + Ordinal Level,76.96879577636719,1.0,1,1.0,58.0,0.0,75.4388279176293,1.0
260711,EP Gishweru,South,Ruhango,Mwendo,RURAL,GOVERNMENT_AIDED,Preprimary + Primary,53.65853881835938,1.0,1,0.0,58.0,0.0,,
260801,GIKOMA UEBR,South,Ruhango,Ntongwe,RURAL,GOVERNMENT_AIDED,Preprimary + Primary,54.5,1.0,1,0.0,58.0,1.0,77.5359372275501,1.0
260802,GS CYIMANA,South,Ruhango,Ntongwe,RURAL,GOVERNMENT_AIDED,Preprimary + Primary + Ordinal Level,30.59210395812988,1.0,1,0.0,58.0,0.0,77.8811556479871,2.0
260803,GS MUTIMA,South,Ruhango,Ntongwe,RURAL,PUBLIC,Preprimary + Primary + Ordinal Level,44.18103408813477,1.0,1,0.0,64.0,0.0,79.670977293841,1.0
260804,GS NTONGWE,South,Ruhango,Ntongwe,RURAL,GOVERNMENT_AIDED,Preprimary + Primary + Ordinal Level + General upper secondary,57.10306167602539,1.0,1,1.0,58.0,0.0,,
260805,GS NYAGISOZI,South,Ruhango,Ntongwe,RURAL,GOVERNMENT_AIDED,Preprimary + Primary + Ordinal Level,50.73170471191406,1.0,1,0.0,58.0,1.0,76.8691562018482,1.0
260806,NTUNGAMO,,,,,,,100.0,,0,,,,75.958023859439,1.0
260807,NYAKABUNGO,South,Ruhango,Ntongwe,RURAL,GOVERNMENT_AIDED,Preprimary + Primary,38.05309677124023,1.0,1,0.0,58.0,0.0,76.312759420597,1.0
260808,NYARURAMA ADVENTIST,South,Ruhango,Ntongwe,RURAL,GOVERNMENT_AIDED,Preprimary + Primary,64.0625,1.0,1,0.0,58.0,0.0,77.7701178250139,1.0
260809,NYARURAMA CATHOLIC,South,Ruhango,Ntongwe,RURAL,GOVERNMENT_AIDED,Preprimary + Primary,72.3970947265625,1.0,1,0.0,58.0,0.0,,
260810,KAREBA PRIMARY SCHOOL,South,Ruhango,Ntongwe,RURAL,GOVERNMENT_AIDED,Preprimary + Primary,91.14832305908203,1.0,1,0.0,58.0,0.0,75.6091004990969,1.0
260812,MARIMBA PS,South,Ruhango,Ntongwe,RURAL,PUBLIC,Preprimary + Primary,73.5999984741211,1.0,1,0.0,64.0,0.0,76.7679968192005,1.0
260813,New vision Ntongwe parents school,South,Ruhango,Ntongwe,RURAL,PRIVATE,Preprimary + Primary,92.30769348144531,,1,0.0,32.0,0.0,,
260901,AMIZERO,South,Ruhango,Ruhango,URBAN,PRIVATE,Preprimary + Primary,94.73684692382812,1.0,1,0.0,32.0,0.0,,
260908,GIKOMA GVT,South,Ruhango,Ruhango,RURAL,PUBLIC,Preprimary + Primary + Ordinal Level,45.0,1.0,1,0.0,64.0,0.0,77.995110401131,2.0
260910,GS MUHORORO,South,Ruhango,Ruhango,RURAL,GOVERNMENT_AIDED,Preprimary + Primary + Ordinal Level,55.0335578918457,1.0,1,1.0,58.0,0.0,74.10070255041695,2.0
260911,GS MUNINI,South,Ruhango,Ruhango,RURAL,PUBLIC,Preprimary + Primary + Ordinal Level,57.29795074462891,1.0,1,1.0,64.0,0.0,86.1901828144,1.0
260912,GS NYAMAGANA,South,Ruhango,Ruhango,URBAN,GOVERNMENT_AIDED,Preprimary + Primary + Ordinal Level,41.11498260498047,1.0,1,0.0,58.0,1.0,80.35585537422665,2.0
260913,MUSAMO,South,Ruhango,Ruhango,URBAN,PUBLIC,Preprimary + Primary,66.22418975830078,1.0,1,0.0,64.0,0.0,75.5813164841991,1.0
260914,GS MUYANGE,South,Ruhango,Ruhango,URBAN,PUBLIC,Preprimary + Primary + Ordinal Level + General upper secondary,68.52458953857422,1.0,1,0.0,64.0,0.0,79.58552253120311,2.0
260915,GS NTENYO,South,Ruhango,Ruhango,RURAL,GOVERNMENT_AIDED,Preprimary + Primary + Ordinal Level,64.67662048339844,1.0,1,0.0,58.0,0.0,80.2376118525336,2.0
260916,NYUNDO PRIMARY SCHOOL,,,,,,,88.72858428955078,,0,,,,76.586000748742,1.0
260917,GS RUHANGO ADEPR,South,Ruhango,Ruhango,URBAN,GOVERNMENT_AIDED,Preprimary + Primary + Ordinal Level,80.7785873413086,1.0,1,0.0,58.0,0.0,83.6905816797491,2.0
260918,GS RUHANGO ADVENTIST,South,Ruhango,Ruhango,URBAN,GOVERNMENT_AIDED,Preprimary + Primary + Ordinal Level,75.4039535522461,1.0,1,1.0,58.0,0.0,81.5748304955396,2.0
260919,GS RUHANGO CATH,South,Ruhango,Ruhango,URBAN,GOVERNMENT_AIDED,Preprimary + Primary + Ordinal Level + General upper secondary,71.46529388427734,1.0,1,1.0,58.0,0.0,81.45762434323375,2.0
260920,TAMBWE,South,Ruhango,Ruhango,RURAL,GOVERNMENT_AIDED,Preprimary + Primary,69.95708465576172,1.0,1,0.0,58.0,0.0,66.673989457648,1.0
260930,SAINT VINCENT PALLOTTI SCHOOL,South,Ruhango,Ruhango,URBAN,PRIVATE,Preprimary + Primary,97.77777862548828,1.0,1,0.0,32.0,0.0,,
260931,BUSHENYI PS,South,Ruhango,Ruhango,URBAN,PUBLIC,Preprimary + Primary,77.29257202148438,1.0,1,0.0,64.0,1.0,74.2998203054807,1.0
260932,KINAMA PS,South,Ruhango,Ruhango,RURAL,PUBLIC,Preprimary + Primary,75.80644989013672,1.0,1,0.0,64.0,1.0,80.9325541708965,1.0
260933,NTINYINSHI PS,,,,,,,56.9620246887207,,0,,,,77.2053278922263,1.0
270101,BILINGAGA,South,Muhanga,Cyeza,RURAL,GOVERNMENT_AIDED,Preprimary + Primary,71.79487609863281,1.0,1,0.0,58.0,0.0,76.03800066203243,1.0
270105,BUSEKERA,,,,,,,32.58427047729492,,0,,,,73.8474783656657,1.0
270106,BWIRIKA,South,Muhanga,Cyeza,RURAL,GOVERNMENT_AIDED,Preprimary + Primary,9.40170955657959,1.0,1,0.0,58.0,0.0,77.4393279953491,1.0
270109,GSKIVUMU,South,Muhanga,Cyeza,RURAL,GOVERNMENT_AIDED,Preprimary + Primary + Ordinal Level,39.39393997192383,1.0,1,1.0,58.0,0.0,79.09134304813296,2.0
270112,GS SHOLI,South,Muhanga,Cyeza,RURAL,GOVERNMENT_AIDED,Preprimary + Primary + Ordinal Level + General upper secondary,5.454545497894287,1.0,1,1.0,58.0,0.0,77.54325216996425,2.0
270201,GS BURAMBA,South,Muhanga,Kabacuzi,RURAL,GOVERNMENT_AIDED,Preprimary + Primary + Ordinal Level + General upper secondary,59.85221862792969,1.0,1,1.0,58.0,0.0,76.2045938847202,2.0
270202,GS BUTARE,South,Muhanga,Kabacuzi,RURAL,PUBLIC,Preprimary + Primary + Ordinal Level + General upper secondary,49.75767517089844,1.0,1,1.0,64.0,0.0,83.36400265406286,2.0
270203,EP Jandali A,,,,,,,39.0625,,0,,,,69.9450093174936,1.0
270204,EP KABACUZI,South,Muhanga,Kabacuzi,RURAL,GOVERNMENT_AIDED,Preprimary + Primary,39.36508178710938,1.0,1,0.0,58.0,1.0,71.546671350194,1.0
270205,GS KIBYIMBA,South,Muhanga,Kabacuzi,RURAL,GOVERNMENT_AIDED,Preprimary + Primary + Ordinal Level + General upper secondary + TVET,50.80385971069336,1.0,1,0.0,58.0,0.0,68.16174807120045,2.0
270207,EP RUTONGO,South,Muhanga,Kabacuzi,RURAL,PUBLIC,Preprimary + Primary,51.0,1.0,1,0.0,64.0,0.0,71.3039772556932,1.0
270208,EPKAVUMU,,,,,,,66.88311767578125,,0,,,,74.3730936972078,1.0
270209,EP NGARAMA,,,,,,,92.25806427001953,,0,,,,80.7332896993771,1.0
270301,EP BUKIRO,South,Muhanga,Kibangu,RURAL,GOVERNMENT_AIDED,Preprimary + Primary,56.62650299072266,,1,0.0,58.0,0.0,80.6776205450734,1.0
270304,EP GISHARU,South,Muhanga,Kibangu,RURAL,GOVERNMENT_AIDED,Preprimary + Primary,40.90909194946289,1.0,1,0.0,58.0,1.0,,
270306,GS  JURWE,South,Muhanga,Kibangu,RURAL,GOVERNMENT_AIDED,Preprimary + Primary + Ordinal Level + General upper secondary,59.41176605224609,,1,0.0,58.0,0.0,81.4080014597708,1.0
270308,EP KIVUMO,South,Muhanga,Kibangu,RURAL,GOVERNMENT_AIDED,Preprimary + Primary,50.0,1.0,1,0.0,58.0,0.0,84.1373983739837,1.0
270314,EP RUBYINIRO,South,Muhanga,Kibangu,RURAL,GOVERNMENT_AIDED,Preprimary + Primary,50.0,1.0,1,0.0,58.0,0.0,81.9276693368077,1.0
270402,BUDENDE,South,Muhanga,Kiyumba,RURAL,GOVERNMENT_AIDED,Preprimary + Primary,51.85185241699219,1.0,1,0.0,58.0,0.0,76.1673339019319,1.0
270404,KANYANZA A,South,Muhanga,Kiyumba,RURAL,GOVERNMENT_AIDED,Preprimary + Primary + Ordinal Level + General upper secondary,66.45367431640625,1.0,1,0.0,58.0,0.0,70.28674555395835,2.0
270407,KARESHYA,South,Muhanga,Kiyumba,RURAL,GOVERNMENT_AIDED,Preprimary + Primary,35.48387145996094,1.0,1,0.0,58.0,0.0,70.4925795534286,1.0
270408,MUGEYO,South,Muhanga,Kiyumba,RURAL,GOVERNMENT_AIDED,Preprimary + Primary,78.63247680664062,1.0,1,0.0,58.0,0.0,66.4965850159991,1.0
270409,NDAGO,,,,,,,57.24637603759766,,0,,,,74.3241831552331,1.0
270410,SABUSARO,South,Muhanga,Kiyumba,RURAL,GOVERNMENT_AIDED,Preprimary + Primary,50.79365539550781,1.0,1,0.0,58.0,0.0,83.2067393190197,1.0
270411,KIYUMBA,South,Muhanga,Kiyumba,RURAL,PUBLIC,Preprimary + Primary,52.97029495239258,1.0,1,0.0,64.0,0.0,68.330065961037,1.0
270413,EPBIKOMBE,,,,,,,54.81481552124023,,0,,,,,
270502,ENDG NGANZO,South,Muhanga,Muhanga,RURAL,PRIVATE,Preprimary + Primary,98.88888549804688,1.0,1,0.0,32.0,0.0,,
270504,RUTAKA,South,Muhanga,Muhanga,RURAL,GOVERNMENT_AIDED,Preprimary + Primary,62.17616653442383,1.0,1,0.0,58.0,0.0,65.306475658048,1.0
270505,GISIZA,,,,,,,43.31550979614258,,0,,,,75.9006755182856,1.0
270506,GITONGATI,South,Muhanga,Muhanga,RURAL,GOVERNMENT_AIDED,Preprimary + Primary,40.10416412353516,1.0,1,0.0,58.0,0.0,85.2799477425183,1.0
270507,GS NGOMA,South,Muhanga,Muhanga,RURAL,GOVERNMENT_AIDED,Preprimary + Primary + Ordinal Level,35.44303894042969,1.0,1,1.0,58.0,0.0,77.8198094847728,1.0
270509,KIVOMO,,,,,,,51.21951293945312,,0,,,,70.3406479909451,1.0
270510,GS MATA,South,Muhanga,Muhanga,RURAL,PUBLIC,Preprimary + Primary + Ordinal Level + General upper secondary,52.41038131713867,1.0,1,1.0,64.0,0.0,73.0483003649694,2.0
270511,MUHAZI,,,,,,,60.82474136352539,,0,,,,75.8138364779874,1.0
270513,MURAMA,,,,,,,29.16666603088379,,0,,,,61.7109120529582,1.0
270602,EP BULINGA,South,Muhanga,Mushishiro,RURAL,GOVERNMENT_AIDED,Preprimary + Primary,47.72727203369141,1.0,1,0.0,58.0,0.0,74.3940615998052,1.0
270604,GS CYICARO,South,Muhanga,Mushishiro,RURAL,GOVERNMENT_AIDED,Preprimary + Primary + Ordinal Level,65.1515121459961,1.0,1,1.0,58.0,0.0,81.0816580941953,1.0
270606,GS NYABITARE,South,Muhanga,Mushishiro,RURAL,GOVERNMENT_AIDED,Preprimary + Primary + Ordinal Level + General upper secondary,27.90697860717773,1.0,1,1.0,58.0,0.0,80.60068374299046,2.0
270609,GS MUSHISHIRO,South,Muhanga,Mushishiro,RURAL,GOVERNMENT_AIDED,Preprimary + Primary + Ordinal Level + General upper secondary,41.71974563598633,1.0,1,1.0,58.0,1.0,72.42744697741131,2.0
270614,EP RWIGERERO,South,Muhanga,Mushishiro,RURAL,GOVERNMENT_AIDED,Preprimary + Primary,50.0,1.0,1,0.0,58.0,0.0,77.3911126085654,1.0
270615,GS MATYAZO,South,Muhanga,Mushishiro,RURAL,PUBLIC,Preprimary + Primary + Ordinal Level,55.94713592529297,1.0,1,0.0,64.0,0.0,,
270701,BUBAJI,South,Muhanga,Nyabinoni,RURAL,GOVERNMENT_AIDED,Preprimary + Primary,47.14285659790039,1.0,1,0.0,58.0,0.0,71.216928721174,1.0
270703,GS KIBINGO,South,Muhanga,Nyabinoni,RURAL,GOVERNMENT_AIDED,Preprimary + Primary + Ordinal Level,22.91666793823242,,1,0.0,58.0,0.0,71.4315900186877,1.0
270704,GS NYABINONI,South,Muhanga,Nyabinoni,RURAL,GOVERNMENT_AIDED,Preprimary + Primary + Ordinal Level + TVET,68.87755584716797,1.0,1,1.0,58.0,0.0,74.11166131600504,2.0
270705,GISURA P S,,,,,,,33.66336441040039,,0,,,,74.8500095292548,1.0
270708,GSSHAKI,,,,,,,63.6363639831543,,0,,,,60.0942130076985,1.0
270709,NGARU,South,Muhanga,Nyabinoni,RURAL,GOVERNMENT_AIDED,Preprimary + Primary + Ordinal Level + General upper secondary,37.4125862121582,,1,1.0,58.0,0.0,72.908601134215,1.0
270712,EP NYARUSANGE,South,Muhanga,Nyabinoni,RURAL,PUBLIC,Preprimary + Primary,83.59375,,1,0.0,64.0,1.0,71.2343665768194,1.0
270809,GS KABGAYI A,South,Muhanga,Nyamabuye,URBAN,GOVERNMENT_AIDED,Primary + Ordinal Level,72.67904663085938,1.0,1,1.0,58.0,0.0,79.22936556716024,2.0
270813,EP GAHOGO,South,Muhanga,Nyamabuye,URBAN,GOVERNMENT_AIDED,Preprimary + Primary,72.79570007324219,1.0,1,0.0,58.0,1.0,82.8599154783975,1.0
270815,GS GITARAMA,South,Muhanga,Nyamabuye,URBAN,GOVERNMENT_AIDED,Preprimary + Primary + Ordinal Level + General upper secondary,89.89899444580078,1.0,1,1.0,58.0,1.0,76.7255307264798,2.0
270816,GS KABGAYI B,South,Muhanga,Nyamabuye,URBAN,GOVERNMENT_AIDED,Preprimary + Primary + Ordinal Level + General upper secondary,69.72704315185547,1.0,1,1.0,58.0,0.0,62.9134897744594,1.0
270819,EP LA MISERICORDE,South,Muhanga,Nyamabuye,URBAN,GOVERNMENT_AIDED,Preprimary + Primary,71.92982482910156,1.0,1,0.0,58.0,0.0,78.88591099676,1.0
270822,EP MUSHUBATI,South,Muhanga,Nyamabuye,RURAL,PUBLIC,Preprimary + Primary,63.80813598632812,1.0,1,0.0,64.0,0.0,80.7550499756475,1.0
270824,GS NYABISINDU,South,Muhanga,Nyamabuye,URBAN,GOVERNMENT_AIDED,Preprimary + Primary + Ordinal Level,44.89795684814453,1.0,1,1.0,58.0,0.0,82.05253453009665,2.0
270826,GS REMERA,South,Muhanga,Nyamabuye,URBAN,PUBLIC,Preprimary + Primary + Ordinal Level,56.20347213745117,1.0,1,0.0,64.0,0.0,80.12535956501054,2.0
270827,EP RUTARABANA,South,Muhanga,Nyamabuye,URBAN,GOVERNMENT_AIDED,Preprimary + Primary,36.3636360168457,1.0,1,0.0,58.0,0.0,74.1313405919614,1.0
270829,EP SAINT AUGUSTIN,South,Muhanga,Nyamabuye,URBAN,PRIVATE,Preprimary + Primary,92.87833404541016,1.0,1,0.0,32.0,0.0,,
270845,EP MUNINI,South,Muhanga,Nyamabuye,RURAL,GOVERNMENT_AIDED,Preprimary + Primary,52.15946960449219,1.0,1,0.0,58.0,0.0,71.7910232944552,1.0
270856,EP KAVUMU B,South,Muhanga,Nyamabuye,URBAN,PUBLIC,Preprimary + Primary,64.06780242919922,1.0,1,0.0,64.0,0.0,77.9305480682839,1.0
270857,EP GIFUMBA,,,,,,,51.99005126953125,,0,,,,77.5146369353917,1.0
270901,EP BENGERANA,,,,,,,97.95918273925781,,0,,,,80.6077044025157,1.0
270903,GS CYICIRO,South,Muhanga,Nyarusange,RURAL,GOVERNMENT_AIDED,Preprimary + Primary + Ordinal Level + General upper secondary,68.90951538085938,1.0,1,1.0,58.0,0.0,82.6197256825491,2.0
270904,EP GIKOMERO CATH,South,Muhanga,Nyarusange,RURAL,GOVERNMENT_AIDED,Preprimary + Primary,27.27272796630859,1.0,1,0.0,58.0,0.0,82.4436103305232,1.0
270906,EP KARORERO,South,Muhanga,Nyarusange,RURAL,GOVERNMENT_AIDED,Preprimary + Primary,68.39080810546875,,1,0.0,58.0,0.0,81.303144654088,1.0
270907,EP NYANZA,,,,,,,63.23529434204102,,0,,,,72.0906232132647,1.0
270908,GSCUKIRO,South,Muhanga,Nyarusange,RURAL,GOVERNMENT_AIDED,Preprimary + Primary + Ordinal Level,74.5762710571289,1.0,1,1.0,58.0,0.0,74.44763312721905,2.0
270910,GS GIKOMERO,South,Muhanga,Nyarusange,RURAL,GOVERNMENT_AIDED,Preprimary + Primary + Ordinal Level + General upper secondary + TVET,35.13513565063477,1.0,1,0.0,58.0,1.0,80.36353312164044,2.0
270911,EP KADUHA,South,Muhanga,Nyarusange,RURAL,GOVERNMENT_AIDED,Preprimary + Primary,73.26530456542969,1.0,1,0.0,58.0,0.0,74.1941422454168,1.0
270912,EP NYABISINDU B,South,Muhanga,Nyarusange,RURAL,GOVERNMENT_AIDED,Preprimary + Primary,65.7657699584961,1.0,1,0.0,58.0,0.0,72.0382490674943,1.0
270913,GS NYARUSANGE,South,Muhanga,Nyarusange,RURAL,GOVERNMENT_AIDED,Preprimary + Primary + Ordinal Level + General upper secondary,48.07017517089844,1.0,1,1.0,58.0,0.0,79.5938485751341,2.0
270915,EP GASHARU,,,,,,,60.21505737304688,,0,,,,80.4969077568134,1.0
271001,BURERABANA,South,Muhanga,Rongi,RURAL,GOVERNMENT_AIDED,Preprimary + Primary + Ordinal Level + General upper secondary,48.62385559082031,,1,0.0,58.0,1.0,76.7816453624763,1.0
271003,EP NYABUGOMBE,South,Muhanga,Rongi,RURAL,GOVERNMENT_AIDED,Preprimary + Primary,48.12834167480469,1.0,1,0.0,58.0,0.0,73.6728627983122,1.0
271004,GITWA,,,,,,,43.08943176269531,,0,,,,,
271005,EP MUYEBE,South,Muhanga,Rongi,RURAL,PUBLIC,Preprimary + Primary,49.08424758911133,1.0,1,0.0,64.0,0.0,78.4778301886792,1.0
271006,EP KABIRIZI,,,,,,,30.66666793823242,,0,,,,74.665763846622,1.0
271007,KADEHERO,South,Muhanga,Rongi,RURAL,GOVERNMENT_AIDED,Preprimary + Primary,63.41463470458984,1.0,1,0.0,58.0,0.0,59.5054910498307,1.0
271008,GS MUREHE A,South,Muhanga,Rongi,RURAL,GOVERNMENT_AIDED,Preprimary + Primary + Ordinal Level + General upper secondary,63.06306076049805,1.0,1,1.0,58.0,1.0,75.7081735190904,2.0
271009,NTARABANA,South,Muhanga,Rongi,RURAL,GOVERNMENT_AIDED,Preprimary + Primary,71.42857360839844,1.0,1,0.0,58.0,0.0,76.4609988316305,1.0
271010,NTUNGAMO,South,Muhanga,Rongi,RURAL,GOVERNMENT_AIDED,Preprimary + Primary,52.13675689697266,1.0,1,0.0,58.0,0.0,82.1770090845563,1.0
271011,NYAMIYAGA,South,Muhanga,Rongi,RURAL,PUBLIC,Preprimary + Primary + Ordinal Level + TVET,45.16128921508789,1.0,1,1.0,64.0,1.0,80.3099729402225,1.0
271013,NYUNDO,South,Muhanga,Rongi,RURAL,GOVERNMENT_AIDED,Preprimary + Primary,44.4444465637207,1.0,1,0.0,58.0,0.0,76.0156334231806,1.0
271015,RUKOMA,,,,,,,71.67630004882812,,0,,,,,
271017,EP NYABIKENKE,,,,,,,24.70588302612305,,0,,,,73.53381712627,1.0
271019,EP Gitega,,,,,,,51.5625,,0,,,,76.6387316561845,1.0
271102,EP GASAVE,South,Muhanga,Rugendabari,RURAL,GOVERNMENT_AIDED,Preprimary + Primary,38.99370956420898,1.0,1,0.0,58.0,0.0,82.0278301886792,1.0
271103,GS GASOVU  TSS,South,Muhanga,Rugendabari,RURAL,GOVERNMENT_AIDED,Preprimary + Primary + Ordinal Level + TVET,45.78313064575195,1.0,1,0.0,58.0,0.0,76.45255251814154,2.0
271104,EP KIRWA ADVENTISTE,South,Muhanga,Rugendabari,RURAL,GOVERNMENT_AIDED,Preprimary + Primary,70.1388931274414,,1,0.0,58.0,0.0,80.7287561146052,1.0
271105,GS KIRWA CATHOLIQUE,South,Muhanga,Rugendabari,RURAL,GOVERNMENT_AIDED,Preprimary + Primary + Ordinal Level + General upper secondary,57.5,1.0,1,0.0,58.0,0.0,74.9373090482119,2.0
271106,EP MPINGA,South,Muhanga,Rugendabari,RURAL,GOVERNMENT_AIDED,Preprimary + Primary,24.44444465637207,1.0,1,0.0,58.0,0.0,61.6906547331076,1.0
271107,EP MUHETA,,,,,,,47.94520568847656,,0,,,,69.98046416941,1.0
271108,GS NSANGA,South,Muhanga,Rugendabari,RURAL,GOVERNMENT_AIDED,Preprimary + Primary + Ordinal Level + General upper secondary,56.36856460571289,1.0,1,1.0,58.0,0.0,74.78437746929335,2.0
271110,EP NYAMATETE,South,Muhanga,Rugendabari,RURAL,GOVERNMENT_AIDED,Preprimary + Primary,37.39837265014648,1.0,1,0.0,58.0,0.0,72.9737932583573,1.0
271111,EP RUGENDABALI,South,Muhanga,Rugendabari,RURAL,GOVERNMENT_AIDED,Preprimary + Primary,54.30107879638672,1.0,1,0.0,58.0,0.0,83.0655536394581,1.0
271202,CITE NAZARETH,South,Muhanga,Shyogwe,RURAL,PRIVATE,Preprimary + Primary + Ordinal Level,62.90322494506836,1.0,1,0.0,32.0,0.0,,
271203,GSMUNYINYA,South,Muhanga,Shyogwe,URBAN,GOVERNMENT_AIDED,Preprimary + Primary + Ordinal Level + General upper secondary,69.30233001708984,1.0,1,1.0,58.0,0.0,75.89039991015454,2.0
271205,GSST ETIENNE,South,Muhanga,Shyogwe,RURAL,GOVERNMENT_AIDED,Preprimary + Primary + Ordinal Level + General upper secondary,38.92617416381836,1.0,1,1.0,58.0,0.0,71.42936285597534,2.0
271206,EP MBARE,South,Muhanga,Shyogwe,RURAL,GOVERNMENT_AIDED,Preprimary + Primary,59.31559371948242,1.0,1,0.0,58.0,0.0,75.9228199551496,1.0
271208,RULI ADEPR,South,Muhanga,Shyogwe,URBAN,GOVERNMENT_AIDED,Preprimary + Primary,75.90908813476562,1.0,1,0.0,58.0,0.0,80.5132075471698,1.0
271209,EP RULI CATHOLIQUE,South,Muhanga,Shyogwe,URBAN,GOVERNMENT_AIDED,Preprimary + Primary,89.39828491210938,1.0,1,0.0,58.0,0.0,80.3018705270006,1.0
271214,GS RUBUGURIZO,South,Muhanga,Shyogwe,RURAL,PUBLIC,Preprimary + Primary + Ordinal Level,84.78260803222656,1.0,1,0.0,64.0,0.0,79.1554276555018,1.0
271216,ISONGA ACADEMY,South,Muhanga,Shyogwe,RURAL,PRIVATE,Preprimary + Primary,100.0,1.0,1,0.0,32.0,0.0,,
271217,GS VUNGA,South,Muhanga,Shyogwe,RURAL,PUBLIC,Preprimary + Primary + Ordinal Level,64.55696105957031,1.0,1,1.0,64.0,0.0,76.78073732326999,2.0
271218,EP KIGARAMA,South,Muhanga,Shyogwe,URBAN,PUBLIC,Preprimary + Primary,57.57575607299805,1.0,1,0.0,64.0,0.0,73.9033583293017,1.0
280101,GS  ROSE MYSTICA,South,Kamonyi,Gacurabwenge,RURAL,GOVERNMENT_AIDED,Preprimary + Primary + Ordinal Level,94.87179565429688,1.0,1,1.0,58.0,0.0,88.76174624862276,2.0
280102,GS GACURABWENGE CATHOLIQUE,South,Kamonyi,Gacurabwenge,RURAL,GOVERNMENT_AIDED,Preprimary + Primary + Ordinal Level,72.4637680053711,1.0,1,1.0,58.0,1.0,73.17588356238204,2.0
280103,EP GACURABWENGE PROTESTANT,South,Kamonyi,Gacurabwenge,RURAL,GOVERNMENT_AIDED,Preprimary + Primary,62.19336318969727,1.0,1,0.0,58.0,0.0,74.486562908522,1.0
280104,GS GATIZO,South,Kamonyi,Gacurabwenge,RURAL,GOVERNMENT_AIDED,Preprimary + Primary + Ordinal Level + General upper secondary,67.14431762695312,1.0,1,1.0,58.0,0.0,66.77544144755255,2.0
280105,GS ST J BOSCO KAMONYI,South,Kamonyi,Gacurabwenge,RURAL,GOVERNMENT_AIDED,Preprimary + Primary + Ordinal Level,62.63982009887695,1.0,1,1.0,58.0,0.0,67.4468578954224,2.0
280107,EP MIGINA,South,Kamonyi,Gacurabwenge,RURAL,GOVERNMENT_AIDED,Preprimary + Primary,74.0495834350586,1.0,1,0.0,58.0,1.0,73.8612920501477,1.0
280110,EP GIHINGA,South,Kamonyi,Gacurabwenge,RURAL,GOVERNMENT_AIDED,Preprimary + Primary,73.6009750366211,1.0,1,0.0,58.0,0.0,70.0784185448456,1.0
280111,ECOLE PRIMAIRE RUBONA,,,,,,,84.27835083007812,,0,,,,68.8387885275882,1.0
280116,GS KAGARAMA ADVENTIST,South,Kamonyi,Gacurabwenge,RURAL,GOVERNMENT_AIDED,Preprimary + Primary + Ordinal Level,65.72438049316406,1.0,1,0.0,58.0,0.0,84.6582003451276,1.0
280117,GS KIGEMBE,,,,,,,78.46791076660156,,0,,,,81.1291677375412,2.0
280118,EP NYAKABUNGO,,,,,,,62.34818267822266,,0,,,,71.8129483256842,1.0
280119,GS SANCTA MARIA,South,Kamonyi,Gacurabwenge,RURAL,GOVERNMENT_AIDED,Preprimary + Primary + Ordinal Level + General upper secondary,59.62145233154297,1.0,1,1.0,58.0,0.0,70.81381005670136,2.0
280201,GS NYAMIREMBE,South,Kamonyi,Karama,RURAL,GOVERNMENT_AIDED,Preprimary + Primary + Ordinal Level,70.49689483642578,,1,0.0,58.0,0.0,73.01850736174435,2.0
280203,EP NYAKABUYE,South,Kamonyi,Karama,RURAL,GOVERNMENT_AIDED,Preprimary + Primary,56.80000305175781,1.0,1,0.0,58.0,0.0,,
280205,GS St Kizito Muganza I,South,Kamonyi,Karama,RURAL,GOVERNMENT_AIDED,Preprimary + Primary + Ordinal Level,62.20095825195312,1.0,1,1.0,58.0,0.0,65.62336616477859,2.0
280206,EP RWISHWIMA,South,Kamonyi,Karama,RURAL,GOVERNMENT_AIDED,Preprimary + Primary,77.7042007446289,1.0,1,0.0,58.0,0.0,66.6858442919764,1.0
280207,ST ATHANASE BUNYONGA,South,Kamonyi,Karama,RURAL,GOVERNMENT_AIDED,Preprimary + Primary + Ordinal Level + General upper secondary,61.34969711303711,1.0,1,1.0,58.0,0.0,74.2766999005314,2.0
280208,EP RARO,South,Kamonyi,Karama,RURAL,PUBLIC,Preprimary + Primary,59.70696258544922,,1,0.0,64.0,0.0,71.8950365459799,1.0
280209,EP RYAGASHAZA,,,,,,,74.73118591308594,,0,,,,75.7251572327044,1.0
280210,EP KABUGA,South,Kamonyi,Karama,RURAL,PUBLIC,Preprimary + Primary,74.4094467163086,1.0,1,0.0,64.0,1.0,82.3051301023554,1.0
280301,EP BUGARAMA,,,,,,,47.82608795166016,,0,,,,63.1942929292929,1.0
280303,EP GISIZI,,,,,,,80.76922607421875,,0,,,,56.6853485811521,1.0
280304,GS BUBAZI,South,Kamonyi,Kayenzi,RURAL,GOVERNMENT_AIDED,Preprimary + Primary + Ordinal Level + General upper secondary,74.0124740600586,1.0,1,1.0,58.0,0.0,77.41197945760496,2.0
280305,EP GISHUBI,South,Kamonyi,Kayenzi,RURAL,GOVERNMENT_AIDED,Preprimary + Primary,73.03921508789062,1.0,1,0.0,58.0,0.0,,
280306,KAYENZI SPRING COLLEGE,South,Kamonyi,Kayenzi,RURAL,PRIVATE,Preprimary + Primary + Ordinal Level + General upper secondary + TVET + Proffessional Secondary,94.48818969726562,1.0,1,1.0,32.0,0.0,,
280307,EP KAYONZA,South,Kamonyi,Kayenzi,RURAL,GOVERNMENT_AIDED,Preprimary + Primary,63.15789031982422,,1,0.0,58.0,0.0,70.6008073554469,1.0
280308,GS ST ANDRE NTWARI,South,Kamonyi,Kayenzi,RURAL,GOVERNMENT_AIDED,Preprimary + Primary + Ordinal Level,60.86956405639648,1.0,1,0.0,58.0,0.0,72.74905229292025,2.0
280309,GS ST BERNARD MURAMBI,South,Kamonyi,Kayenzi,RURAL,GOVERNMENT_AIDED,Preprimary + Primary + Ordinal Level,66.39675903320312,1.0,1,0.0,58.0,1.0,63.7962840264673,2.0
280310,GS ST MICHEL NYAMIRAMA,South,Kamonyi,Kayenzi,RURAL,GOVERNMENT_AIDED,Preprimary + Primary + Ordinal Level + General upper secondary,52.84360122680664,,1,0.0,58.0,0.0,63.2471844331062,2.0
280311,GS ST PAUL KIRWA,South,Kamonyi,Kayenzi,RURAL,GOVERNMENT_AIDED,Preprimary + Primary + Ordinal Level + General upper secondary,68.79121398925781,1.0,1,0.0,58.0,1.0,65.14553358769919,2.0
280313,ECOLE MATERNELLE SAINT JOSEPH,South,Kamonyi,Kayenzi,RURAL,PRIVATE,Preprimary + Primary,94.02984619140625,1.0,1,0.0,32.0,0.0,,
280315,EP Gikurubuye,South,Kamonyi,Kayenzi,RURAL,PUBLIC,Preprimary + Primary,73.75566101074219,1.0,1,0.0,64.0,0.0,62.3598829523659,1.0
280404,GS GIKO CATH,South,Kamonyi,Kayumbu,RURAL,GOVERNMENT_AIDED,Preprimary + Primary + Ordinal Level + General upper secondary,64.03641510009766,1.0,1,1.0,58.0,0.0,77.08032659904805,2.0
280405,EP GIKO PROTESTANT,South,Kamonyi,Kayumbu,RURAL,GOVERNMENT_AIDED,Preprimary + Primary,69.21849822998047,1.0,1,0.0,58.0,0.0,,
280407,GS KABERE,South,Kamonyi,Kayumbu,RURAL,GOVERNMENT_AIDED,Preprimary + Primary + Ordinal Level,68.92230224609375,1.0,1,0.0,58.0,0.0,59.9532713040924,2.0
280410,EP RUTOBWE,South,Kamonyi,Kayumbu,RURAL,GOVERNMENT_AIDED,Preprimary + Primary,74.16666412353516,,1,0.0,58.0,0.0,69.453331835879,1.0
280411,EP SHYANDA,South,Kamonyi,Kayumbu,RURAL,PUBLIC,Preprimary + Primary,75.5517807006836,1.0,1,0.0,64.0,0.0,77.2925840062872,1.0
280502,GS CYERU,South,Kamonyi,Mugina,RURAL,PUBLIC,Preprimary + Primary + Ordinal Level,68.79698944091797,1.0,1,0.0,64.0,0.0,77.33385343207145,2.0
280503,EP JENDA,South,Kamonyi,Mugina,RURAL,GOVERNMENT_AIDED,Preprimary + Primary + Ordinal Level,61.21794509887695,1.0,1,0.0,58.0,0.0,73.6118110554811,1.0
280504,EP NYAGISOZI,South,Kamonyi,Mugina,RURAL,GOVERNMENT_AIDED,Preprimary + Primary,49.87146377563477,,1,0.0,58.0,0.0,70.5616434955313,1.0
280505,GS RUSORO,South,Kamonyi,Mugina,RURAL,GOVERNMENT_AIDED,Preprimary + Primary + Ordinal Level + General upper secondary,71.54989624023438,,1,0.0,58.0,0.0,77.9295432594936,2.0
280507,GS  KIYONZA,,,,,,,27.79369735717773,,0,,,,74.0249447611076,2.0
280508,GS ST ISIDORE MUGINA,South,Kamonyi,Mugina,URBAN,GOVERNMENT_AIDED,Preprimary + Primary + Ordinal Level,73.41463470458984,1.0,1,0.0,58.0,0.0,78.41163332093791,2.0
280509,INGENZI MBATI,South,Kamonyi,Mugina,RURAL,GOVERNMENT_AIDED,Preprimary + Primary,82.49258422851562,1.0,1,0.0,58.0,0.0,72.3010981801411,1.0
280510,GS Mbati,South,Kamonyi,Mugina,RURAL,PUBLIC,Primary + Ordinal Level + General upper secondary,50.79365539550781,1.0,1,1.0,64.0,0.0,82.0806869332707,1.0
280511,GS KIVUMU,South,Kamonyi,Mugina,RURAL,PUBLIC,Preprimary + Primary + Ordinal Level + General upper secondary,62.98755264282227,1.0,1,0.0,64.0,0.0,78.1231164251669,1.0
280513,SAINT ANNE PRIMARYSCHOOL,South,Kamonyi,Mugina,RURAL,PRIVATE,Preprimary + Primary,100.0,1.0,1,0.0,32.0,0.0,,
280514,Mugina Hope primary school,South,Kamonyi,Mugina,URBAN,PRIVATE,Preprimary + Primary,100.0,1.0,1,1.0,32.0,0.0,,
280516,EP GISHARI,South,Kamonyi,Mugina,RURAL,PUBLIC,Preprimary + Primary,37.75510025024414,,1,0.0,64.0,1.0,74.7890685834082,1.0
280517,EP KAGASA,,,,,,,60.73298645019531,,0,,,,76.5181691125087,1.0
280518,GS KANSORO,South,Kamonyi,Mugina,RURAL,PUBLIC,Preprimary + Primary + Ordinal Level,60.88019561767578,,1,0.0,64.0,0.0,72.22190165050105,2.0
280519,EP MATABA SUD,,,,,,,64.39231872558594,,0,,,,75.815180102916,1.0
280520,GS URUMURI MBATI,,,,,,,73.1397476196289,,0,,,,71.6923449369481,1.0
280601,GS BITSIBO,South,Kamonyi,Musambira,RURAL,GOVERNMENT_AIDED,Preprimary + Primary + Ordinal Level,81.88585662841797,1.0,0,1.0,58.0,0.0,75.87447275238159,2.0
280602,EP JEAN DEPAEPE,South,Kamonyi,Musambira,RURAL,PUBLIC,Preprimary + Primary,61.53232574462891,1.0,1,0.0,64.0,0.0,78.060629670464,1.0
280603,EP DON BOSCO CYAMBWE,South,Kamonyi,Musambira,RURAL,GOVERNMENT_AIDED,Preprimary + Primary,68.24457550048828,,1,0.0,58.0,1.0,73.8870173393403,1.0
280606,GS MPUSHI,South,Kamonyi,Musambira,RURAL,GOVERNMENT_AIDED,Preprimary + Primary + Ordinal Level + General upper secondary,47.11316680908203,1.0,0,1.0,58.0,0.0,84.057238700859,2.0
280608,EP RUKAMBURA,South,Kamonyi,Musambira,RURAL,GOVERNMENT_AIDED,Preprimary + Primary,61.73044967651367,1.0,1,0.0,58.0,0.0,63.7373232365366,1.0
280609,EP SHAKA,,,,,,,59.72222137451172,,0,,,,73.0158295004561,1.0
280610,GS WIMANA,South,Kamonyi,Musambira,RURAL,PUBLIC,Preprimary + Primary + Ordinal Level,78.93569946289062,1.0,1,1.0,64.0,0.0,80.56943049162905,2.0
280612,EP MUSAMBIRA,South,Kamonyi,Musambira,RURAL,GOVERNMENT_AIDED,Preprimary + Primary,80.28455352783203,1.0,1,0.0,58.0,0.0,65.4389644580957,1.0
280613,EP BIREMBO,South,Kamonyi,Musambira,RURAL,PUBLIC,Preprimary + Primary,43.17343139648438,,1,0.0,64.0,0.0,67.5723869646657,1.0
280614,HOPE VISION NURSERY,South,Kamonyi,Musambira,URBAN,PRIVATE,Preprimary + Primary,100.0,1.0,1,0.0,32.0,0.0,,
280616,River's Promise Legacy Academy,South,Kamonyi,Musambira,RURAL,PRIVATE,Preprimary + Primary,77.67857360839844,,1,1.0,32.0,0.0,,
280617,EP BUHORO,South,Kamonyi,Musambira,RURAL,PUBLIC,Preprimary + Primary,75.47380065917969,1.0,1,1.0,64.0,0.0,80.4063036020583,1.0
280701,GS MASOGWE,South,Kamonyi,Ngamba,RURAL,GOVERNMENT_AIDED,Preprimary + Primary + Ordinal Level,64.47811889648438,1.0,1,0.0,58.0,0.0,84.74677514135064,2.0
280702,GS  KABASARE,South,Kamonyi,Ngamba,RURAL,GOVERNMENT_AIDED,Preprimary + Primary + Ordinal Level + General upper secondary,78.14433288574219,1.0,1,1.0,58.0,0.0,77.0617320706663,2.0
280703,EP MUNOGA,,,,,,,72.41378784179688,,0,,,,69.7303901549185,1.0
280704,GS NGAMBA,South,Kamonyi,Ngamba,RURAL,GOVERNMENT_AIDED,Preprimary + Primary + Ordinal Level + General upper secondary,67.44868469238281,1.0,1,0.0,58.0,0.0,81.22216417275814,2.0
280801,EP BIBUNGO,South,Kamonyi,Nyamiyaga,RURAL,PUBLIC,Preprimary + Primary,41.61073684692383,1.0,1,0.0,64.0,0.0,,
280802,GS BUYE,South,Kamonyi,Nyamiyaga,RURAL,GOVERNMENT_AIDED,Preprimary + Primary + Ordinal Level,56.50349807739258,,1,0.0,58.0,0.0,74.55979383511395,2.0
280803,EP NYABUBARE,South,Kamonyi,Nyamiyaga,RURAL,GOVERNMENT_AIDED,Preprimary + Primary,62.05357360839844,1.0,1,0.0,58.0,0.0,78.442962656967,1.0
280804,EP MAGU,South,Kamonyi,Nyamiyaga,RURAL,GOVERNMENT_AIDED,Preprimary + Primary,66.66667175292969,,1,0.0,58.0,1.0,65.4667871185332,1.0
280805,GS MATABA,South,Kamonyi,Nyamiyaga,RURAL,GOVERNMENT_AIDED,Preprimary + Primary + Ordinal Level + General upper secondary,77.96610260009766,1.0,1,0.0,58.0,0.0,67.8408974776988,2.0
280807,EP NGOMA,South,Kamonyi,Nyamiyaga,RURAL,GOVERNMENT_AIDED,Preprimary + Primary,54.80094146728516,1.0,1,0.0,58.0,0.0,67.7146740925043,1.0
280808,GS NYAMIYAGA,South,Kamonyi,Nyamiyaga,RURAL,GOVERNMENT_AIDED,Preprimary + Primary + Ordinal Level,71.42857360839844,1.0,1,1.0,58.0,1.0,76.9426908958354,2.0
280809,GS RUYUMBA  TSS,South,Kamonyi,Nyamiyaga,RURAL,GOVERNMENT_AIDED,Preprimary + Primary + Ordinal Level + General upper secondary + TVET,80.0,1.0,1,0.0,58.0,0.0,81.9109632927861,1.0
280810,EP MUNYINYA,South,Kamonyi,Nyamiyaga,RURAL,PUBLIC,Preprimary + Primary,50.7042236328125,,1,0.0,64.0,0.0,,
280812,EP BUMBOGO,,,,,,,95.73170471191406,,0,,,,66.8804402956769,1.0
280813,EP BYENENE,,,,,,,50.22421646118164,,0,,,,74.2988238176917,1.0
280901,EP KAMBYEYI,South,Kamonyi,Nyarubaka,RURAL,PUBLIC,Preprimary + Primary,44.98141479492188,,1,0.0,64.0,0.0,67.6201420935984,1.0
280902,EP GITARE,South,Kamonyi,Nyarubaka,RURAL,GOVERNMENT_AIDED,Preprimary + Primary,67.17325592041016,1.0,1,0.0,58.0,0.0,,
280903,GS NYARUBAKA,South,Kamonyi,Nyarubaka,RURAL,GOVERNMENT_AIDED,Preprimary + Primary + Ordinal Level + General upper secondary,55.89123916625977,1.0,1,1.0,58.0,0.0,80.14911039907994,2.0
280904,GS MUSUMBA,South,Kamonyi,Nyarubaka,RURAL,PUBLIC,Preprimary + Primary + Ordinal Level,66.03773498535156,1.0,1,0.0,64.0,1.0,75.63487624987854,2.0
280905,EP NYAGIHAMBA,South,Kamonyi,Nyarubaka,RURAL,GOVERNMENT_AIDED,Preprimary + Primary,86.79244995117188,1.0,1,0.0,58.0,0.0,74.0974434840082,1.0
280906,GS RUYANZA  TSS,South,Kamonyi,Nyarubaka,RURAL,PUBLIC,Preprimary + Primary + Ordinal Level + General upper secondary + TVET,43.87255096435547,1.0,1,1.0,64.0,0.0,63.5355431365315,2.0
280907,EP NYAGISHUBI,South,Kamonyi,Nyarubaka,RURAL,PUBLIC,Preprimary + Primary,63.231201171875,1.0,1,0.0,64.0,1.0,74.3003445866165,1.0
280910,GS KAGARAMA,,,,,,,50.48950958251953,,0,,,,66.46323538429525,2.0
281001,GS KINYAMBI,South,Kamonyi,Rugarika,RURAL,GOVERNMENT_AIDED,Preprimary + Primary + Ordinal Level,73.36504364013672,1.0,1,1.0,58.0,0.0,78.69590255852255,2.0
281002,GS KIBOGA,South,Kamonyi,Rugarika,RURAL,PUBLIC,Preprimary + Primary + Ordinal Level + General upper secondary,58.30815505981445,,1,0.0,64.0,0.0,80.57909313347099,2.0
281003,EP MASAKA,South,Kamonyi,Rugarika,RURAL,PUBLIC,Preprimary + Primary,74.19355010986328,1.0,1,0.0,64.0,0.0,74.3937137003425,1.0
281004,EP RUGALIKA II,South,Kamonyi,Rugarika,RURAL,GOVERNMENT_AIDED,Preprimary + Primary,69.04473876953125,1.0,1,0.0,58.0,0.0,76.4367521367521,1.0
281005,GS SHELI,South,Kamonyi,Rugarika,RURAL,GOVERNMENT_AIDED,Preprimary + Primary + Ordinal Level + General upper secondary,75.92919921875,1.0,1,1.0,58.0,0.0,82.8908841236953,1.0
281006,GS MASAKA,South,Kamonyi,Rugarika,RURAL,GOVERNMENT_AIDED,Preprimary + Primary + Ordinal Level + General upper secondary,71.79487609863281,1.0,1,1.0,58.0,0.0,75.20166619602524,2.0
281007,GS RUGALIKA,South,Kamonyi,Rugarika,RURAL,GOVERNMENT_AIDED,Preprimary + Primary + Ordinal Level,76.64473724365234,1.0,1,0.0,58.0,0.0,83.74498914566186,2.0
281009,RAE SCHOOL,South,Kamonyi,Rugarika,RURAL,PRIVATE,Preprimary + Primary,100.0,1.0,1,1.0,32.0,0.0,,
281012,EP RUGARAMA,South,Kamonyi,Rugarika,RURAL,PUBLIC,Preprimary + Primary,54.8780517578125,1.0,1,0.0,64.0,0.0,80.1394359227323,1.0
281013,GS RURAMBA,South,Kamonyi,Rugarika,RURAL,PUBLIC,Preprimary + Primary + Ordinal Level,64.44188690185547,1.0,1,1.0,64.0,0.0,81.73478426029149,2.0
281016,ECOLE LES COLOMBES,South,Kamonyi,Rugarika,URBAN,PRIVATE,Preprimary + Primary,100.0,1.0,1,0.0,32.0,0.0,,
281021,EP BIHEMBE,,,,,,,90.80459594726562,,0,,,,78.9910214703969,1.0
281022,KIGESE STAR LIGHT SCHOOL,South,Kamonyi,Rugarika,RURAL,PRIVATE,Preprimary + Primary,96.07843017578125,1.0,1,0.0,32.0,0.0,,
281023,MILLENNIUM BRILLIANT STARS ACADEMY,South,Kamonyi,Rugarika,RURAL,PRIVATE,Preprimary + Primary,100.0,1.0,1,0.0,32.0,0.0,,
281102,GS BUGULI,South,Kamonyi,Rukoma,RURAL,GOVERNMENT_AIDED,Preprimary + Primary + Ordinal Level,33.02752304077148,1.0,1,0.0,58.0,0.0,78.799368456211,2.0
281103,EP GISENYI,,,,,,,67.12963104248047,,0,,,,75.6370345095373,1.0
281104,EPAPPEC,South,Kamonyi,Rukoma,URBAN,PRIVATE,Preprimary + Primary,96.875,1.0,1,0.0,32.0,0.0,,
281105,G S NYARUSAVE,South,Kamonyi,Rukoma,RURAL,GOVERNMENT_AIDED,Preprimary + Primary + Ordinal Level,61.40350723266602,1.0,1,1.0,58.0,0.0,78.22737698978244,2.0
281106,GS BUGOBA,South,Kamonyi,Rukoma,RURAL,GOVERNMENT_AIDED,Preprimary + Primary + Ordinal Level + General upper secondary,59.65517044067383,1.0,1,0.0,58.0,0.0,77.40365029480654,2.0
281107,GS NYARUBUYE,South,Kamonyi,Rukoma,RURAL,GOVERNMENT_AIDED,Preprimary + Primary + Ordinal Level + General upper secondary,52.12224197387695,1.0,1,1.0,58.0,0.0,75.72556016152436,2.0
281108,GS REMERA INDANGAMIRWA,South,Kamonyi,Rukoma,RURAL,GOVERNMENT_AIDED,Preprimary + Primary + Ordinal Level + General upper secondary,51.25448226928711,1.0,1,0.0,58.0,1.0,84.74082495012985,2.0
281110,EP KAMUZI,South,Kamonyi,Rukoma,RURAL,GOVERNMENT_AIDED,Preprimary + Primary,85.40145874023438,1.0,1,0.0,58.0,0.0,77.5361485474693,1.0
281111,EP KANYINYA,South,Kamonyi,Rukoma,RURAL,GOVERNMENT_AIDED,Preprimary + Primary,70.98765563964844,1.0,1,0.0,58.0,0.0,,
281113,GS MUREHE PROT,South,Kamonyi,Rukoma,RURAL,GOVERNMENT_AIDED,Preprimary + Primary + Ordinal Level,54.04040145874023,1.0,0,1.0,58.0,0.0,71.57632840205551,2.0
281115,EP MUREHE CATH,South,Kamonyi,Rukoma,RURAL,GOVERNMENT_AIDED,Preprimary + Primary,60.66666793823242,1.0,1,0.0,58.0,0.0,77.7787735849057,1.0
281116,MORIAH BRIGHT MINDS SCHOOL RUKOMA,South,Kamonyi,Rukoma,RURAL,PRIVATE,Preprimary + Primary,93.33333587646484,1.0,1,0.0,32.0,0.0,,
281117,EP TABA INDATWA,,,,,,,84.72553253173828,,0,,,,77.5479487179487,1.0
281119,GS KABUGA ICYEREKEZO,,,,,,,36.43067932128906,,0,,,,77.7023995358927,2.0
281120,EP NYABITARE,,,,,,,47.44898223876953,,0,,,,,
281202,G S MUGANZA II,South,Kamonyi,Runda,RURAL,GOVERNMENT_AIDED,Preprimary + Primary + Ordinal Level,45.82392883300781,1.0,1,1.0,58.0,1.0,82.1318212608007,2.0
281204,GS GASHARARA,,,,,,,68.69009399414062,,0,,,,81.064318065021,2.0
281205,GS ST DOMINIC GIHARA,South,Kamonyi,Runda,URBAN,GOVERNMENT_AIDED,Preprimary + Primary + Ordinal Level + General upper secondary,51.02847671508789,1.0,1,1.0,58.0,0.0,83.07917480948745,2.0
281206,GS RUNDA,South,Kamonyi,Runda,RURAL,GOVERNMENT_AIDED,Preprimary + Primary + Ordinal Level,55.15464019775391,1.0,1,1.0,58.0,0.0,74.47403938364334,2.0
281208,GS RUYENZI,South,Kamonyi,Runda,URBAN,PUBLIC,Preprimary + Primary + Ordinal Level + General upper secondary,73.83917999267578,1.0,1,1.0,64.0,0.0,79.9946654240461,2.0
281209,GS HILLTOP ACADEMY,South,Kamonyi,Runda,RURAL,GOVERNMENT_AIDED,Preprimary + Primary + Ordinal Level,73.51225280761719,1.0,1,0.0,58.0,1.0,85.0660577050109,2.0
281211,G S KAGINA,South,Kamonyi,Runda,RURAL,GOVERNMENT_AIDED,Preprimary + Primary + Ordinal Level + General upper secondary,77.48690795898438,1.0,1,0.0,58.0,0.0,82.022427498253,2.0
281221,EP RUGOGWE,,,,,,,85.52486419677734,,0,,,,67.8647056525645,1.0
281222,EP KIBAYA,South,Kamonyi,Runda,RURAL,GOVERNMENT_AIDED,Preprimary + Primary,64.35330963134766,1.0,1,0.0,58.0,0.0,75.1439455782313,1.0
281223,GS RUKARAGATA,South,Kamonyi,Runda,RURAL,PUBLIC,Preprimary + Primary + Ordinal Level,57.1207389831543,1.0,1,0.0,64.0,0.0,72.9456431452447,2.0
281225,DIGNITY ACADEMY,South,Kamonyi,Runda,RURAL,PRIVATE,Preprimary + Primary,100.0,1.0,1,0.0,32.0,0.0,,
281227,Ruyenzi International School,South,Kamonyi,Runda,URBAN,PRIVATE,Preprimary + Primary,100.0,1.0,1,1.0,32.0,0.0,,
281234,ORION SCHOOL,South,Kamonyi,Runda,RURAL,PRIVATE,Preprimary + Primary,94.41624450683594,1.0,1,0.0,32.0,0.0,,
310103,EP GASURA,West,Karongi,Bwishyura,RURAL,GOVERNMENT_AIDED,Preprimary + Primary,73.10513305664062,1.0,1,0.0,58.0,0.0,76.0407232704402,1.0
310105,EP GATOKI,,,,,,,63.33333206176758,,0,,,,67.494333799208,1.0
310107,EP GATWARO,West,Karongi,Bwishyura,URBAN,GOVERNMENT_AIDED,Preprimary + Primary,72.56944274902344,1.0,1,0.0,58.0,0.0,76.6940324703817,1.0
310110,GS KIBUYE,West,Karongi,Bwishyura,URBAN,GOVERNMENT_AIDED,Preprimary + Primary + Ordinal Level + General upper secondary,56.77179718017578,1.0,1,1.0,58.0,1.0,75.05315808341575,2.0
310111,GS NYABIKENKE,West,Karongi,Bwishyura,RURAL,GOVERNMENT_AIDED,Preprimary + Primary + Ordinal Level,52.47092819213867,1.0,1,0.0,58.0,0.0,75.86796834270626,2.0
310112,GS NYEGABO,West,Karongi,Bwishyura,RURAL,GOVERNMENT_AIDED,Preprimary + Primary + Ordinal Level,67.80821990966797,1.0,1,0.0,58.0,0.0,80.33947951652354,2.0
310113,GS RURAGWE,West,Karongi,Bwishyura,RURAL,GOVERNMENT_AIDED,Preprimary + Primary + Ordinal Level + General upper secondary,73.40764617919922,1.0,1,1.0,58.0,0.0,82.35992341917671,2.0
310115,GS KARONGI A,West,Karongi,Bwishyura,RURAL,GOVERNMENT_AIDED,Preprimary + Primary + Ordinal Level,69.57746887207031,1.0,1,0.0,58.0,0.0,81.4455790044668,1.0
310116,Rays of Hope,West,Karongi,Bwishyura,RURAL,PRIVATE,Preprimary + Primary,96.59090423583984,1.0,1,0.0,32.0,0.0,,
310119,GS NEMBA,,,,,,,54.76190567016602,,0,,,,65.74265296480705,2.0
310122,GS NYAMAREBE,West,Karongi,Bwishyura,RURAL,GOVERNMENT_AIDED,Preprimary + Primary + Ordinal Level,45.33333587646484,1.0,1,0.0,58.0,0.0,80.64887375540434,2.0
310125,EP GITARAMA,,,,,,,69.63350677490234,,0,,,,75.6398746373589,1.0
310131,EP NYARUSOZI,West,Karongi,Bwishyura,URBAN,GOVERNMENT_AIDED,Preprimary + Primary,38.15789413452148,1.0,1,0.0,58.0,0.0,74.7586870630964,1.0
310201,EP BIRAMBO A,West,Karongi,Gashari,RURAL,GOVERNMENT_AIDED,Primary,60.37735748291016,1.0,1,0.0,58.0,0.0,72.8243437047508,1.0
310205,GS MWENDO,West,Karongi,Gashari,RURAL,GOVERNMENT_AIDED,Preprimary + Primary + Ordinal Level + General upper secondary,73.80952453613281,1.0,1,1.0,58.0,0.0,78.60926216564232,2.0
310206,GS SHOBA-MURAMBA,West,Karongi,Gashari,RURAL,GOVERNMENT_AIDED,Preprimary + Primary + Ordinal Level + General upper secondary,55.94713592529297,,1,1.0,58.0,0.0,75.93129518276041,2.0
310207,GS ST RENE BIRAMBO,West,Karongi,Gashari,RURAL,GOVERNMENT_AIDED,Preprimary + Primary + Ordinal Level,44.39461898803711,1.0,1,1.0,58.0,0.0,80.5267579896944,1.0
310209,EP KABIRIZI,West,Karongi,Gashari,RURAL,GOVERNMENT_AIDED,Preprimary + Primary,74.0740737915039,1.0,1,0.0,58.0,0.0,76.3777719543443,1.0
310211,EP KADUHA,West,Karongi,Gashari,RURAL,GOVERNMENT_AIDED,Preprimary + Primary,48.52070999145508,,1,0.0,58.0,0.0,81.3884091275601,1.0
310212,EP MUSONGATI,West,Karongi,Gashari,RURAL,GOVERNMENT_AIDED,Preprimary + Primary,76.78571319580078,,1,0.0,58.0,0.0,66.5893244182164,1.0
310215,EP WAGISHIMBIRI,West,Karongi,Gashari,RURAL,GOVERNMENT_AIDED,Preprimary + Primary,33.91608428955078,1.0,1,0.0,58.0,1.0,73.0468352699932,1.0
310217,GS Nyabikenke B,,,,,,,41.88034057617188,,0,,,,77.2984645208143,1.0
310231,EP Gashari,,,,,,,50.0,,0,,,,74.4154750082754,1.0
310304,EP GITWE,West,Karongi,Gishyita,RURAL,GOVERNMENT_AIDED,Preprimary + Primary,25.68807220458984,1.0,1,0.0,58.0,0.0,,
310306,GS GISHYITA,West,Karongi,Gishyita,RURAL,PUBLIC,Preprimary + Primary + Ordinal Level + General upper secondary,54.07925415039062,1.0,1,1.0,64.0,0.0,73.56264771471109,2.0
310307,GS SHYA,West,Karongi,Gishyita,RURAL,PUBLIC,Preprimary + Primary + Ordinal Level + General upper secondary,57.40319061279297,1.0,1,0.0,64.0,0.0,72.95051215637635,2.0
310308,GS HANIKA,,,,,,,71.80384826660156,,0,,,,82.625,2.0
310312,GS NGOMA ADV,West,Karongi,Gishyita,RURAL,GOVERNMENT_AIDED,Preprimary + Primary + Ordinal Level,63.96039581298828,1.0,1,1.0,58.0,1.0,76.695683252037,2.0
310313,EP RWARAMBA,West,Karongi,Gishyita,RURAL,PUBLIC,Preprimary + Primary,59.61538696289062,1.0,1,0.0,64.0,0.0,68.403155544665,1.0
310314,EP GISIZA,,,,,,,65.08474731445312,,0,,,,75.2699561403509,1.0
310315,EP MUSEBEYA,West,Karongi,Gishyita,RURAL,PUBLIC,Preprimary + Primary,59.72222137451172,1.0,1,0.0,64.0,0.0,,
310316,GS BUHORO,,,,,,,71.34146118164062,,0,,,,82.1721987444441,2.0
310317,GS GATABA,West,Karongi,Gishyita,RURAL,PUBLIC,Preprimary + Primary + Ordinal Level + General upper secondary,70.0,1.0,1,1.0,64.0,0.0,80.6590574548908,2.0
310331,EP MUNANIRA,,,,,,,50.11600875854492,,0,,,,73.9823392540374,1.0
310332,GETHSEMANE ADVENTIST PRIMARY SCHOOL,,,,,,,91.66667175292969,,0,,,,,
310403,G S GASHUBI,West,Karongi,Gitesi,RURAL,GOVERNMENT_AIDED,Preprimary + Primary + Ordinal Level,56.77083206176758,1.0,0,1.0,58.0,1.0,,
310405,GS GITEGA,West,Karongi,Gitesi,RURAL,GOVERNMENT_AIDED,Preprimary + Primary + Ordinal Level + General upper secondary,50.5190315246582,1.0,1,0.0,58.0,1.0,81.01059525060775,2.0
310408,GS GITESI,West,Karongi,Gitesi,RURAL,GOVERNMENT_AIDED,Preprimary + Primary + Ordinal Level,67.37089538574219,1.0,1,0.0,58.0,0.0,83.266725655873,2.0
310410,GS BUREGA,West,Karongi,Gitesi,RURAL,GOVERNMENT_AIDED,Preprimary + Primary + Ordinal Level + General upper secondary,54.36681365966797,1.0,1,0.0,58.0,0.0,69.8473474163689,1.0
310411,GS KIRAMBO,West,Karongi,Gitesi,RURAL,GOVERNMENT_AIDED,Preprimary + Primary + Ordinal Level + General upper secondary,60.86956405639648,1.0,1,1.0,58.0,0.0,79.8176383888648,2.0
310412,EP KANUNGA,West,Karongi,Gitesi,RURAL,GOVERNMENT_AIDED,Preprimary + Primary,68.64274597167969,1.0,1,0.0,58.0,0.0,82.012915601023,1.0
310414,EP KINYAMI,,,,,,,56.25,,0,,,,77.6002603856092,1.0
310417,EP MURAMBA,,,,,,,72.70531463623047,,0,,,,77.996045751634,1.0
310419,EP MUVUNGU,,,,,,,75.73221588134766,,0,,,,80.2453703703704,1.0
310423,EP RURUMBU,West,Karongi,Gitesi,RURAL,GOVERNMENT_AIDED,Preprimary + Primary,66.66667175292969,,1,0.0,58.0,1.0,83.8456896551724,1.0
310424,EP GISAGARA,,,,,,,73.54497528076172,,0,,,,63.1470246734398,1.0
310504,GS ST MICHEL DE MUBUGA,West,Karongi,Mubuga,RURAL,GOVERNMENT_AIDED,Preprimary + Primary + Ordinal Level + General upper secondary,66.66667175292969,1.0,1,0.0,58.0,0.0,72.944057027073,2.0
310506,EP KAGABIRO,,,,,,,68.94409942626953,,0,,,,68.773656578688,1.0
310508,GS MARA,West,Karongi,Mubuga,RURAL,GOVERNMENT_AIDED,Preprimary + Primary + Ordinal Level + General upper secondary,37.92134857177734,1.0,1,1.0,58.0,0.0,70.0188456912593,2.0
310512,GS GATAKA,West,Karongi,Mubuga,RURAL,GOVERNMENT_AIDED,Preprimary + Primary + Ordinal Level,67.9521255493164,1.0,1,1.0,58.0,0.0,77.5084270680268,2.0
310513,EP GIHIRA,,,,,,,61.22449111938477,,0,,,,71.9286889211417,1.0
310514,EP KABEZA,West,Karongi,Mubuga,RURAL,PUBLIC,Preprimary + Primary,59.77653884887695,1.0,1,0.0,64.0,0.0,72.9571839635012,1.0
310515,EP NYAGATOVU,,,,,,,48.57143020629883,,0,,,,75.7321414792193,1.0
310601,GS MUHORORO,West,Karongi,Murambi,RURAL,PUBLIC,Preprimary + Primary + Ordinal Level + General upper secondary,80.58251953125,1.0,1,1.0,64.0,0.0,68.2259684961057,1.0
310602,EP CYAMATARE,West,Karongi,Murambi,RURAL,GOVERNMENT_AIDED,Preprimary + Primary,55.24691390991211,1.0,1,0.0,58.0,0.0,65.6134238822864,1.0
310605,GS KIRINDA,West,Karongi,Murambi,RURAL,GOVERNMENT_AIDED,Preprimary + Primary + Ordinal Level + General upper secondary,56.55913925170898,1.0,1,0.0,58.0,0.0,76.1250715449909,2.0
310606,GS MUBUGA,West,Karongi,Murambi,RURAL,GOVERNMENT_AIDED,Preprimary + Primary + Ordinal Level + General upper secondary,60.13289260864258,1.0,1,0.0,58.0,0.0,76.0378455366519,1.0
310613,GS NKOTO,West,Karongi,Murambi,RURAL,GOVERNMENT_AIDED,Preprimary + Primary + Ordinal Level,73.1019515991211,1.0,1,1.0,58.0,0.0,75.2966058277664,2.0
310622,EP RUSENGE,West,Karongi,Murambi,RURAL,GOVERNMENT_AIDED,Preprimary + Primary,53.38345718383789,1.0,1,0.0,58.0,1.0,76.6475795692777,1.0
310623,EP NYAKABUYE,West,Karongi,Murambi,RURAL,GOVERNMENT_AIDED,Preprimary + Primary,56.96720886230469,1.0,1,0.0,58.0,1.0,,
310624,EP KAVUMU,West,Karongi,Murambi,RURAL,GOVERNMENT_AIDED,Preprimary + Primary,54.23197937011719,1.0,1,0.0,58.0,0.0,,
310625,EP MURAMBI,,,,,,,76.0,,0,,,,70.0379989691149,1.0
310626,GS NYAMUGALI,,,,,,,48.78048706054688,,0,,,,65.4792353788053,1.0
310627,Kirinda parent school,West,Karongi,Murambi,RURAL,PRIVATE,Primary,93.05555725097656,1.0,1,0.0,32.0,0.0,,
310703,EP GITANGA,West,Karongi,Murundi,RURAL,GOVERNMENT_AIDED,Preprimary + Primary,53.76712036132812,1.0,1,0.0,58.0,0.0,73.54716981132077,1.0
310704,GS NGOMA,West,Karongi,Murundi,RURAL,GOVERNMENT_AIDED,Preprimary + Primary + Ordinal Level + General upper secondary,51.58730316162109,1.0,1,0.0,58.0,0.0,75.1348597645262,2.0
310705,GS WITONGO,West,Karongi,Murundi,RURAL,GOVERNMENT_AIDED,Preprimary + Primary + Ordinal Level + General upper secondary,64.27605438232422,,1,0.0,58.0,0.0,77.63754338871024,2.0
310706,EP KURUGANDA,West,Karongi,Murundi,RURAL,GOVERNMENT_AIDED,Preprimary + Primary,63.69426727294922,1.0,1,0.0,58.0,0.0,79.6731974815745,1.0
310708,EP MUJYOJYO,,,,,,,66.36363983154297,,0,,,,65.6310751784996,1.0
310710,GS MUREHE,,,,,,,46.57179641723633,,0,,,,74.4103844932002,1.0
310712,EP NYAMABUYE,West,Karongi,Murundi,RURAL,GOVERNMENT_AIDED,Preprimary + Primary,86.36363983154297,1.0,1,0.0,58.0,0.0,81.86928721174,1.0
310713,EP SANZA,West,Karongi,Murundi,RURAL,GOVERNMENT_AIDED,Preprimary + Primary,63.56275177001953,1.0,1,0.0,58.0,0.0,82.8146424607579,1.0
310715,GS KABAYA,,,,,,,39.10447692871094,,0,,,,86.5929339477726,1.0
310716,GS BUKIRO,West,Karongi,Murundi,RURAL,PUBLIC,Preprimary + Primary + Ordinal Level + General upper secondary,64.59626770019531,1.0,1,0.0,64.0,0.0,83.73904403635825,2.0
310801,EP GIHUNGA,,,,,,,63.33333206176758,,0,,,,67.4385958156848,1.0
310804,GS GITITI,West,Karongi,Mutuntu,RURAL,GOVERNMENT_AIDED,Preprimary + Primary + Ordinal Level,73.17073059082031,1.0,1,1.0,58.0,0.0,62.6562141099262,1.0
310805,GS GISAYURA,West,Karongi,Mutuntu,RURAL,GOVERNMENT_AIDED,Preprimary + Primary + Ordinal Level + General upper secondary,58.91472625732422,,1,1.0,58.0,0.0,71.55821862154002,2.0
310806,GS MANJI,,,,,,,22.06896591186523,,0,,,,76.0568263894273,2.0
310807,EP KIRAGA,,,,,,,85.0467300415039,,0,,,,79.1106918238994,1.0
310808,EP KUGITUNTU,,,,,,,68.29971313476562,,0,,,,78.56928721174,1.0
310809,EP MUKUNGU C,West,Karongi,Mutuntu,RURAL,GOVERNMENT_AIDED,Preprimary + Primary,71.94444274902344,1.0,1,0.0,58.0,0.0,62.7360315083017,1.0
310810,GS Ngundusi,West,Karongi,Mutuntu,RURAL,GOVERNMENT_AIDED,Preprimary + Primary + Ordinal Level,58.16993713378906,,1,0.0,58.0,0.0,72.1999456187639,1.0
310811,EP NYARUKERI,West,Karongi,Mutuntu,RURAL,GOVERNMENT_AIDED,Preprimary + Primary,53.55191040039062,,1,0.0,58.0,0.0,,
310812,EP RUCURA,West,Karongi,Mutuntu,RURAL,GOVERNMENT_AIDED,Preprimary + Primary,64.28571319580078,1.0,1,0.0,58.0,0.0,74.4204259576901,1.0
310813,Ep Nyamugali B,,,,,,,68.67469787597656,,0,,,,,
310902,ETOILE,West,Karongi,Rubengera,URBAN,PRIVATE,Preprimary + Primary,100.0,1.0,1,0.0,32.0,0.0,,
310903,EP GACACA,West,Karongi,Rubengera,URBAN,GOVERNMENT_AIDED,Preprimary + Primary,43.33333206176758,1.0,1,0.0,58.0,0.0,64.8594090440135,1.0
310904,INDATWA SCHOOL RUBENGERA,West,Karongi,Rubengera,RURAL,PRIVATE,Preprimary + Primary,98.73417663574219,1.0,1,0.0,32.0,0.0,,
310905,EP BUBAZI,West,Karongi,Rubengera,RURAL,GOVERNMENT_AIDED,Preprimary + Primary,57.67575454711914,1.0,1,0.0,58.0,0.0,70.7998190626542,1.0
310906,GS KIBIRIZI,West,Karongi,Rubengera,RURAL,GOVERNMENT_AIDED,Preprimary + Primary + Ordinal Level + General upper secondary,77.85888671875,1.0,1,1.0,58.0,1.0,71.08425088097705,2.0
310907,GS NYARUBUYE,West,Karongi,Rubengera,RURAL,PUBLIC,Preprimary + Primary + Ordinal Level + General upper secondary,52.11581420898438,1.0,1,1.0,64.0,0.0,73.34237038299901,2.0
310910,EP KANYAMURINDA,West,Karongi,Rubengera,RURAL,GOVERNMENT_AIDED,Preprimary + Primary,39.39393997192383,1.0,1,0.0,58.0,0.0,,
310911,GS MATABA,West,Karongi,Rubengera,RURAL,GOVERNMENT_AIDED,Preprimary + Primary + Ordinal Level,48.28244018554688,1.0,1,0.0,58.0,0.0,72.5421045402584,2.0
310912,GS NYAGATOVU,West,Karongi,Rubengera,RURAL,GOVERNMENT_AIDED,Preprimary + Primary + Ordinal Level,58.37209320068359,1.0,1,1.0,58.0,0.0,75.43160379093045,2.0
310917,EP RUBENGERA 2,West,Karongi,Rubengera,RURAL,GOVERNMENT_AIDED,Preprimary + Primary,66.21359252929688,1.0,1,0.0,58.0,0.0,,
310918,EP RUTABO,West,Karongi,Rubengera,RURAL,GOVERNMENT_AIDED,Preprimary + Primary,66.66667175292969,1.0,1,0.0,58.0,1.0,66.3210475524941,1.0
310920,GS RWIMPIRI,West,Karongi,Rubengera,RURAL,GOVERNMENT_AIDED,Preprimary + Primary + Ordinal Level,60.12207412719727,1.0,1,0.0,58.0,0.0,72.26393835317946,2.0
310927,EP RUBENGERA I,West,Karongi,Rubengera,URBAN,GOVERNMENT_AIDED,Preprimary + Primary + Ordinal Level,49.51573944091797,1.0,1,0.0,58.0,0.0,78.9471335093977,1.0
310928,GS ZION RUBENGERA,West,Karongi,Rubengera,RURAL,GOVERNMENT_AIDED,Preprimary + Primary + Ordinal Level,73.86363983154297,1.0,1,0.0,58.0,0.0,71.10478699577305,2.0
310929,GS Gitwa,West,Karongi,Rubengera,RURAL,PUBLIC,Preprimary + Primary + Ordinal Level,51.02880477905273,1.0,1,0.0,64.0,0.0,83.2778093095396,2.0
311007,GS GAHENGERI,West,Karongi,Rugabano,RURAL,GOVERNMENT_AIDED,Preprimary + Primary + Ordinal Level + General upper secondary,77.84430694580078,,1,0.0,58.0,1.0,82.19802446951294,2.0
311021,GS BISUSA,West,Karongi,Rugabano,RURAL,GOVERNMENT_AIDED,Preprimary + Primary + Ordinal Level,58.64263153076172,1.0,1,0.0,58.0,0.0,82.0116253115971,1.0
311022,EP BIZU,West,Karongi,Rugabano,RURAL,GOVERNMENT_AIDED,Preprimary + Primary,67.24137878417969,1.0,1,0.0,58.0,0.0,76.1750796373438,1.0
311025,GS KAGOMBYI,West,Karongi,Rugabano,RURAL,GOVERNMENT_AIDED,Preprimary + Primary + Ordinal Level,60.12658309936523,1.0,1,1.0,58.0,0.0,83.0277669861003,1.0
311026,GS KARAMBO,West,Karongi,Rugabano,RURAL,GOVERNMENT_AIDED,Preprimary + Primary + Ordinal Level,45.42253494262695,,1,0.0,58.0,0.0,82.31525157232704,2.0
311033,EP KAREHE,West,Karongi,Rugabano,RURAL,GOVERNMENT_AIDED,Preprimary + Primary,63.6363639831543,1.0,1,0.0,58.0,0.0,76.0792815674891,1.0
311034,EP MBOGO,,,,,,,71.77914428710938,,0,,,,75.273248752982,1.0
311035,GS MISAGARA,,,,,,,80.0,,0,,,,77.3935146362295,2.0
311036,GS Rubona,,,,,,,59.84252166748047,,0,,,,76.459461796193,1.0
311101,GS BIGUHU A,,,,,,,80.3448257446289,,0,,,,76.24789613990555,2.0
311104,GS KIBARI,West,Karongi,Ruganda,RURAL,GOVERNMENT_AIDED,Preprimary + Primary + Ordinal Level + General upper secondary,73.2323226928711,,0,1.0,58.0,1.0,68.9335112173105,2.0
311105,GS NYABIKERI,,,,,,,69.51219177246094,,0,,,,79.09810676013385,2.0
311107,EP KINYOVU,West,Karongi,Ruganda,RURAL,GOVERNMENT_AIDED,Preprimary + Primary,77.54386138916016,,1,0.0,58.0,0.0,75.5658996778647,1.0
311108,GS NYAMUGWAGWA,,,,,,,71.26168060302734,,0,,,,77.8106195352311,1.0
311109,EP RUGANDA,,,,,,,75.0677490234375,,0,,,,77.6209290899951,1.0
311110,EP RUGOBAGOBA,,,,,,,33.33333587646484,,0,,,,67.8864085397257,1.0
311111,EP RWAMURAMIRA,West,Karongi,Ruganda,RURAL,GOVERNMENT_AIDED,Preprimary + Primary,67.48971557617188,1.0,1,0.0,58.0,1.0,77.5440614249673,1.0
311113,EP NYABISIGA,West,Karongi,Ruganda,RURAL,GOVERNMENT_AIDED,Preprimary + Primary,71.07437896728516,,1,0.0,58.0,0.0,62.975822128774,1.0
311201,GS BISESERO,West,Karongi,Rwankuba,RURAL,GOVERNMENT_AIDED,Preprimary + Primary + Ordinal Level + General upper secondary + TVET + TVET,25.0,1.0,1,0.0,58.0,0.0,79.78316591376804,2.0
311203,EP GASATA,,,,,,,75.69230651855469,,0,,,,,
311204,GS  BIGUGU,West,Karongi,Rwankuba,RURAL,GOVERNMENT_AIDED,Preprimary + Primary + Ordinal Level + General upper secondary,47.19424438476562,1.0,1,1.0,58.0,0.0,79.01745395037486,2.0
311206,GS MUSANGO,,,,,,,73.46939086914062,,0,,,,82.79314450472565,2.0
311207,GS RUBAZO,,,,,,,64.35643768310547,,0,,,,81.8318019097811,1.0
311208,EP KARONGI B,West,Karongi,Rwankuba,RURAL,GOVERNMENT_AIDED,Preprimary + Primary,53.06122207641602,1.0,1,0.0,58.0,0.0,79.5647849462366,1.0
311210,EP MUNINI,West,Karongi,Rwankuba,RURAL,GOVERNMENT_AIDED,Preprimary + Primary,60.63829803466797,1.0,1,0.0,58.0,0.0,74.6583333333333,1.0
311211,GS RUKORE,West,Karongi,Rwankuba,RURAL,PUBLIC,Preprimary + Primary + Ordinal Level,70.5882339477539,,1,1.0,64.0,0.0,82.82220120412444,2.0
311212,EP RUSHABARARA,,,,,,,51.39535140991211,,0,,,,82.0001347708895,1.0
311213,EP UMUBANO KIZIBA,West,Karongi,Rwankuba,RURAL,PUBLIC,Primary,60.99322891235352,,0,1.0,64.0,1.0,,
311305,EP MUKUNGU ADEPR,West,Karongi,Twumba,RURAL,GOVERNMENT_AIDED,Preprimary + Primary,61.19096374511719,1.0,1,0.0,58.0,1.0,68.5043144899285,1.0
311308,EP TEMA,,,,,,,61.25,,0,,,,50.6279144808664,1.0
311310,GS GITABURA,,,,,,,49.75845336914062,,0,,,,72.5018522782079,2.0
311317,GS NYARUBUYE A,West,Karongi,Twumba,RURAL,GOVERNMENT_AIDED,Preprimary + Primary + Ordinal Level,67.7033462524414,1.0,0,1.0,58.0,0.0,81.9655187440925,1.0
311318,GS NYARUYAGA,,,,,,,56.14035034179688,,0,,,,71.54452966721274,2.0
311319,EP NYAKABINGO,,,,,,,66.81034851074219,,0,,,,70.6302670076255,1.0
311322,EP RYAMUHIRE,,,,,,,72.44094848632812,,0,,,,,
311324,GS RUTABI,,,,,,,53.10077667236328,,0,,,,60.3143719391308,1.0
311325,GS MUNIGI,West,Karongi,Twumba,RURAL,GOVERNMENT_AIDED,Preprimary + Primary + Ordinal Level + General upper secondary,56.25,1.0,1,0.0,58.0,0.0,69.52684042032351,2.0
311328,GS TWUMBA,,,,,,,38.14432907104492,,0,,,,59.9926162257274,1.0
311329,EP NYARUTAGARA,,,,,,,37.83783721923828,,0,,,,72.871610198147,1.0
311330,EP NYABUBARE,,,,,,,64.28571319580078,,0,,,,65.5874802490938,1.0
320102,GS BUGARURA,West,Rutsiro,Boneza,RURAL,PUBLIC,Primary + Ordinal Level + General upper secondary,33.76205825805664,1.0,1,0.0,64.0,0.0,72.3118176597599,2.0
320104,EP BUSANZA,West,Rutsiro,Boneza,RURAL,GOVERNMENT_AIDED,Preprimary + Primary,59.16115188598633,1.0,1,0.0,58.0,0.0,81.9806746712407,1.0
320106,GS KIGARAMA,West,Rutsiro,Boneza,RURAL,PUBLIC,Preprimary + Primary + Ordinal Level + General upper secondary,38.40579605102539,1.0,1,0.0,64.0,0.0,81.0151832793342,1.0
320107,GS RUGAMBA,West,Rutsiro,Boneza,RURAL,PUBLIC,Preprimary + Primary + Ordinal Level,49.83388900756836,1.0,1,1.0,64.0,1.0,72.1807321319506,2.0
320109,EP KARAMA,West,Rutsiro,Boneza,RURAL,GOVERNMENT_AIDED,Preprimary + Primary,69.636962890625,1.0,1,0.0,58.0,0.0,72.5618932430253,1.0
320110,EP REMERA,,,,,,,62.90322494506836,,0,,,,,
320112,GS BUSHAKA,West,Rutsiro,Boneza,RURAL,GOVERNMENT_AIDED,Preprimary + Primary + Ordinal Level,45.2685432434082,1.0,1,1.0,58.0,0.0,84.71903238877145,2.0
320115,GS BUHORO,West,Rutsiro,Boneza,RURAL,GOVERNMENT_AIDED,Preprimary + Primary + Ordinal Level,72.05479431152344,1.0,1,1.0,58.0,0.0,62.31740613761865,2.0
320116,EP  KINUNU,West,Rutsiro,Boneza,RURAL,PUBLIC,Preprimary + Primary,54.1984748840332,1.0,1,0.0,64.0,0.0,76.2956168710517,1.0
320117,EP BONEZA,,,,,,,50.87209320068359,,0,,,,78.7194032644504,1.0
320118,EP GITWA,West,Rutsiro,Boneza,RURAL,PUBLIC,Preprimary + Primary,45.76271057128906,1.0,1,0.0,64.0,1.0,72.0531004914818,1.0
320201,EP BYERU,,,,,,,60.14109420776367,,0,,,,76.9239651802462,1.0
320203,GS CONGO NIL,West,Rutsiro,Gihango,RURAL,GOVERNMENT_AIDED,Preprimary + Primary + Ordinal Level + General upper secondary,69.0997543334961,1.0,1,0.0,58.0,0.0,84.23431474480074,2.0
320204,EP GIHANGO,West,Rutsiro,Gihango,RURAL,GOVERNMENT_AIDED,Preprimary + Primary,62.03554153442383,1.0,1,1.0,58.0,0.0,81.8128571428571,1.0
320205,EP KIBINGO,West,Rutsiro,Gihango,RURAL,GOVERNMENT_AIDED,Preprimary + Primary,57.10455703735352,1.0,1,0.0,58.0,1.0,79.1249475890985,1.0
320206,EP RUGARAMBIRO,West,Rutsiro,Gihango,RURAL,GOVERNMENT_AIDED,Preprimary + Primary,71.6906967163086,1.0,1,0.0,58.0,0.0,81.8327123780877,1.0
320207,GS RUGOTE,West,Rutsiro,Gihango,RURAL,GOVERNMENT_AIDED,Preprimary + Primary + Ordinal Level + TVET,66.00305938720703,1.0,1,1.0,58.0,0.0,80.38965273561506,2.0
320208,EP RUHINGO,West,Rutsiro,Gihango,RURAL,GOVERNMENT_AIDED,Preprimary + Primary,76.85589599609375,1.0,1,0.0,58.0,0.0,,
320209,EP RWAMIYAGA,West,Rutsiro,Gihango,RURAL,PUBLIC,Preprimary + Primary,64.09495544433594,1.0,1,0.0,64.0,0.0,82.0566037735849,1.0
320210,GS MATABA,West,Rutsiro,Gihango,RURAL,GOVERNMENT_AIDED,Preprimary + Primary + Ordinal Level,70.1754379272461,1.0,1,1.0,58.0,0.0,,
320302,EP CYIMBIRI,West,Rutsiro,Kigeyo,RURAL,GOVERNMENT_AIDED,Preprimary + Primary,62.57197952270508,1.0,1,0.0,58.0,0.0,78.973081982721,1.0
320304,EP GISUNZU,West,Rutsiro,Kigeyo,RURAL,PUBLIC,Preprimary + Primary,79.16667175292969,1.0,1,0.0,64.0,0.0,76.2071157063295,1.0
320307,GS KIGEYO B,West,Rutsiro,Kigeyo,RURAL,GOVERNMENT_AIDED,Preprimary + Primary + Ordinal Level + General upper secondary,72.97688293457031,1.0,1,1.0,58.0,0.0,82.04247748351062,1.0
320308,GS KINIHIRA,West,Rutsiro,Kigeyo,RURAL,PUBLIC,Preprimary + Primary + Ordinal Level,63.5514030456543,1.0,1,0.0,64.0,0.0,79.42468663992415,2.0
320310,EP MURAMBI B,,,,,,,67.38350677490234,,0,,,,80.8384383781614,1.0
320311,GS NGABO,West,Rutsiro,Kigeyo,RURAL,GOVERNMENT_AIDED,Preprimary + Primary + Ordinal Level,46.8187255859375,1.0,1,0.0,58.0,0.0,82.37951200208353,2.0
320312,EP NYAGAHINIKA,West,Rutsiro,Kigeyo,RURAL,GOVERNMENT_AIDED,Preprimary + Primary,54.19501113891602,1.0,1,0.0,58.0,0.0,76.1875225112281,1.0
320314,GS BUHINDURE,West,Rutsiro,Kigeyo,RURAL,PUBLIC,Preprimary + Primary + Ordinal Level + TVET,43.08231353759766,1.0,1,1.0,64.0,0.0,88.3953542539577,1.0
320401,EP BUGANAMANA,West,Rutsiro,Kivumu,RURAL,GOVERNMENT_AIDED,Preprimary + Primary,62.42171096801758,1.0,1,0.0,58.0,0.0,71.7851813194166,1.0
320402,GS GAHONDO,West,Rutsiro,Kivumu,RURAL,GOVERNMENT_AIDED,Preprimary + Primary + Ordinal Level,61.79516983032227,1.0,0,1.0,58.0,1.0,84.36829519747207,2.0
320403,GS KIVUMU,West,Rutsiro,Kivumu,URBAN,GOVERNMENT_AIDED,Preprimary + Primary + Ordinal Level + General upper secondary,73.64457702636719,1.0,1,0.0,58.0,0.0,76.95735139714893,2.0
320405,EP MWUFE,West,Rutsiro,Kivumu,RURAL,PUBLIC,Preprimary + Primary,49.53617858886719,1.0,1,0.0,64.0,0.0,,
320406,GS NYAMYUMBA,West,Rutsiro,Kivumu,RURAL,GOVERNMENT_AIDED,Preprimary + Primary + Ordinal Level + General upper secondary,51.51237106323242,1.0,1,1.0,58.0,1.0,76.28533235262842,2.0
320407,GS RWINYONI,West,Rutsiro,Kivumu,RURAL,GOVERNMENT_AIDED,Preprimary + Primary + Ordinal Level + General upper secondary,72.92161560058594,1.0,1,0.0,58.0,0.0,72.70404610792411,2.0
320409,GS  KARAMBI,West,Rutsiro,Kivumu,RURAL,PUBLIC,Preprimary + Primary + Ordinal Level,64.4539566040039,1.0,1,0.0,64.0,0.0,87.259232889708,2.0
320410,EP KABUJENJE,,,,,,,58.39894866943359,,0,,,,73.9141720811631,1.0
320411,EP BUNYONI,West,Rutsiro,Kivumu,RURAL,PUBLIC,Preprimary + Primary,76.5,1.0,1,0.0,64.0,0.0,81.7426405525716,1.0
320507,EP MPINGAMABUYE,West,Rutsiro,Manihira,RURAL,GOVERNMENT_AIDED,Preprimary + Primary,62.65060424804688,1.0,1,0.0,58.0,0.0,63.4066666666667,1.0
320508,EP MANIHIRA,West,Rutsiro,Manihira,RURAL,GOVERNMENT_AIDED,Preprimary + Primary,63.61185836791992,1.0,1,0.0,58.0,1.0,79.0215408805032,1.0
320509,GS KABEZA  TSS,West,Rutsiro,Manihira,RURAL,GOVERNMENT_AIDED,Preprimary + Primary + Ordinal Level + TVET,73.76725769042969,1.0,1,0.0,58.0,1.0,77.6202305315732,2.0
320510,EP MUJEBESHI,West,Rutsiro,Manihira,RURAL,GOVERNMENT_AIDED,Preprimary + Primary,68.31275939941406,1.0,1,0.0,58.0,0.0,76.059674868513,1.0
320511,EP RUTSIRO,West,Rutsiro,Manihira,RURAL,GOVERNMENT_AIDED,Preprimary + Primary,41.07452392578125,1.0,1,0.0,58.0,0.0,40.212417725449,1.0
320512,GS RWAMIKO,West,Rutsiro,Manihira,RURAL,GOVERNMENT_AIDED,Preprimary + Primary + Ordinal Level + General upper secondary,43.7984504699707,1.0,1,1.0,58.0,0.0,70.08169499623739,2.0
320601,GS BITENGA A,West,Rutsiro,Mukura,RURAL,GOVERNMENT_AIDED,Preprimary + Primary + Ordinal Level + General upper secondary,62.23683929443359,1.0,1,0.0,58.0,0.0,83.4125648310077,2.0
320602,EP GAKO,,,,,,,37.83783721923828,,0,,,,70.496089340429,1.0
320603,GS GIHARA,West,Rutsiro,Mukura,RURAL,GOVERNMENT_AIDED,Preprimary + Primary + Ordinal Level,42.47104263305664,1.0,1,0.0,58.0,0.0,70.60883686197165,2.0
320604,GS KIBARA,West,Rutsiro,Mukura,RURAL,PUBLIC,Preprimary + Primary + Ordinal Level,54.05405044555664,1.0,1,1.0,64.0,0.0,66.28759388398815,2.0
320605,EP KIGEYO A,West,Rutsiro,Mukura,RURAL,GOVERNMENT_AIDED,Preprimary + Primary,39.29824447631836,1.0,1,0.0,58.0,0.0,47.3680133561678,1.0
320606,EP MUCACA,West,Rutsiro,Mukura,RURAL,GOVERNMENT_AIDED,Preprimary + Primary,64.8809585571289,1.0,1,0.0,58.0,0.0,75.6999790740357,1.0
320607,GS MUKURA,West,Rutsiro,Mukura,RURAL,GOVERNMENT_AIDED,Preprimary + Primary + Ordinal Level,60.27397537231445,1.0,0,1.0,58.0,0.0,74.74395637389115,2.0
320608,EP MURAMBI A,West,Rutsiro,Mukura,RURAL,GOVERNMENT_AIDED,Preprimary + Primary,70.64676666259766,1.0,1,0.0,58.0,0.0,77.93717416084232,1.0
320609,GS MWENDO,West,Rutsiro,Mukura,RURAL,GOVERNMENT_AIDED,Preprimary + Primary + Ordinal Level,57.30593872070312,1.0,1,0.0,58.0,0.0,79.98574489886039,2.0
320610,GS Rwingongo  TSS,West,Rutsiro,Mukura,RURAL,GOVERNMENT_AIDED,Preprimary + Primary + Ordinal Level + General upper secondary + TVET,33.86454391479492,1.0,1,0.0,58.0,1.0,78.455849508481,2.0
320611,EP KAZIZI,West,Rutsiro,Mukura,RURAL,GOVERNMENT_AIDED,Preprimary + Primary,86.91099548339844,1.0,1,0.0,58.0,0.0,,
320612,GS RAMBURA,West,Rutsiro,Mukura,RURAL,PUBLIC,Preprimary + Primary + Ordinal Level,65.37162017822266,1.0,1,1.0,64.0,1.0,78.1523614823663,1.0
320702,EP BYIMANA,West,Rutsiro,Murunda,RURAL,GOVERNMENT_AIDED,Preprimary + Primary,53.65853881835938,1.0,1,0.0,58.0,0.0,,
320703,EP GATOKI,West,Rutsiro,Murunda,RURAL,GOVERNMENT_AIDED,Preprimary + Primary,64.0672836303711,1.0,1,0.0,58.0,0.0,78.5879011744594,1.0
320704,GS MURUNDA,West,Rutsiro,Murunda,RURAL,GOVERNMENT_AIDED,Preprimary + Primary + Ordinal Level + General upper secondary,65.30612182617188,1.0,1,1.0,58.0,0.0,86.79840346087924,2.0
320705,EP KAJUGUJUGU,West,Rutsiro,Murunda,RURAL,GOVERNMENT_AIDED,Preprimary + Primary,59.26380157470703,1.0,1,0.0,58.0,0.0,,
320707,GS BUKONGORA,West,Rutsiro,Murunda,RURAL,PUBLIC,Preprimary + Primary + Ordinal Level,57.01106643676758,,1,0.0,64.0,0.0,,
320801,GS GIHINGA I,West,Rutsiro,Musasa,RURAL,GOVERNMENT_AIDED,Preprimary + Primary + Ordinal Level,72.26107025146484,1.0,1,0.0,58.0,0.0,81.47483191888446,2.0
320802,GS GIHINGA II,,,,,,,76.46076965332031,,0,,,,84.09837080534518,2.0
320803,EP MUHORORO,West,Rutsiro,Musasa,RURAL,GOVERNMENT_AIDED,Preprimary + Primary,68.15203094482422,1.0,1,0.0,58.0,0.0,85.0924269528921,1.0
320804,GS MURAMA,West,Rutsiro,Musasa,RURAL,GOVERNMENT_AIDED,Preprimary + Primary + Ordinal Level + General upper secondary,52.52976226806641,1.0,1,1.0,58.0,0.0,80.6990241515718,2.0
320805,GS SYIKI,West,Rutsiro,Musasa,RURAL,GOVERNMENT_AIDED,Preprimary + Primary + Ordinal Level + General upper secondary + TVET,48.83720779418945,1.0,1,1.0,58.0,0.0,84.0012708394891,1.0
320806,EP BURUSERI,West,Rutsiro,Musasa,RURAL,PUBLIC,Preprimary + Primary,55.19999694824219,1.0,1,0.0,64.0,0.0,79.9678488236664,1.0
320807,EP NYAGAHINGA,,,,,,,44.0476188659668,,0,,,,80.4308999700509,1.0
320902,EP GISHWATI,West,Rutsiro,Mushonyi,RURAL,PUBLIC,Preprimary + Primary,57.75510025024414,1.0,1,0.0,64.0,0.0,80.3076519916143,1.0
320903,EP KAGANO,West,Rutsiro,Mushonyi,RURAL,PUBLIC,Preprimary + Primary,66.42857360839844,1.0,1,0.0,64.0,0.0,76.5764513788099,1.0
320904,GS KARUGARIKA,West,Rutsiro,Mushonyi,RURAL,PUBLIC,Preprimary + Primary + Ordinal Level,59.22619247436523,1.0,1,0.0,64.0,0.0,66.4295606195934,2.0
320905,GSMAZIBA,,,,,,,45.79256439208984,,0,,,,72.7445189230939,1.0
320907,GS RUGARAGARA,,,,,,,45.55555725097656,,0,,,,79.33207021005975,2.0
320908,EP UMUCYO,West,Rutsiro,Mushonyi,RURAL,GOVERNMENT_AIDED,Preprimary + Primary,43.51145172119141,1.0,1,0.0,58.0,0.0,80.6672222222222,1.0
320909,GS VUMBI,West,Rutsiro,Mushonyi,RURAL,GOVERNMENT_AIDED,Preprimary + Primary + Ordinal Level + General upper secondary,55.31914901733398,1.0,1,1.0,58.0,0.0,77.82767852677063,2.0
321001,EP BISYO,West,Rutsiro,Mushubati,RURAL,GOVERNMENT_AIDED,Preprimary + Primary,39.43661880493164,1.0,1,0.0,58.0,1.0,,
321003,GS KARAMBIRA,West,Rutsiro,Mushubati,RURAL,PUBLIC,Preprimary + Primary + Ordinal Level,23.45678901672363,1.0,1,0.0,64.0,0.0,79.99480068125166,2.0
321004,EP KIGWA,West,Rutsiro,Mushubati,RURAL,GOVERNMENT_AIDED,Preprimary + Primary,50.0,1.0,1,0.0,58.0,0.0,80.5977777777778,1.0
321005,EP MUBUGAMUSHUBATI,West,Rutsiro,Mushubati,RURAL,GOVERNMENT_AIDED,Preprimary + Primary,45.8015251159668,1.0,1,0.0,58.0,0.0,63.3714762535269,1.0
321007,EP RUBUBA,West,Rutsiro,Mushubati,RURAL,PUBLIC,Preprimary + Primary,53.29670333862305,1.0,1,0.0,64.0,0.0,81.1789398539724,1.0
321008,GS RUSORORO,West,Rutsiro,Mushubati,RURAL,GOVERNMENT_AIDED,Preprimary + Primary + Ordinal Level,54.84581756591797,1.0,1,1.0,58.0,0.0,80.22253987016401,2.0
321010,GS SURE,West,Rutsiro,Mushubati,RURAL,GOVERNMENT_AIDED,Preprimary + Primary + Ordinal Level,57.36040496826172,1.0,1,1.0,58.0,1.0,82.4881415424972,2.0
321013,CENTRE KOMERA,West,Rutsiro,Mushubati,RURAL,GOVERNMENT_AIDED,Preprimary + Primary,27.27272796630859,1.0,1,0.0,58.0,0.0,72.06469210675185,2.0
321014,GS MUSHUBATI,West,Rutsiro,Mushubati,RURAL,GOVERNMENT_AIDED,Preprimary + Primary + Ordinal Level + General upper secondary,81.12745666503906,1.0,1,1.0,58.0,0.0,86.78788643490526,2.0
321015,EP BUMBA,West,Rutsiro,Mushubati,RURAL,GOVERNMENT_AIDED,Preprimary + Primary,50.91210556030273,1.0,1,0.0,58.0,0.0,80.1105508870215,1.0
321016,EP MAGERAGERE,,,,,,,55.27728271484375,,0,,,,85.98977987421381,1.0
321101,GS BUSUKU,West,Rutsiro,Nyabirasi,RURAL,GOVERNMENT_AIDED,Preprimary + Primary + Ordinal Level,71.5811996459961,1.0,1,1.0,58.0,0.0,79.86291913705381,2.0
321102,EP CYIMA,West,Rutsiro,Nyabirasi,RURAL,GOVERNMENT_AIDED,Preprimary + Primary,47.91666412353516,1.0,1,0.0,58.0,0.0,,
321103,GS CYIVUGIZA,West,Rutsiro,Nyabirasi,RURAL,GOVERNMENT_AIDED,Preprimary + Primary + Ordinal Level,56.94822692871094,1.0,1,1.0,58.0,0.0,71.94811767831254,2.0
321104,EP GIHINGA,,,,,,,61.88811111450195,,0,,,,69.7236274009859,1.0
321106,GS KAZO,West,Rutsiro,Nyabirasi,RURAL,GOVERNMENT_AIDED,Preprimary + Primary + Ordinal Level,75.52870178222656,1.0,1,1.0,58.0,0.0,78.57843876252694,2.0
321107,EP MUBUGANYABIRASI,West,Rutsiro,Nyabirasi,RURAL,PUBLIC,Preprimary + Primary,60.16042709350586,1.0,1,0.0,64.0,0.0,70.8160651891784,1.0
321108,GS NKULI,West,Rutsiro,Nyabirasi,RURAL,PUBLIC,Preprimary + Primary + Ordinal Level,22.81879234313965,1.0,1,1.0,64.0,0.0,77.02729907977985,2.0
321109,GS NYABIRASI  TSS,West,Rutsiro,Nyabirasi,RURAL,GOVERNMENT_AIDED,Preprimary + Primary + Ordinal Level + General upper secondary + TVET,51.89999771118164,1.0,1,1.0,58.0,0.0,79.30513480988034,2.0
321111,EP RUTOVU,,,,,,,52.94117736816406,,0,,,,66.9088217338217,1.0
321113,EP NYABIRASI B,West,Rutsiro,Nyabirasi,RURAL,GOVERNMENT_AIDED,Preprimary + Primary,31.4606761932373,1.0,1,0.0,58.0,1.0,71.9701700680272,1.0
321201,GS BITENGA B,West,Rutsiro,Ruhango,RURAL,PUBLIC,Preprimary + Primary + Ordinal Level + General upper secondary,43.60902404785156,1.0,1,0.0,64.0,0.0,83.0984870282078,2.0
321202,EP BUSENDA,West,Rutsiro,Ruhango,RURAL,PUBLIC,Preprimary + Primary,26.56716346740723,1.0,1,0.0,64.0,0.0,,
321203,EP GASOVU,,,,,,,53.65853881835938,,0,,,,53.8960046766651,1.0
321204,GS KABITOVU,West,Rutsiro,Ruhango,RURAL,GOVERNMENT_AIDED,Preprimary + Primary + Ordinal Level,35.37735748291016,1.0,1,0.0,58.0,1.0,82.9674741157668,1.0
321205,GS KAVUMU,West,Rutsiro,Ruhango,RURAL,GOVERNMENT_AIDED,Preprimary + Primary + Ordinal Level + General upper secondary,71.32616424560547,1.0,1,1.0,58.0,1.0,81.68592817256254,2.0
321206,EP NYAKARERA,West,Rutsiro,Ruhango,RURAL,PUBLIC,Preprimary + Primary,74.5614013671875,1.0,1,0.0,64.0,0.0,85.5429245283019,1.0
321207,EP RUHANGO,West,Rutsiro,Ruhango,RURAL,GOVERNMENT_AIDED,Preprimary + Primary,61.70212554931641,,1,0.0,58.0,0.0,83.84453903973002,1.0
321208,GS RUNDOYI,West,Rutsiro,Ruhango,RURAL,GOVERNMENT_AIDED,Preprimary + Primary + Ordinal Level + TVET,59.97490692138672,1.0,1,0.0,58.0,0.0,77.54439349247926,2.0
321210,EP GASASA,West,Rutsiro,Ruhango,RURAL,PUBLIC,Preprimary + Primary,67.0840835571289,1.0,1,0.0,64.0,1.0,85.7899781241455,1.0
321301,GSGAKELI,West,Rutsiro,Rusebeya,RURAL,GOVERNMENT_AIDED,Preprimary + Primary + Ordinal Level,68.8888931274414,1.0,1,0.0,58.0,0.0,73.096485826002,1.0
321303,GSKIGAMBA,West,Rutsiro,Rusebeya,RURAL,GOVERNMENT_AIDED,Preprimary + Primary + Ordinal Level + General upper secondary,62.30303192138672,1.0,1,1.0,58.0,0.0,74.50776360612187,2.0
321304,EPMBELI,,,,,,,57.62081909179688,,0,,,,70.4053846153846,1.0
321306,GSMUNGOTI,West,Rutsiro,Rusebeya,RURAL,PUBLIC,Preprimary + Primary + Ordinal Level,15.00000095367432,1.0,1,1.0,64.0,0.0,60.3455734767025,1.0
321309,GS MUKORE,West,Rutsiro,Rusebeya,RURAL,GOVERNMENT_AIDED,Preprimary + Primary + Ordinal Level,49.38271713256836,1.0,1,0.0,58.0,0.0,74.5492134000086,2.0
330101,GS BIHE  TSS,West,Rubavu,Bugeshi,RURAL,GOVERNMENT_AIDED,Preprimary + Primary + Ordinal Level + General upper secondary + TVET,70.14925384521484,1.0,1,1.0,58.0,0.0,73.92061445800991,2.0
330104,CS BUGESHI,West,Rubavu,Bugeshi,RURAL,PUBLIC,Preprimary + Primary,55.36480712890625,1.0,1,0.0,64.0,0.0,60.6286741088915,1.0
330105,GS BURINGO,West,Rubavu,Bugeshi,RURAL,PUBLIC,Preprimary + Primary + Ordinal Level + General upper secondary,68.9170150756836,,1,0.0,64.0,0.0,75.0684279189126,2.0
330111,GS KABUMBA,West,Rubavu,Bugeshi,RURAL,GOVERNMENT_AIDED,Preprimary + Primary + Ordinal Level,68.43003845214844,1.0,1,1.0,58.0,0.0,74.7784772185734,2.0
330113,GS MUTOVU,West,Rubavu,Bugeshi,RURAL,PUBLIC,Preprimary + Primary + Ordinal Level,69.2982406616211,1.0,0,1.0,64.0,1.0,68.67391155733614,2.0
330115,CS  NSHERIMA,,,,,,,64.46540832519531,,0,,,,66.6006209150326,1.0
330117,EP RUSIZA,West,Rubavu,Bugeshi,RURAL,PUBLIC,Preprimary + Primary,66.01307678222656,1.0,1,0.0,64.0,0.0,69.1798654176012,1.0
330118,EP TERIMBERE,West,Rubavu,Bugeshi,RURAL,PUBLIC,Preprimary + Primary,52.98165130615234,1.0,1,0.0,64.0,1.0,74.1043186582809,1.0
330201,GS BUSASAMANA II  TSS,West,Rubavu,Busasamana,RURAL,GOVERNMENT_AIDED,Preprimary + Primary + Ordinal Level + General upper secondary + TVET,67.77677917480469,1.0,1,1.0,58.0,0.0,77.82191159610326,2.0
330205,EP KAGESHI,West,Rubavu,Busasamana,RURAL,PUBLIC,Preprimary + Primary,62.6826057434082,1.0,1,0.0,64.0,0.0,,
330206,EP KINOGO,West,Rubavu,Busasamana,RURAL,PUBLIC,Preprimary + Primary,76.41509246826172,1.0,1,0.0,64.0,0.0,76.1238707833047,1.0
330207,EP MAKORO,West,Rubavu,Busasamana,RURAL,GOVERNMENT_AIDED,Preprimary + Primary,51.31414413452148,1.0,1,0.0,58.0,0.0,74.3428537924982,1.0
330208,MUNANIRA,West,Rubavu,Busasamana,RURAL,PUBLIC,Preprimary + Primary,83.78661346435547,1.0,1,0.0,64.0,0.0,70.7267363959529,1.0
330209,GS BUHENGERI,West,Rubavu,Busasamana,RURAL,GOVERNMENT_AIDED,Preprimary + Primary + Ordinal Level + General upper secondary,70.04405212402344,1.0,1,0.0,58.0,0.0,67.1774121307598,2.0
330213,GS RWAMIGEGA,West,Rubavu,Busasamana,RURAL,GOVERNMENT_AIDED,Preprimary + Primary + Ordinal Level,18.18181800842285,1.0,1,1.0,58.0,0.0,67.36553364202925,2.0
330214,EP REBERO,West,Rubavu,Busasamana,RURAL,PUBLIC,Preprimary + Primary,77.01019287109375,1.0,1,0.0,64.0,0.0,75.6346903041117,1.0
330303,GS BUSIGARI,West,Rubavu,Cyanzarwe,RURAL,PUBLIC,Preprimary + Primary + Ordinal Level,51.05485153198242,1.0,1,1.0,64.0,0.0,70.23548426166785,2.0
330305,GS GORA,West,Rubavu,Cyanzarwe,RURAL,GOVERNMENT_AIDED,Preprimary + Primary + Ordinal Level,18.6335391998291,1.0,1,1.0,58.0,0.0,73.12331221352335,2.0
330306,EP KINYANZOVU,,,,,,,70.02188110351562,,0,,,,61.8796569881834,1.0
330307,EP MUKINGO,West,Rubavu,Cyanzarwe,RURAL,GOVERNMENT_AIDED,Preprimary + Primary,72.26667022705078,1.0,1,0.0,58.0,0.0,67.4918793932667,1.0
330308,GS RWANZEKUMA,West,Rubavu,Cyanzarwe,RURAL,GOVERNMENT_AIDED,Preprimary + Primary + Ordinal Level + General upper secondary,59.9670524597168,1.0,1,1.0,58.0,0.0,74.84415323279501,2.0
330309,CS RWANZEKUMA,West,Rubavu,Cyanzarwe,RURAL,GOVERNMENT_AIDED,Preprimary + Primary,72.398193359375,1.0,1,0.0,58.0,0.0,70.1439153439153,1.0
330311,GS RYABIZIGE TSS,West,Rubavu,Cyanzarwe,RURAL,GOVERNMENT_AIDED,Preprimary + Primary + Ordinal Level + TVET,73.29843139648438,1.0,1,1.0,58.0,0.0,69.5283861227704,2.0
330320,EP CYANZARWE,West,Rubavu,Cyanzarwe,RURAL,PUBLIC,Preprimary + Primary,64.35986328125,1.0,1,0.0,64.0,0.0,53.6876117496807,1.0
330321,EP MAKURIZO,West,Rubavu,Cyanzarwe,RURAL,PUBLIC,Preprimary + Primary,51.11731719970703,1.0,1,0.0,64.0,0.0,47.520653662558,1.0
330402,GS AMAHORO,West,Rubavu,Gisenyi,URBAN,GOVERNMENT_AIDED,Preprimary + Primary + Ordinal Level + General upper secondary,81.36094665527344,1.0,1,1.0,58.0,0.0,82.13485773902269,2.0
330418,EP GACUBA 2B,West,Rubavu,Gisenyi,URBAN,GOVERNMENT_AIDED,Preprimary + Primary,84.8030014038086,1.0,1,0.0,58.0,1.0,77.1944221721808,1.0
330420,GS GISENYI STELLA MARIS,West,Rubavu,Gisenyi,URBAN,GOVERNMENT_AIDED,Primary + Ordinal Level,62.43094253540039,1.0,1,1.0,58.0,0.0,71.97655949328956,2.0
330425,EP KIVUMU,West,Rubavu,Gisenyi,URBAN,GOVERNMENT_AIDED,Preprimary + Primary,76.21023559570312,1.0,1,0.0,58.0,0.0,70.2137555049322,1.0
330428,GS MUHATO,West,Rubavu,Gisenyi,URBAN,GOVERNMENT_AIDED,Primary + Ordinal Level + General upper secondary,77.73942565917969,1.0,1,1.0,58.0,0.0,72.61360198226505,2.0
330431,EP UBUMWE,West,Rubavu,Gisenyi,URBAN,GOVERNMENT_AIDED,Preprimary + Primary,62.55143737792969,1.0,1,0.0,58.0,0.0,68.1449304477842,1.0
330432,GS UMUBANO I,West,Rubavu,Gisenyi,URBAN,PUBLIC,Preprimary + Primary + Ordinal Level + General upper secondary,76.92308044433594,1.0,1,0.0,64.0,1.0,77.51036171337606,2.0
330433,GS UMUBANO II,West,Rubavu,Gisenyi,URBAN,PUBLIC,Preprimary + Primary + Ordinal Level + General upper secondary,83.30955505371094,1.0,1,1.0,64.0,1.0,75.98027912315715,2.0
330434,EP UMUBANO III,West,Rubavu,Gisenyi,URBAN,GOVERNMENT_AIDED,Preprimary + Primary,67.4033203125,1.0,1,0.0,58.0,0.0,74.9423754589413,1.0
330435,EP UMUBANO IV,West,Rubavu,Gisenyi,URBAN,GOVERNMENT_AIDED,Preprimary + Primary,81.42076873779297,1.0,1,0.0,58.0,0.0,64.922034070684,1.0
330451,GS NYARUBANDE,,,,,,,70.72808074951172,,0,,,,77.1461116827346,1.0
330504,EP KANAMA ADVENTIST,West,Rubavu,Kanama,RURAL,GOVERNMENT_AIDED,Preprimary + Primary,48.94179916381836,1.0,1,0.0,58.0,0.0,70.5186533956716,1.0
330509,CS MUSABIKE,West,Rubavu,Kanama,RURAL,GOVERNMENT_AIDED,Preprimary + Primary,49.82332229614258,1.0,1,0.0,58.0,0.0,,
330511,EP NYANSHUNDURA,West,Rubavu,Kanama,RURAL,GOVERNMENT_AIDED,Preprimary + Primary,55.33742141723633,1.0,1,0.0,58.0,0.0,71.287106918239,1.0
330512,GS RUSONGATI,West,Rubavu,Kanama,RURAL,GOVERNMENT_AIDED,Preprimary + Primary + Ordinal Level + General upper secondary,66.59193420410156,1.0,1,1.0,58.0,0.0,62.32066879437395,2.0
330513,EP RWANZUKI,,,,,,,55.88235092163086,,0,,,,65.2046550409758,1.0
330517,CS KARAMBO,West,Rubavu,Kanama,RURAL,GOVERNMENT_AIDED,Preprimary + Primary,49.72451782226562,1.0,1,0.0,58.0,0.0,,
330518,CS Yungwe,West,Rubavu,Kanama,RURAL,PUBLIC,Preprimary + Primary,80.625,1.0,1,0.0,64.0,1.0,66.5325757575758,1.0
330533,CS NYAGASOZI,West,Rubavu,Kanama,RURAL,PUBLIC,Preprimary + Primary,58.05648040771484,1.0,1,0.0,64.0,0.0,51.9328971427344,1.0
330534,GS KAMUHOZA,West,Rubavu,Kanama,RURAL,PUBLIC,Preprimary + Primary + Ordinal Level,56.23229598999023,1.0,1,0.0,64.0,0.0,71.42980087115305,2.0
330602,GS KABANA,West,Rubavu,Kanzenze,RURAL,GOVERNMENT_AIDED,Preprimary + Primary + Ordinal Level,63.06122589111328,1.0,1,0.0,58.0,0.0,58.74946865393305,2.0
330604,GS KANZENZE,West,Rubavu,Kanzenze,RURAL,GOVERNMENT_AIDED,Preprimary + Primary + Ordinal Level + General upper secondary + TVET,68.32740020751953,1.0,1,1.0,58.0,0.0,66.03615508947755,2.0
330605,CS KIREREMA,West,Rubavu,Kanzenze,RURAL,GOVERNMENT_AIDED,Preprimary + Primary,61.5384635925293,1.0,1,0.0,58.0,0.0,,
330608,GS NYAMIRANGO,West,Rubavu,Kanzenze,RURAL,PUBLIC,Primary + Ordinal Level,83.38761901855469,1.0,1,0.0,64.0,1.0,65.40541259940176,2.0
330615,EP KABERE,,,,,,,76.45502471923828,,0,,,,62.1132490446087,1.0
330705,CS BIHUNGWE,West,Rubavu,Mudende,RURAL,PUBLIC,Preprimary + Primary,48.16513824462891,1.0,1,0.0,64.0,0.0,69.3099577106378,1.0
330708,GS KANYUNDO,West,Rubavu,Mudende,RURAL,GOVERNMENT_AIDED,Preprimary + Primary + Ordinal Level,38.48101043701172,1.0,1,0.0,58.0,0.0,61.96864537186325,2.0
330712,GS MUDENDE,West,Rubavu,Mudende,RURAL,PUBLIC,Preprimary + Primary + Ordinal Level,63.74722671508789,1.0,1,1.0,64.0,0.0,68.13902359708085,2.0
330713,GS MUGONGO,West,Rubavu,Mudende,RURAL,PUBLIC,Preprimary + Primary + Ordinal Level + General upper secondary + TVET,41.86602783203125,1.0,1,1.0,64.0,0.0,72.231495298063,2.0
330718,EP TETERO,West,Rubavu,Mudende,RURAL,PUBLIC,Preprimary + Primary,75.40983581542969,1.0,1,0.0,64.0,0.0,74.6013327138666,1.0
330719,EP NDORANYI,West,Rubavu,Mudende,RURAL,PUBLIC,Preprimary + Primary,80.43478393554688,1.0,1,0.0,64.0,0.0,61.0597971606164,1.0
330802,GS BISIZI  TSS,West,Rubavu,Nyakiriba,RURAL,PUBLIC,Preprimary + Primary + Ordinal Level + TVET,65.92233276367188,1.0,1,1.0,64.0,0.0,80.70135471760435,2.0
330805,EP MAHOKO,West,Rubavu,Nyakiriba,URBAN,GOVERNMENT_AIDED,Preprimary + Primary,59.46969985961914,1.0,1,0.0,58.0,0.0,72.449965059399,1.0
330806,GS MUTURA II,West,Rubavu,Nyakiriba,RURAL,GOVERNMENT_AIDED,Preprimary + Primary + Ordinal Level,55.76208114624023,1.0,1,1.0,58.0,0.0,67.5235627072027,2.0
330807,GS NYAKILIBA,West,Rubavu,Nyakiriba,RURAL,GOVERNMENT_AIDED,Preprimary + Primary + Ordinal Level + General upper secondary,62.14953231811523,1.0,1,1.0,58.0,0.0,70.35532175633921,2.0
330808,EP RUVUZANANGA,,,,,,,56.43939208984375,,0,,,,76.2446738370856,1.0
330815,EP MUHIRA,West,Rubavu,Nyakiriba,RURAL,PUBLIC,Preprimary + Primary,78.73873901367188,1.0,1,0.0,64.0,0.0,82.8688095238095,1.0
330816,GS GIKOMBE,West,Rubavu,Nyakiriba,RURAL,PUBLIC,Preprimary + Primary + Ordinal Level,61.29032516479492,1.0,1,1.0,64.0,0.0,77.6918363439757,2.0
330817,HARVEST ACADEMY MAHOKO,West,Rubavu,Nyakiriba,URBAN,PRIVATE,Preprimary + Primary + Ordinal Level,88.23529815673828,1.0,1,1.0,32.0,0.0,,
330901,GS BURUSHYA,,,,,,,17.85714340209961,,0,,,,69.4907004126319,2.0
330903,GS BWITEREKE,West,Rubavu,Nyamyumba,RURAL,GOVERNMENT_AIDED,Preprimary + Primary + Ordinal Level + General upper secondary,62.02945709228516,1.0,1,1.0,58.0,0.0,67.5043780680604,1.0
330908,GS RAMBO,West,Rubavu,Nyamyumba,URBAN,PUBLIC,Preprimary + Primary + Ordinal Level + General upper secondary,67.07192993164062,1.0,1,1.0,64.0,0.0,79.0992448022445,2.0
330909,EP RUBONA,West,Rubavu,Nyamyumba,URBAN,GOVERNMENT_AIDED,Preprimary + Primary,66.09498596191406,1.0,1,0.0,58.0,0.0,68.2778889933819,1.0
330913,GS BUSORO,West,Rubavu,Nyamyumba,RURAL,GOVERNMENT_AIDED,Preprimary + Primary + Ordinal Level + General upper secondary + TVET,45.96622848510742,1.0,1,1.0,58.0,0.0,70.66302541091139,2.0
330921,EP BUHANGA,West,Rubavu,Nyamyumba,RURAL,PUBLIC,Preprimary + Primary,69.62457275390625,1.0,1,0.0,64.0,1.0,72.4906667388922,1.0
330922,GS KABIZA,West,Rubavu,Nyamyumba,RURAL,PUBLIC,Preprimary + Primary + Ordinal Level,67.02127075195312,1.0,1,1.0,64.0,0.0,75.14434498595635,2.0
330928,RAINBOW ACADEMY,West,Rubavu,Nyamyumba,URBAN,PRIVATE,Preprimary + Primary,86.1111068725586,1.0,1,1.0,32.0,0.0,,
331006,EP KAYANZA AMBROISE,West,Rubavu,Nyundo,RURAL,GOVERNMENT_AIDED,Preprimary + Primary,54.05636596679688,1.0,1,0.0,58.0,0.0,64.5578682905727,1.0
331007,EP KIGARAMA,,,,,,,47.26027297973633,,0,,,,69.0538400389194,1.0
331010,GS MUKONDO,West,Rubavu,Nyundo,RURAL,PUBLIC,Preprimary + Primary + Ordinal Level + General upper secondary,57.69534301757812,1.0,1,1.0,64.0,1.0,73.4885944827789,2.0
331013,EP RUSAMAZA,West,Rubavu,Nyundo,RURAL,GOVERNMENT_AIDED,Preprimary + Primary,69.8503189086914,1.0,1,0.0,58.0,0.0,77.419209499024,1.0
331019,EP KAMUGARURA,West,Rubavu,Nyundo,RURAL,PUBLIC,Preprimary + Primary,66.47887420654297,1.0,1,0.0,64.0,0.0,69.2410269125716,1.0
331020,AFRICA BORA ACADEMY,West,Rubavu,Nyundo,URBAN,PRIVATE,Preprimary + Primary,92.30769348144531,1.0,1,1.0,32.0,0.0,,
331023,GS BAHIMBA,West,Rubavu,Nyundo,RURAL,PUBLIC,Preprimary + Primary + Ordinal Level,59.708740234375,1.0,1,1.0,64.0,0.0,74.3566705059167,2.0
331025,EP KINIHIRA,West,Rubavu,Nyundo,RURAL,PUBLIC,Preprimary + Primary,47.35202407836914,1.0,1,0.0,64.0,0.0,69.3126193803867,1.0
331026,EP PFUNDA,,,,,,,62.27915191650391,,0,,,,71.5774730731036,1.0
331102,GS  BUHAZA,West,Rubavu,Rubavu,URBAN,PUBLIC,Preprimary + Primary + Ordinal Level,68.0851058959961,1.0,1,1.0,64.0,0.0,75.6301650462535,2.0
331105,GS KANEMBWE I,West,Rubavu,Rubavu,RURAL,GOVERNMENT_AIDED,Preprimary + Primary + Ordinal Level + General upper secondary,74.89421844482422,1.0,1,1.0,58.0,1.0,70.2600224801379,2.0
331106,GS KANEMBWE II,West,Rubavu,Rubavu,RURAL,GOVERNMENT_AIDED,Preprimary + Primary + Ordinal Level,79.9141616821289,1.0,1,1.0,58.0,0.0,75.11307397710465,2.0
331109,GS MURAMBI,West,Rubavu,Rubavu,RURAL,GOVERNMENT_AIDED,Preprimary + Primary + Ordinal Level,73.27188873291016,1.0,1,0.0,58.0,0.0,81.8304723872175,1.0
331110,MURARA,West,Rubavu,Rubavu,RURAL,PUBLIC,Preprimary + Primary,82.79883575439453,1.0,1,0.0,64.0,1.0,83.2063291222941,1.0
331127,GS Rubavu I,West,Rubavu,Rubavu,RURAL,GOVERNMENT_AIDED,Preprimary + Primary + Ordinal Level,82.00514221191406,1.0,1,1.0,58.0,0.0,79.92613795052115,2.0
331130,EP ISANGANO,West,Rubavu,Rubavu,URBAN,PUBLIC,Preprimary + Primary,79.80769348144531,1.0,1,0.0,64.0,0.0,80.8755239982094,1.0
331132,EP BUSHENGO,West,Rubavu,Rubavu,RURAL,GOVERNMENT_AIDED,Preprimary + Primary,64.98855590820312,1.0,1,0.0,58.0,0.0,,
331133,EP GABIRO,,,,,,,81.47714233398438,,0,,,,73.4003585209492,1.0
331137,IRIBA ACADEMY,West,Rubavu,Rubavu,URBAN,PRIVATE,Preprimary + Primary,70.0,1.0,1,0.0,32.0,0.0,,
331202,EP BASA,West,Rubavu,Rugerero,RURAL,PUBLIC,Preprimary + Primary,11.31221771240234,1.0,1,0.0,64.0,0.0,49.2999490094482,1.0
331205,EP KABIRIZI,West,Rubavu,Rugerero,URBAN,PUBLIC,Preprimary + Primary,62.57449340820312,1.0,1,0.0,64.0,0.0,73.0457779600765,1.0
331208,EP KIROJI,West,Rubavu,Rugerero,URBAN,GOVERNMENT_AIDED,Preprimary + Primary,56.50223922729492,1.0,1,0.0,58.0,1.0,62.8677093474263,1.0
331212,GS NKAMA,West,Rubavu,Rugerero,RURAL,GOVERNMENT_AIDED,Preprimary + Primary + Ordinal Level,52.36111450195312,1.0,1,1.0,58.0,0.0,73.53833381544649,2.0
331213,GS RUBAVU II,West,Rubavu,Rugerero,URBAN,PUBLIC,Preprimary + Primary + Ordinal Level,61.89697265625,1.0,1,1.0,64.0,0.0,79.09246880069816,2.0
331216,GS SHWEMU,West,Rubavu,Rugerero,URBAN,GOVERNMENT_AIDED,Preprimary + Primary + Ordinal Level + General upper secondary,92.42053985595703,1.0,1,1.0,58.0,0.0,78.08102521065081,2.0
331230,EP GISA,West,Rubavu,Rugerero,URBAN,PUBLIC,Preprimary + Primary,39.34426116943359,1.0,1,0.0,64.0,0.0,59.4022519780889,1.0
331231,EP RUSAVE,West,Rubavu,Rugerero,RURAL,PUBLIC,Preprimary + Primary,57.43801498413086,1.0,1,0.0,64.0,0.0,72.8892118076689,1.0
331232,GS SHWEMU II  TSS,West,Rubavu,Rugerero,RURAL,PUBLIC,Preprimary + Primary + Ordinal Level + TVET,72.19731140136719,1.0,1,1.0,64.0,1.0,70.8701506010564,2.0
331233,GS GITEBE II,West,Rubavu,Rugerero,RURAL,PUBLIC,Preprimary + Primary + Ordinal Level,65.97293853759766,1.0,1,1.0,64.0,0.0,78.2746844660379,2.0
340101,GS RUSHO ARUSHA,West,Nyabihu,Bigogwe,RURAL,PUBLIC,Preprimary + Primary + Ordinal Level,77.5933609008789,1.0,1,1.0,64.0,0.0,76.15875656545165,2.0
340102,GS BIGOGWE,West,Nyabihu,Bigogwe,RURAL,GOVERNMENT_AIDED,Preprimary + Primary + Ordinal Level + General upper secondary,69.44444274902344,1.0,1,1.0,58.0,1.0,73.4367181308665,2.0
340103,EP BIGOGWE II,West,Nyabihu,Bigogwe,RURAL,PUBLIC,Primary,62.37942123413086,1.0,1,0.0,64.0,0.0,74.3416789330479,1.0
340106,GS REGA CATH,West,Nyabihu,Bigogwe,RURAL,GOVERNMENT_AIDED,Preprimary + Primary + Ordinal Level + General upper secondary,67.60912322998047,1.0,1,1.0,58.0,0.0,64.364734630217,2.0
340107,GS VUGA,West,Nyabihu,Bigogwe,RURAL,GOVERNMENT_AIDED,Preprimary + Primary + Ordinal Level,53.49716567993164,1.0,1,1.0,58.0,0.0,75.6931054964333,2.0
340108,EP KIJOTE,West,Nyabihu,Bigogwe,RURAL,GOVERNMENT_AIDED,Preprimary + Primary,84.21052551269531,1.0,1,0.0,58.0,0.0,72.4215168958533,1.0
340109,EP KORA ADVENTISTE,West,Nyabihu,Bigogwe,RURAL,GOVERNMENT_AIDED,Preprimary + Primary,71.21588134765625,1.0,1,0.0,58.0,0.0,70.1998309325759,1.0
340110,GS KORA CATHOLIQUE,West,Nyabihu,Bigogwe,RURAL,GOVERNMENT_AIDED,Preprimary + Primary + Ordinal Level,72.94552612304688,1.0,1,1.0,58.0,0.0,74.94650893334675,2.0
340112,EP NYABIHU CHRISTIAN ACADEMY,West,Nyabihu,Bigogwe,URBAN,PRIVATE,Preprimary + Primary,96.29629516601562,1.0,1,1.0,32.0,0.0,,
340113,EP BASUMBA,West,Nyabihu,Bigogwe,RURAL,GOVERNMENT_AIDED,Preprimary + Primary,61.5384635925293,1.0,1,0.0,58.0,0.0,76.885441416259,1.0
340117,EP KARIYERI,,,,,,,48.66468811035156,,0,,,,76.8690775681342,1.0
340203,EP BUKINANYANA ADEPR,West,Nyabihu,Jenda,RURAL,GOVERNMENT_AIDED,Preprimary + Primary + Ordinal Level,73.15789794921875,1.0,1,0.0,58.0,0.0,62.2889662806873,1.0
340204,EP BUKINANYANA OFF,West,Nyabihu,Jenda,RURAL,PUBLIC,Primary,53.6355094909668,1.0,1,0.0,64.0,0.0,74.1377358490566,1.0
340205,GS JENDA,West,Nyabihu,Jenda,URBAN,PUBLIC,Preprimary + Primary + Ordinal Level + General upper secondary,64.31095886230469,1.0,1,1.0,64.0,0.0,77.43058396941805,2.0
340206,GS REGA ADEPR,West,Nyabihu,Jenda,RURAL,GOVERNMENT_AIDED,Preprimary + Primary + Ordinal Level + TVET,43.61581802368164,1.0,1,1.0,58.0,0.0,81.79099595547795,2.0
340208,GS KAREBA,West,Nyabihu,Jenda,RURAL,GOVERNMENT_AIDED,Preprimary + Primary + Ordinal Level + General upper secondary,64.4000015258789,1.0,1,0.0,58.0,0.0,75.0541063792054,2.0
340302,GS CYUMBA,West,Nyabihu,Jomba,RURAL,GOVERNMENT_AIDED,Preprimary + Primary + Ordinal Level,63.14606475830078,1.0,1,0.0,58.0,0.0,78.1811795515805,1.0
340303,GS JOMBA,West,Nyabihu,Jomba,RURAL,GOVERNMENT_AIDED,Preprimary + Primary + Ordinal Level + General upper secondary,60.28291702270508,1.0,1,0.0,58.0,0.0,77.44841505486579,2.0
340304,CS KAVUMU,West,Nyabihu,Jomba,RURAL,PUBLIC,Preprimary + Primary,75.9259262084961,1.0,1,0.0,64.0,0.0,73.0918238993711,1.0
340305,GS MURAMBI,West,Nyabihu,Jomba,RURAL,GOVERNMENT_AIDED,Preprimary + Primary + Ordinal Level,64.73684692382812,1.0,1,1.0,58.0,0.0,78.9853744685606,1.0
340306,EP NYAMITANZI,West,Nyabihu,Jomba,RURAL,GOVERNMENT_AIDED,Preprimary + Primary,62.71186447143555,1.0,1,0.0,58.0,0.0,73.4656190091817,1.0
340402,EP BUTAKA,West,Nyabihu,Kabatwa,RURAL,GOVERNMENT_AIDED,Preprimary + Primary,55.55555725097656,1.0,1,0.0,58.0,0.0,73.1256463124685,1.0
340404,GS AKIMITONI  TSS,West,Nyabihu,Kabatwa,RURAL,GOVERNMENT_AIDED,Preprimary + Primary + Ordinal Level + TVET,56.6121826171875,1.0,1,1.0,58.0,0.0,84.9074437173663,2.0
340405,GS KABATWA,West,Nyabihu,Kabatwa,RURAL,GOVERNMENT_AIDED,Preprimary + Primary + Ordinal Level + General upper secondary,57.81487274169922,1.0,1,1.0,58.0,0.0,76.8564673988998,2.0
340406,EP GIHORWE,,,,,,,59.54545593261719,,0,,,,73.0292118023399,1.0
340407,EP BATIKOTI,West,Nyabihu,Kabatwa,RURAL,PUBLIC,Preprimary + Primary,50.98039627075195,1.0,1,0.0,64.0,0.0,82.1216796152423,1.0
340501,EP CYAMABUYE,West,Nyabihu,Karago,RURAL,PUBLIC,Preprimary + Primary,70.76166534423828,1.0,1,0.0,64.0,0.0,68.4469623641318,1.0
340502,EP NYABURARO,,,,,,,68.62348175048828,,0,,,,76.4088062503047,1.0
340503,GS GATAGARA,West,Nyabihu,Karago,RURAL,GOVERNMENT_AIDED,Preprimary + Primary + Ordinal Level,46.24624633789062,1.0,1,1.0,58.0,1.0,84.2547963550783,1.0
340504,GS GIHIRA,West,Nyabihu,Karago,RURAL,GOVERNMENT_AIDED,Preprimary + Primary + Ordinal Level,59.362548828125,1.0,1,1.0,58.0,0.0,74.88352572255471,2.0
340506,EP KINYANJA,West,Nyabihu,Karago,RURAL,GOVERNMENT_AIDED,Preprimary + Primary,53.33333587646484,1.0,1,0.0,58.0,1.0,78.0561146051712,1.0
340507,EP RUHIGIRO,,,,,,,58.65921783447266,,0,,,,79.7595541990381,1.0
340509,EP GASASA,West,Nyabihu,Karago,RURAL,PUBLIC,Preprimary + Primary,64.15093994140625,,1,0.0,64.0,0.0,78.4912997903564,1.0
340602,GS KINTOBO,West,Nyabihu,Kintobo,RURAL,GOVERNMENT_AIDED,Preprimary + Primary + Ordinal Level + General upper secondary,23.69477844238281,1.0,1,1.0,58.0,0.0,75.5086003384158,2.0
340605,EP MBURABUTURO,West,Nyabihu,Kintobo,RURAL,GOVERNMENT_AIDED,Preprimary + Primary,52.42718505859375,,1,0.0,58.0,0.0,72.3716981132075,1.0
340606,EP RUNIGI,,,,,,,55.33596801757812,,0,,,,,
340607,EP RYINYO,West,Nyabihu,Kintobo,RURAL,GOVERNMENT_AIDED,Preprimary + Primary,48.14814758300781,,1,0.0,58.0,0.0,78.7379155435759,1.0
340608,EP GATOVU,West,Nyabihu,Kintobo,RURAL,PUBLIC,Preprimary + Primary,60.4234504699707,1.0,1,0.0,64.0,0.0,67.6795647933273,1.0
340705,GS MUKAMIRA,West,Nyabihu,Mukamira,RURAL,PUBLIC,Preprimary + Primary + Ordinal Level + General upper secondary,65.56122589111328,1.0,1,1.0,64.0,0.0,76.49998173708019,2.0
340706,GS NANGA,West,Nyabihu,Mukamira,RURAL,GOVERNMENT_AIDED,Preprimary + Primary + Ordinal Level,59.64391708374023,1.0,0,1.0,58.0,1.0,74.2473122778225,1.0
340707,GS RWANKERI,West,Nyabihu,Mukamira,RURAL,GOVERNMENT_AIDED,Preprimary + Primary + Ordinal Level,48.97959136962891,1.0,1,1.0,58.0,0.0,82.4095113347374,2.0
340708,EP GATARE,West,Nyabihu,Mukamira,RURAL,PUBLIC,Preprimary + Primary,66.66667175292969,1.0,1,0.0,64.0,0.0,75.24309190505173,1.0
340720,GS JABA,West,Nyabihu,Mukamira,RURAL,PUBLIC,Preprimary + Primary + Ordinal Level,58.678955078125,1.0,1,0.0,64.0,0.0,80.2278103160456,1.0
340723,NYABIHU SCHOOL FOR THE DEAF,West,Nyabihu,Mukamira,RURAL,PRIVATE,Primary,46.875,1.0,1,0.0,32.0,0.0,,
340801,GS GITEBE,West,Nyabihu,Muringa,RURAL,GOVERNMENT_AIDED,Preprimary + Primary + Ordinal Level + General upper secondary,60.48192977905273,1.0,1,1.0,58.0,0.0,64.3200177808717,2.0
340803,EP GATINDORI,West,Nyabihu,Muringa,RURAL,PUBLIC,Preprimary + Primary,46.55172348022461,1.0,1,0.0,64.0,0.0,79.2245375169903,1.0
340804,GS MULINGA,West,Nyabihu,Muringa,RURAL,GOVERNMENT_AIDED,Preprimary + Primary + Ordinal Level + General upper secondary + TVET,63.6363639831543,1.0,1,0.0,58.0,0.0,69.46098291305564,2.0
340805,EP MUREMURE,West,Nyabihu,Muringa,RURAL,GOVERNMENT_AIDED,Preprimary + Primary,63.74045562744141,1.0,1,0.0,58.0,0.0,77.4773285414795,1.0
340806,EP MWIYANIKE,West,Nyabihu,Muringa,RURAL,GOVERNMENT_AIDED,Preprimary + Primary,70.0,1.0,1,0.0,58.0,1.0,72.3196230962753,1.0
340807,GS RUBARE,West,Nyabihu,Muringa,RURAL,GOVERNMENT_AIDED,Preprimary + Primary + Ordinal Level,56.30252456665039,1.0,1,0.0,58.0,0.0,77.38709197305995,2.0
340808,EP RWANTOBO,West,Nyabihu,Muringa,RURAL,PUBLIC,Preprimary + Primary,77.45901489257812,1.0,1,0.0,64.0,0.0,79.5474842767296,1.0
340901,EP BIREMBO,West,Nyabihu,Rambura,RURAL,PUBLIC,Preprimary + Primary,67.61363983154297,1.0,1,0.0,64.0,0.0,80.8681290586491,1.0
340902,EP CYUGI,West,Nyabihu,Rambura,RURAL,GOVERNMENT_AIDED,Preprimary + Primary,64.06684875488281,1.0,1,0.0,58.0,0.0,75.4157162235964,1.0
340907,GS RUGAMBA,West,Nyabihu,Rambura,RURAL,GOVERNMENT_AIDED,Preprimary + Primary + Ordinal Level,63.93714141845703,,1,0.0,58.0,0.0,79.64874897988105,2.0
340909,EP KINIHIRA,West,Nyabihu,Rambura,RURAL,GOVERNMENT_AIDED,Preprimary + Primary,57.51211547851562,1.0,1,0.0,58.0,0.0,78.7944919324501,1.0
340910,EP MUTAHO,West,Nyabihu,Rambura,RURAL,GOVERNMENT_AIDED,Preprimary + Primary,75.36231994628906,,1,0.0,58.0,1.0,78.6402273826802,1.0
340911,EP NTARAMA,West,Nyabihu,Rambura,RURAL,GOVERNMENT_AIDED,Preprimary + Primary,66.30435180664062,1.0,1,0.0,58.0,0.0,76.9853690830851,1.0
340912,GS NYIRAGIKOKORA,,,,,,,41.80327987670898,,0,,,,78.7958355076982,2.0
340914,GS StRaphael Rambura,West,Nyabihu,Rambura,RURAL,GOVERNMENT_AIDED,Preprimary + Primary + Ordinal Level + General upper secondary,78.69635009765625,1.0,1,1.0,58.0,0.0,77.7869851826099,1.0
341001,EP NGANZO,West,Nyabihu,Rugera,RURAL,GOVERNMENT_AIDED,Preprimary + Primary,50.0,1.0,1,0.0,58.0,1.0,79.0828281965907,1.0
341003,GS GAKORO,West,Nyabihu,Rugera,RURAL,PUBLIC,Preprimary + Primary + Ordinal Level + General upper secondary,51.50905227661133,1.0,1,1.0,64.0,0.0,74.17063006616725,2.0
341005,EP GITOTSI,,,,,,,53.74149703979492,,0,,,,77.4399787126115,1.0
341006,EP MARANGARA,West,Nyabihu,Rugera,RURAL,GOVERNMENT_AIDED,Preprimary + Primary,80.48780822753906,1.0,1,0.0,58.0,0.0,84.1510776192668,1.0
341007,EP MUKIRANGWE,,,,,,,45.41832733154297,,0,,,,78.8870314976735,1.0
341008,GS MURAMA  TSS,West,Nyabihu,Rugera,RURAL,GOVERNMENT_AIDED,Preprimary + Primary + Ordinal Level + TVET,45.40983581542969,1.0,1,0.0,58.0,1.0,80.1399440296878,2.0
341009,EP RUGERA,,,,,,,44.69696807861328,,0,,,,74.964306668202,1.0
341010,EP RUREMBO I,West,Nyabihu,Rugera,RURAL,PUBLIC,Preprimary + Primary,70.42682647705078,1.0,1,0.0,64.0,0.0,76.441524082972,1.0
341013,EP St  Vincent de Paul MWAMBI,West,Nyabihu,Rugera,RURAL,GOVERNMENT_AIDED,Preprimary + Primary,51.87165832519531,1.0,1,0.0,58.0,0.0,,
341014,EP KAGANO,,,,,,,76.84564208984375,,0,,,,81.5093553459119,1.0
341101,GS CYANIKA,West,Nyabihu,Rurembo,RURAL,GOVERNMENT_AIDED,Preprimary + Primary + Ordinal Level,32.3636360168457,1.0,1,1.0,58.0,0.0,70.62434392833964,2.0
341102,GS RUREMBO,West,Nyabihu,Rurembo,RURAL,GOVERNMENT_AIDED,Preprimary + Primary + Ordinal Level + General upper secondary + TVET,57.92079162597656,1.0,1,0.0,58.0,1.0,82.0366941800624,1.0
341103,EP GAHONDO,West,Nyabihu,Rurembo,RURAL,GOVERNMENT_AIDED,Preprimary + Primary,50.0,1.0,1,0.0,58.0,0.0,75.1561146051712,1.0
341104,EP KARAMBI,West,Nyabihu,Rurembo,RURAL,GOVERNMENT_AIDED,Preprimary + Primary,51.51515197753906,1.0,1,0.0,58.0,0.0,77.5895092367366,1.0
341105,EP KAZENZO,West,Nyabihu,Rurembo,RURAL,GOVERNMENT_AIDED,Preprimary + Primary,41.0,1.0,1,0.0,58.0,0.0,77.1193862101095,1.0
341106,GS MUHUNGWE,West,Nyabihu,Rurembo,RURAL,GOVERNMENT_AIDED,Preprimary + Primary + Ordinal Level,76.83397674560547,1.0,1,0.0,58.0,0.0,76.89205637980024,2.0
341107,EP Nyagahangara,,,,,,,55.0,,0,,,,,
341108,GS MURUNGU,West,Nyabihu,Rurembo,RURAL,GOVERNMENT_AIDED,Preprimary + Primary + Ordinal Level,86.66666412353516,,1,0.0,58.0,1.0,78.6229200214708,1.0
341110,EP RUGARAMBIRO,West,Nyabihu,Rurembo,RURAL,GOVERNMENT_AIDED,Preprimary + Primary,71.95571899414062,1.0,1,0.0,58.0,0.0,79.9151349158044,1.0
341202,EP CYARWA,West,Nyabihu,Shyira,RURAL,GOVERNMENT_AIDED,Preprimary + Primary,65.44850158691406,1.0,1,0.0,58.0,1.0,77.8801886792453,1.0
341204,GS BIHEMBE,West,Nyabihu,Shyira,RURAL,GOVERNMENT_AIDED,Preprimary + Primary + Ordinal Level,55.29412078857422,1.0,1,1.0,58.0,1.0,79.20222402219255,2.0
341206,GS GACURABWENGE,West,Nyabihu,Shyira,RURAL,GOVERNMENT_AIDED,Preprimary + Primary + Ordinal Level,61.48148345947266,1.0,1,0.0,58.0,0.0,76.8869189301787,2.0
341207,GS VUNGA,West,Nyabihu,Shyira,RURAL,GOVERNMENT_AIDED,Preprimary + Primary + Ordinal Level + General upper secondary,52.99910354614258,1.0,1,1.0,58.0,0.0,83.16281373519439,2.0
341208,EP KABURAMBA,West,Nyabihu,Shyira,RURAL,GOVERNMENT_AIDED,Preprimary + Primary,58.16733169555664,1.0,1,0.0,58.0,0.0,68.5025236401396,1.0
341209,GS NKELIMA CATHOLIQUE,West,Nyabihu,Shyira,RURAL,GOVERNMENT_AIDED,Preprimary + Primary + Ordinal Level,57.71812057495117,1.0,1,1.0,58.0,0.0,78.6752009084556,2.0
341210,EP NKELIMA PROTESTANT,,,,,,,54.90196228027344,,0,,,,,
341211,EP RUVUMBA,West,Nyabihu,Shyira,RURAL,GOVERNMENT_AIDED,Preprimary + Primary,67.5,1.0,1,0.0,58.0,0.0,74.9821832701851,1.0
341212,EP SHAKI,West,Nyabihu,Shyira,RURAL,GOVERNMENT_AIDED,Preprimary + Primary,54.66101837158203,1.0,1,0.0,58.0,0.0,73.56258130409071,1.0
341214,EP SHYIRA,,,,,,,74.54067993164062,,0,,,,81.0062303806438,1.0
350102,CS MUKINGI,,,,,,,61.3636360168457,,0,,,,36.0319393939394,1.0
350103,CS RUHINDAGE,West,Ngororero,BWIRA,RURAL,GOVERNMENT_AIDED,Preprimary + Primary,60.23166275024414,1.0,1,0.0,58.0,0.0,60.4767195767196,1.0
350104,CSGITARAMA,West,Ngororero,BWIRA,RURAL,GOVERNMENT_AIDED,Preprimary + Primary,55.61959838867188,1.0,1,0.0,58.0,0.0,70.4847863247863,1.0
350105,GS BUNGWE,West,Ngororero,BWIRA,RURAL,PUBLIC,Preprimary + Primary + Ordinal Level + General upper secondary + TVET,63.190185546875,1.0,1,1.0,64.0,0.0,75.09800270305826,2.0
350106,GSBWIRA,West,Ngororero,BWIRA,RURAL,GOVERNMENT_AIDED,Preprimary + Primary + Ordinal Level,71.25748443603516,1.0,1,1.0,58.0,0.0,67.2536989875167,1.0
350107,CS RUKERI,,,,,,,49.5614013671875,,0,,,,66.2948253968254,1.0
350108,EP  CYAHAFI,,,,,,,81.48148345947266,,0,,,,71.86,1.0
350203,CS KIRWA,,,,,,,64.59510040283203,,0,,,,69.7181560283688,1.0
350206,GS NGURUGUNZU,West,Ngororero,GATUMBA,RURAL,GOVERNMENT_AIDED,Preprimary + Primary + Ordinal Level,67.49671936035156,1.0,1,0.0,58.0,0.0,63.90011038899875,2.0
350207,GS RUBONA,West,Ngororero,GATUMBA,RURAL,GOVERNMENT_AIDED,Preprimary + Primary + Ordinal Level,51.61289978027344,1.0,1,0.0,58.0,0.0,69.3046195432906,2.0
350209,CS MIDUHA,West,Ngororero,GATUMBA,RURAL,GOVERNMENT_AIDED,Preprimary + Primary,54.16058349609375,1.0,1,0.0,58.0,0.0,65.5997313980647,1.0
350213,CS KIRENGO,West,Ngororero,GATUMBA,RURAL,PUBLIC,Preprimary + Primary,63.6363639831543,1.0,1,0.0,64.0,1.0,60.5872727272727,1.0
350215,GS MUHORORO,West,Ngororero,GATUMBA,RURAL,GOVERNMENT_AIDED,Preprimary + Primary + Ordinal Level + General upper secondary,54.91183853149414,1.0,1,1.0,58.0,0.0,70.5233050837873,2.0
350301,GS HINDIRO,West,Ngororero,HINDIRO,RURAL,GOVERNMENT_AIDED,Preprimary + Primary + Ordinal Level + General upper secondary,71.90082550048828,1.0,1,1.0,58.0,0.0,71.29609572659875,2.0
350302,GS KAJINGE,West,Ngororero,HINDIRO,RURAL,GOVERNMENT_AIDED,Preprimary + Primary + Ordinal Level,55.79515075683594,1.0,1,0.0,58.0,0.0,73.68561513831119,2.0
350304,GATABA,West,Ngororero,HINDIRO,RURAL,PUBLIC,Preprimary + Primary,71.05262756347656,1.0,1,0.0,64.0,0.0,73.1856436781609,1.0
350305,EP GITEGA,West,Ngororero,HINDIRO,RURAL,GOVERNMENT_AIDED,Preprimary + Primary,47.73462677001953,1.0,1,0.0,58.0,0.0,73.5456207184628,1.0
350306,MBONABYOMBI,West,Ngororero,HINDIRO,RURAL,PUBLIC,Preprimary + Primary,45.09803771972656,1.0,1,0.0,64.0,0.0,70.2669337172783,1.0
350307,MURAMBA A,West,Ngororero,HINDIRO,RURAL,GOVERNMENT_AIDED,Preprimary + Primary,44.42836380004883,1.0,1,0.0,58.0,0.0,66.4007299679773,1.0
350308,CS NYABIHO,West,Ngororero,HINDIRO,RURAL,GOVERNMENT_AIDED,Preprimary + Primary,42.85714340209961,,1,0.0,58.0,0.0,69.6866666666667,1.0
350401,GS KINANIRA,West,Ngororero,KABAYA,RURAL,PUBLIC,Preprimary + Primary + Ordinal Level + General upper secondary,40.84880828857422,1.0,1,0.0,64.0,0.0,69.55998457476645,2.0
350403,EP MUBUGU,West,Ngororero,KABAYA,RURAL,GOVERNMENT_AIDED,Preprimary + Primary,51.28205490112305,1.0,1,0.0,58.0,0.0,62.2779194139194,1.0
350404,EP  MWENDO,West,Ngororero,KABAYA,RURAL,GOVERNMENT_AIDED,Preprimary + Primary,26.78571319580078,1.0,1,0.0,58.0,0.0,69.2711942711943,1.0
350405,CS  MBANDARI,West,Ngororero,KABAYA,RURAL,GOVERNMENT_AIDED,Preprimary + Primary,59.78260803222656,1.0,1,0.0,58.0,0.0,64.5750909090909,1.0
350406,CS GISEBEYA,West,Ngororero,KABAYA,RURAL,GOVERNMENT_AIDED,Preprimary + Primary,76.27737426757812,1.0,1,0.0,58.0,0.0,54.514415954416,1.0
350407,GS  KABAYA ST RAPHAEL,West,Ngororero,KABAYA,RURAL,GOVERNMENT_AIDED,Preprimary + Primary + Ordinal Level,55.27156448364258,1.0,1,1.0,58.0,0.0,63.7180767441408,1.0
350408,GS KAGESHI,West,Ngororero,KABAYA,RURAL,PUBLIC,Preprimary + Primary + Ordinal Level,62.36881637573242,1.0,1,0.0,64.0,0.0,68.06512527098175,2.0
350409,EP NYAMUGEYO,West,Ngororero,KABAYA,RURAL,GOVERNMENT_AIDED,Preprimary + Primary,59.81308364868164,1.0,1,0.0,58.0,0.0,67.9831111111111,1.0
350414,GS NGOMA,West,Ngororero,KABAYA,RURAL,PUBLIC,Preprimary + Primary + Ordinal Level + General upper secondary,44.74885940551758,1.0,1,1.0,64.0,1.0,67.5733544973545,1.0
350504,CS GATOVU,West,Ngororero,KAGEYO,RURAL,PUBLIC,Preprimary + Primary,68.98326873779297,1.0,1,0.0,64.0,0.0,71.0976153846154,1.0
350505,CS KABINGO,,,,,,,43.75,,0,,,,68.676298136646,1.0
350506,CS KARIHA,West,Ngororero,KAGEYO,RURAL,PUBLIC,Preprimary + Primary,50.81967163085938,1.0,1,0.0,64.0,0.0,48.5933333333333,1.0
350507,CS MUSHYIGA,West,Ngororero,KAGEYO,RURAL,GOVERNMENT_AIDED,Preprimary + Primary,66.10455322265625,1.0,1,0.0,58.0,0.0,65.6504004004004,1.0
350508,CS NYAGASOZI,West,Ngororero,KAGEYO,RURAL,GOVERNMENT_AIDED,Preprimary + Primary,61.85566711425781,1.0,1,0.0,58.0,0.0,72.9900217969165,1.0
350509,GS RURIMBA,West,Ngororero,KAGEYO,RURAL,GOVERNMENT_AIDED,Preprimary + Primary + Ordinal Level,58.99999618530273,1.0,1,1.0,58.0,0.0,65.42106427523095,2.0
350511,GS KAMASHI,West,Ngororero,KAGEYO,RURAL,GOVERNMENT_AIDED,Preprimary + Primary + Ordinal Level + General upper secondary,43.90243911743164,1.0,1,0.0,58.0,0.0,58.1603280160507,2.0
350512,GS RUHUHA,West,Ngororero,KAGEYO,RURAL,PUBLIC,Preprimary + Primary + Ordinal Level,44.17952346801758,1.0,1,0.0,64.0,0.0,77.312414266118,1.0
350535,GS MUKORE,West,Ngororero,KAGEYO,RURAL,PUBLIC,Preprimary + Primary + Ordinal Level + General upper secondary + TVET,47.28681945800781,1.0,1,0.0,64.0,0.0,70.74842808459945,2.0
350601,GS BAYI,West,Ngororero,KAVUMU,RURAL,GOVERNMENT_AIDED,Preprimary + Primary + Ordinal Level,73.046875,,1,0.0,58.0,0.0,73.8658539609659,1.0
350602,GS KAVUMU A,West,Ngororero,KAVUMU,RURAL,GOVERNMENT_AIDED,Preprimary + Primary + Ordinal Level + General upper secondary,51.49626159667969,1.0,1,1.0,58.0,0.0,65.45081864384885,2.0
350603,EP BUCUKA,West,Ngororero,KAVUMU,RURAL,GOVERNMENT_AIDED,Preprimary + Primary,58.01886749267578,1.0,1,0.0,58.0,0.0,72.6024242424242,1.0
350606,GS GITWA,,,,,,,50.24154663085938,,0,,,,76.38587013291294,2.0
350608,EP KARAMBO,,,,,,,50.19157028198242,,0,,,,64.5734384935192,1.0
350609,KARUNDA,,,,,,,75.22321319580078,,0,,,,69.9386666666667,1.0
350610,KASUMO,West,Ngororero,KAVUMU,RURAL,GOVERNMENT_AIDED,Preprimary + Primary,50.93023300170898,1.0,1,0.0,58.0,0.0,65.2777606837607,1.0
350612,EP MUTAKE,West,Ngororero,KAVUMU,RURAL,GOVERNMENT_AIDED,Preprimary + Primary,56.89654922485352,1.0,1,0.0,58.0,1.0,66.517118226601,1.0
350613,EP NYAMBERAMO,West,Ngororero,KAVUMU,RURAL,PUBLIC,Preprimary + Primary,66.79244995117188,1.0,1,0.0,64.0,1.0,71.097619047619,1.0
350702,EP KASEKE,West,Ngororero,MATYAZO,RURAL,GOVERNMENT_AIDED,Preprimary + Primary,38.6363639831543,1.0,1,0.0,58.0,0.0,69.3861904761905,1.0
350703,GS KAVUMU B,West,Ngororero,MATYAZO,RURAL,PUBLIC,Preprimary + Primary + Ordinal Level + TVET,39.85765075683594,1.0,1,0.0,64.0,0.0,63.4605607195581,1.0
350704,EP KUNTURO,West,Ngororero,MATYAZO,RURAL,GOVERNMENT_AIDED,Preprimary + Primary,42.21635818481445,1.0,1,0.0,58.0,0.0,68.8528571428571,1.0
350705,GS MUNINI,West,Ngororero,MATYAZO,RURAL,PUBLIC,Preprimary + Primary + Ordinal Level + General upper secondary,50.0,1.0,1,1.0,64.0,0.0,68.7127974538688,2.0
350706,GS MURAMBA B,West,Ngororero,MATYAZO,RURAL,GOVERNMENT_AIDED,Preprimary + Primary + Ordinal Level,57.14286041259766,1.0,1,1.0,58.0,1.0,68.4082187037877,1.0
350735,EP MURAGO,,,,,,,50.81080627441406,,0,,,,75.635,1.0
350801,BIHANDAGARA,West,Ngororero,MUHANDA,RURAL,PUBLIC,Preprimary + Primary + Ordinal Level,48.83720779418945,1.0,1,0.0,64.0,1.0,72.31653821657615,2.0
350802,BUKUNZI,West,Ngororero,MUHANDA,RURAL,GOVERNMENT_AIDED,Preprimary + Primary,77.83505249023438,1.0,1,0.0,58.0,0.0,71.6575653850939,1.0
350803,MAGABA,West,Ngororero,MUHANDA,RURAL,GOVERNMENT_AIDED,Preprimary + Primary,38.66170883178711,1.0,1,0.0,58.0,0.0,69.5824538068478,1.0
350805,RWILI,West,Ngororero,MUHANDA,RURAL,GOVERNMENT_AIDED,Preprimary + Primary + Ordinal Level + General upper secondary,88.82682037353516,1.0,1,1.0,58.0,0.0,74.91433686242266,2.0
350806,GS RUNAYU  TSS,West,Ngororero,MUHANDA,RURAL,GOVERNMENT_AIDED,Preprimary + Primary + Ordinal Level + TVET,61.92307281494141,1.0,1,1.0,58.0,0.0,71.9979030124784,2.0
350807,KABAYENGO,West,Ngororero,MUHANDA,RURAL,PUBLIC,Preprimary + Primary,52.66272354125977,1.0,1,0.0,64.0,1.0,49.409317620651,1.0
350901,CSGIHIRYI,,,,,,,48.3870964050293,,0,,,,62.4664309346567,1.0
350903,KABYINIRO,,,,,,,39.88763809204102,,0,,,,60.7459628505419,2.0
350904,KANOGO,West,Ngororero,MUHORORO,RURAL,GOVERNMENT_AIDED,Preprimary + Primary + Ordinal Level + General upper secondary,33.33333587646484,1.0,1,1.0,58.0,0.0,64.69768077861934,2.0
350905,CSNYAGISAGARA,West,Ngororero,MUHORORO,RURAL,GOVERNMENT_AIDED,Preprimary + Primary,63.45381927490234,1.0,1,0.0,58.0,0.0,63.0805955334988,1.0
350906,CSRONGI,West,Ngororero,MUHORORO,RURAL,GOVERNMENT_AIDED,Preprimary + Primary,61.9952507019043,1.0,1,1.0,58.0,0.0,77.9817391304348,1.0
350907,GSRUBOKO,West,Ngororero,MUHORORO,RURAL,PUBLIC,Preprimary + Primary + Ordinal Level,79.5811538696289,1.0,0,1.0,64.0,0.0,62.69987483770164,2.0
351001,GS GASAVE,West,Ngororero,NDARO,RURAL,GOVERNMENT_AIDED,Preprimary + Primary + Ordinal Level + General upper secondary + TVET,73.89830017089844,1.0,1,1.0,58.0,0.0,61.997502238832,2.0
351002,GS KIBANDA,,,,,,,77.23577117919922,,0,,,,62.3406565656566,1.0
351003,EP NDARO,West,Ngororero,NDARO,RURAL,GOVERNMENT_AIDED,Preprimary + Primary,65.1408462524414,1.0,1,0.0,58.0,1.0,,
351004,GS RUSEBEYA,West,Ngororero,NDARO,RURAL,GOVERNMENT_AIDED,Preprimary + Primary + Ordinal Level,64.32989501953125,1.0,1,1.0,58.0,1.0,74.9646078386928,1.0
351005,EP NTOBWE,,,,,,,40.25973892211914,,0,,,,69.9296296296296,1.0
351006,EP KAMINA,,,,,,,67.20429992675781,,0,,,,72.8629215686275,1.0
351007,EP  BIRIMA,West,Ngororero,NDARO,RURAL,PUBLIC,Preprimary + Primary,74.5762710571289,1.0,1,0.0,64.0,0.0,76.204,1.0
351008,EP GISEKE,West,Ngororero,NDARO,RURAL,PUBLIC,Preprimary + Primary,70.37036895751953,,1,0.0,64.0,0.0,69.9824444444445,1.0
351101,EP CYUMBA,West,Ngororero,NGORORERO,RURAL,GOVERNMENT_AIDED,Preprimary + Primary,73.53846740722656,1.0,1,0.0,58.0,0.0,58.7853401360544,1.0
351102,GS RUSUSA,West,Ngororero,NGORORERO,RURAL,GOVERNMENT_AIDED,Preprimary + Primary + Ordinal Level,49.03518676757812,1.0,1,0.0,58.0,0.0,76.04257038883796,2.0
351105,EP BUTEZI,West,Ngororero,NGORORERO,RURAL,GOVERNMENT_AIDED,Preprimary + Primary,69.27710723876953,1.0,1,0.0,58.0,0.0,,
351107,GS KIZIGURO P,West,Ngororero,NGORORERO,RURAL,GOVERNMENT_AIDED,Preprimary + Primary + Ordinal Level,41.77777862548828,1.0,1,1.0,58.0,0.0,56.88131263242166,2.0
351108,GS MPARA,West,Ngororero,NGORORERO,RURAL,GOVERNMENT_AIDED,Preprimary + Primary + Ordinal Level + General upper secondary,58.33333206176758,1.0,1,1.0,58.0,0.0,65.79794325641186,2.0
351109,EP NGANZO,West,Ngororero,NGORORERO,RURAL,GOVERNMENT_AIDED,Preprimary + Primary,71.59532928466797,,1,0.0,58.0,1.0,51.1419286381879,1.0
351110,EP NYANGE P,West,Ngororero,NGORORERO,RURAL,GOVERNMENT_AIDED,Preprimary + Primary,60.2649040222168,1.0,1,0.0,58.0,0.0,62.97341991341992,1.0
351112,EP RUHUNGA P,West,Ngororero,NGORORERO,RURAL,GOVERNMENT_AIDED,Preprimary + Primary,64.63414764404297,1.0,1,0.0,58.0,1.0,68.3179365079365,1.0
351113,SAINT  NICOLAS,West,Ngororero,NGORORERO,RURAL,PRIVATE,Preprimary + Primary,100.0,1.0,1,0.0,32.0,0.0,,
351114,EP TURAMIGINA,,,,,,,71.42857360839844,,0,,,,,
351115,GS RUHUNGA C,West,Ngororero,NGORORERO,RURAL,GOVERNMENT_AIDED,Preprimary + Primary + Ordinal Level + General upper secondary,34.57760238647461,1.0,1,1.0,58.0,0.0,62.8974134558819,2.0
351116,EP KAZABE,,,,,,,49.01099014282227,,0,,,,64.8406063643451,1.0
351119,Wisdom School Ngororero,West,Ngororero,NGORORERO,RURAL,PRIVATE,Preprimary + Primary,97.56097412109375,1.0,1,0.0,32.0,0.0,,
351201,GASEKE,West,Ngororero,NYANGE,RURAL,GOVERNMENT_AIDED,Preprimary + Primary,68.9189224243164,1.0,1,0.0,58.0,0.0,,
351202,GS KIGALI,West,Ngororero,NYANGE,RURAL,GOVERNMENT_AIDED,Preprimary + Primary + Ordinal Level + General upper secondary,70.63953399658203,1.0,1,0.0,58.0,0.0,69.66864580074184,2.0
351204,NYANGE A,West,Ngororero,NYANGE,RURAL,GOVERNMENT_AIDED,Preprimary + Primary + Ordinal Level + General upper secondary,43.15352630615234,1.0,1,0.0,58.0,0.0,69.25798644291235,2.0
351205,VUGANYANA,West,Ngororero,NYANGE,RURAL,GOVERNMENT_AIDED,Preprimary + Primary + Ordinal Level,92.39130401611328,1.0,1,0.0,58.0,0.0,70.54664348233955,2.0
351208,GIKO,,,,,,,59.68992233276367,,0,,,,,
351209,KABAGA,,,,,,,65.60509490966797,,0,,,,47.3634482758621,1.0
351210,NYANGE B PRIMARY SCHOOL,West,Ngororero,NYANGE,RURAL,GOVERNMENT_AIDED,Preprimary + Primary,74.7514877319336,1.0,1,0.0,58.0,1.0,,
351211,RUGANDA,,,,,,,66.66667175292969,,0,,,,61.8437553832903,1.0
351212,VUNGU,West,Ngororero,NYANGE,RURAL,GOVERNMENT_AIDED,Preprimary + Primary + Ordinal Level,66.81614685058594,,1,1.0,58.0,0.0,61.13307846453056,2.0
351215,EP RUNYINYA,West,Ngororero,NYANGE,RURAL,PUBLIC,Preprimary + Primary,45.83333587646484,1.0,1,0.0,64.0,0.0,69.4239005847953,1.0
351301,C S BIBUNGO,West,Ngororero,SOVU,RURAL,GOVERNMENT_AIDED,Preprimary + Primary,63.44086074829102,1.0,1,0.0,58.0,1.0,57.1559523809524,1.0
351302,CS GIHONGA,,,,,,,68.73065185546875,,0,,,,67.6964341085271,1.0
351303,GS GISAKAVU,,,,,,,52.38095474243164,,0,,,,72.025229575448,2.0
351304,CS MWUMBA A,West,Ngororero,SOVU,RURAL,GOVERNMENT_AIDED,Preprimary + Primary,80.24691009521484,1.0,1,0.0,58.0,0.0,71.5925396825397,1.0
351305,CS MWUMBA B,West,Ngororero,SOVU,RURAL,GOVERNMENT_AIDED,Preprimary + Primary,60.48387145996094,,1,0.0,58.0,1.0,,
351306,CS NYAMPINGIRA,,,,,,,59.17431259155273,,0,,,,,
351307,GS NYARWUMBA,,,,,,,58.07743835449219,,0,,,,70.31462670471295,2.0
351309,GS MAHEMBE,West,Ngororero,SOVU,RURAL,GOVERNMENT_AIDED,Preprimary + Primary + Ordinal Level + General upper secondary,61.19873428344727,1.0,1,0.0,58.0,1.0,64.73466743798525,2.0
351310,GS MUGEGA,West,Ngororero,SOVU,RURAL,GOVERNMENT_AIDED,Preprimary + Primary + Ordinal Level + TVET,77.22772216796875,1.0,1,1.0,58.0,0.0,65.3105089222608,2.0
351311,EP NYABIPFURA,West,Ngororero,SOVU,RURAL,PUBLIC,Preprimary + Primary,80.07246398925781,1.0,1,0.0,64.0,1.0,71.7663605930177,1.0
351312,EP MUBANO,West,Ngororero,SOVU,RURAL,GOVERNMENT_AIDED,Preprimary + Primary,61.38211441040039,,1,0.0,58.0,0.0,,
351313,EP SANZARE,,,,,,,74.19355010986328,,0,,,,71.7548431372549,1.0
360103,GS BUGARAMA CITE,West,Rusizi,Bugarama,RURAL,GOVERNMENT_AIDED,Preprimary + Primary + Ordinal Level,56.32184219360352,1.0,1,0.0,58.0,0.0,74.49917582016596,2.0
360105,EP MIHABURA,West,Rusizi,Bugarama,URBAN,GOVERNMENT_AIDED,Preprimary + Primary,39.83208847045898,1.0,1,0.0,58.0,0.0,79.6693396226415,1.0
360106,EP RYANKANA,West,Rusizi,Bugarama,RURAL,GOVERNMENT_AIDED,Preprimary + Primary,46.19665908813477,1.0,1,0.0,58.0,0.0,79.8093928172574,1.0
360109,GS SAINT PAUL MUKO,West,Rusizi,Bugarama,URBAN,GOVERNMENT_AIDED,Preprimary + Primary + Ordinal Level + General upper secondary,60.38544082641602,1.0,1,1.0,58.0,0.0,81.06089508498636,2.0
360113,GS KIBANGIRA,West,Rusizi,Bugarama,RURAL,GOVERNMENT_AIDED,Preprimary + Primary + Ordinal Level + General upper secondary,42.37288284301758,1.0,1,1.0,58.0,1.0,76.33511590364054,2.0
360116,GS PERA,West,Rusizi,Bugarama,RURAL,PUBLIC,Preprimary + Primary + Ordinal Level,63.92156982421875,1.0,1,1.0,64.0,0.0,79.1287160067322,1.0
360201,EP BAYUMBA,,,,,,,68.83116912841797,,0,,,,84.0587002096436,1.0
360202,EP BISENGO,West,Rusizi,Butare,RURAL,GOVERNMENT_AIDED,Preprimary + Primary,44.24242401123047,1.0,1,0.0,58.0,0.0,82.5203953279425,1.0
360203,GS GISOVU,West,Rusizi,Butare,RURAL,GOVERNMENT_AIDED,Preprimary + Primary + Ordinal Level,33.33333587646484,,1,0.0,58.0,1.0,70.4580262454121,1.0
360204,GS NYAMIHANDA,West,Rusizi,Butare,RURAL,GOVERNMENT_AIDED,Preprimary + Primary + Ordinal Level,25.83333206176758,1.0,1,1.0,58.0,0.0,80.1007686932215,1.0
360205,GS NYARUTEJA,West,Rusizi,Butare,RURAL,GOVERNMENT_AIDED,Preprimary + Primary + Ordinal Level,35.76158905029297,1.0,1,1.0,58.0,1.0,69.82074385130645,2.0
360206,GS RUGERA,West,Rusizi,Butare,RURAL,GOVERNMENT_AIDED,Preprimary + Primary + Ordinal Level,40.0,1.0,1,0.0,58.0,0.0,84.5464585205151,1.0
360207,EP RUGETE,West,Rusizi,Butare,RURAL,GOVERNMENT_AIDED,Preprimary + Primary,62.96295928955078,,1,0.0,58.0,0.0,73.1966981132075,1.0
360208,GS GASUMO,West,Rusizi,Butare,RURAL,GOVERNMENT_AIDED,Preprimary + Primary + Ordinal Level + General upper secondary,13.72549057006836,1.0,1,0.0,58.0,0.0,82.1867603460926,2.0
360210,GS SAINTE MARIE REINE NYABITIMBOTSS,West,Rusizi,Butare,RURAL,GOVERNMENT_AIDED,Preprimary + Primary + Ordinal Level + General upper secondary + TVET,51.74603271484375,1.0,1,0.0,58.0,0.0,85.25379246751865,2.0
360212,GSMuramba,West,Rusizi,Butare,RURAL,GOVERNMENT_AIDED,Preprimary + Primary + Ordinal Level + General upper secondary,47.59358215332031,1.0,1,1.0,58.0,0.0,75.91489260991361,2.0
360213,EP Nyakibanda,,,,,,,17.30769348144531,,0,,,,78.9611635220126,1.0
360301,EP BWEYEYE B,,,,,,,63.71681594848633,,0,,,,82.4502734093946,1.0
360302,GS BWEYEYE RI,West,Rusizi,Bweyeye,RURAL,GOVERNMENT_AIDED,Preprimary + Primary + Ordinal Level,54.63483428955078,1.0,0,1.0,58.0,0.0,85.16065253614204,2.0
360303,GS NYABIGOMA,West,Rusizi,Bweyeye,RURAL,GOVERNMENT_AIDED,Preprimary + Primary + Ordinal Level,55.79936981201172,1.0,1,1.0,58.0,0.0,81.6248427672956,1.0
360306,EP RUNYOVU,West,Rusizi,Bweyeye,RURAL,GOVERNMENT_AIDED,Preprimary + Primary,50.30303192138672,1.0,1,0.0,58.0,1.0,79.5198113207547,1.0
360307,GS BWEYEYE,West,Rusizi,Bweyeye,RURAL,GOVERNMENT_AIDED,Preprimary + Primary + Ordinal Level + General upper secondary,47.41379165649414,1.0,1,1.0,58.0,0.0,83.06283719558475,2.0
360308,GS RASANO  TSS,West,Rusizi,Bweyeye,RURAL,GOVERNMENT_AIDED,Preprimary + Primary + Ordinal Level,46.88581085205078,1.0,1,1.0,58.0,0.0,82.627358490566,1.0
360309,EP NYAMUZI,,,,,,,40.86538696289062,,0,,,,59.5312418300654,1.0
360311,EP NYABIGOMA,West,Rusizi,Bweyeye,RURAL,GOVERNMENT_AIDED,Preprimary + Primary,51.29151153564453,1.0,1,0.0,58.0,0.0,79.9026544580096,1.0
360403,GS BUHOKORO,West,Rusizi,Gashonga,RURAL,GOVERNMENT_AIDED,Preprimary + Primary + Ordinal Level,35.0427360534668,1.0,1,0.0,58.0,0.0,69.9609712042051,2.0
360404,GS GASHONGA CATHOLIQUE,,,,,,,58.3425407409668,,0,,,,72.4279958245273,1.0
360405,EP GASHONGA PROTESTANT,West,Rusizi,Gashonga,RURAL,GOVERNMENT_AIDED,Preprimary + Primary,66.2576675415039,1.0,1,0.0,58.0,0.0,75.6089656095276,1.0
360407,GS MUKIMBAGIRO,,,,,,,62.24677658081055,,0,,,,76.9275910699694,1.0
360409,GS SAINT FRANCOIS DâASSISE DE GISAGARA,West,Rusizi,Gashonga,RURAL,GOVERNMENT_AIDED,Preprimary + Primary + Ordinal Level,79.90049743652344,1.0,1,0.0,58.0,0.0,81.4678851615443,1.0
360410,GS MIBILIZI,West,Rusizi,Gashonga,RURAL,GOVERNMENT_AIDED,Preprimary + Primary + Ordinal Level + General upper secondary,55.2884635925293,1.0,1,1.0,58.0,0.0,75.778897976023,1.0
360411,GS MUREHE,,,,,,,51.19047927856445,,0,,,,81.13743882744586,2.0
360417,EP Munyinya,,,,,,,48.64865112304688,,0,,,,70.181248992098,1.0
360418,EP Kamonyi,West,Rusizi,Gashonga,RURAL,PUBLIC,Preprimary + Primary,44.56521987915039,1.0,1,0.0,64.0,1.0,63.9860359128612,1.0
360502,EP ISHA,,,,,,,33.33333587646484,,0,,,,79.5702618706094,1.0
360503,EP NTURA CATHOLIQUE,West,Rusizi,Giheke,RURAL,GOVERNMENT_AIDED,Preprimary + Primary,39.82300567626953,,1,0.0,58.0,1.0,,
360504,GIHEKE,West,Rusizi,Giheke,RURAL,GOVERNMENT_AIDED,Preprimary + Primary + Ordinal Level + General upper secondary,63.27433776855469,1.0,0,1.0,58.0,0.0,80.0870308738931,1.0
360505,GS MUNYOVE,West,Rusizi,Giheke,RURAL,GOVERNMENT_AIDED,Preprimary + Primary + Ordinal Level,74.9469223022461,1.0,1,0.0,58.0,0.0,76.57737825388901,2.0
360507,NTURA PROTESTANT,West,Rusizi,Giheke,RURAL,GOVERNMENT_AIDED,Preprimary + Primary + Ordinal Level + General upper secondary,67.82608795166016,1.0,1,0.0,58.0,0.0,74.04877545750185,2.0
360508,EP Kigenge,West,Rusizi,Giheke,RURAL,PUBLIC,Preprimary + Primary,74.59954071044922,1.0,1,0.0,64.0,0.0,,
360509,EP Rwega,West,Rusizi,Giheke,RURAL,PUBLIC,Preprimary + Primary,42.20779418945312,1.0,1,0.0,64.0,0.0,81.6448113207547,1.0
360602,EP KAMEMBE ADVENTISTE,West,Rusizi,Gihundwe,URBAN,GOVERNMENT_AIDED,Primary,51.34575271606445,1.0,1,0.0,58.0,0.0,81.3915094339623,1.0
360603,EP NYAGATARE,West,Rusizi,Gihundwe,URBAN,GOVERNMENT_AIDED,Primary,56.37393569946289,1.0,1,0.0,58.0,0.0,83.043262315308,1.0
360606,GS KAMEMBE PRESBYTERIEN,West,Rusizi,Gihundwe,URBAN,GOVERNMENT_AIDED,Preprimary + Primary + Ordinal Level,57.82122802734375,1.0,1,0.0,58.0,0.0,82.28939424060604,2.0
360607,GS MUHARI,West,Rusizi,Gihundwe,RURAL,PUBLIC,Preprimary + Primary + Ordinal Level,72.6591796875,1.0,0,1.0,64.0,0.0,83.4671514675052,2.0
360609,EP GIHAYA,West,Rusizi,Gihundwe,RURAL,PUBLIC,Preprimary + Primary,50.55555725097656,,1,0.0,64.0,0.0,79.5884696016772,1.0
360610,GS ST BRUNO GIHUNDWE A,,,,,,,45.9522705078125,,0,,,,87.12098557510666,2.0
360613,GS RWAHI,West,Rusizi,Gihundwe,URBAN,GOVERNMENT_AIDED,Preprimary + Primary + Ordinal Level,69.39024353027344,1.0,1,1.0,58.0,0.0,86.2481794107911,1.0
360614,GS SHAGASHA,West,Rusizi,Gihundwe,RURAL,PUBLIC,Preprimary + Primary + Ordinal Level,46.03313064575195,1.0,1,1.0,64.0,0.0,84.66567543509365,2.0
360617,EP KAGARA,,,,,,,57.02479553222656,,0,,,,77.9383333333333,1.0
360701,GS GIKUNDAMVURA,West,Rusizi,Gikundamvura,RURAL,GOVERNMENT_AIDED,Preprimary + Primary + Ordinal Level,30.90128898620605,1.0,1,0.0,58.0,0.0,80.0164304596049,1.0
360702,EP MUBERA,,,,,,,58.82353210449219,,0,,,,81.6221698113208,1.0
360703,MUBUGA,,,,,,,52.14286041259766,,0,,,,75.017938200711,1.0
360706,GS MWEGERA,West,Rusizi,Gikundamvura,RURAL,GOVERNMENT_AIDED,Preprimary + Primary + Ordinal Level + General upper secondary,60.00000381469727,1.0,0,1.0,58.0,0.0,78.9538542170618,1.0
360707,GS NYABIHANGA  TSS,West,Rusizi,Gikundamvura,RURAL,GOVERNMENT_AIDED,Preprimary + Primary + Ordinal Level + TVET,45.26316070556641,1.0,1,1.0,58.0,0.0,83.9860683658131,1.0
360708,GS URUMULI,West,Rusizi,Gikundamvura,RURAL,GOVERNMENT_AIDED,Preprimary + Primary + Ordinal Level,65.23297119140625,1.0,1,0.0,58.0,0.0,82.8555031446541,1.0
360709,EP BWIZA,West,Rusizi,Gikundamvura,RURAL,GOVERNMENT_AIDED,Preprimary + Primary,30.44355010986328,,1,0.0,58.0,0.0,80.4198113207547,1.0
360711,EP MUTONGA,West,Rusizi,Gikundamvura,RURAL,GOVERNMENT_AIDED,Preprimary + Primary,21.48148155212402,1.0,1,0.0,58.0,0.0,,
360801,EP GITAMBI ST JOSEPH,West,Rusizi,Gitambi,RURAL,GOVERNMENT_AIDED,Preprimary + Primary,39.79591751098633,1.0,1,0.0,58.0,1.0,,
360802,GS HANGABASHI,West,Rusizi,Gitambi,RURAL,GOVERNMENT_AIDED,Preprimary + Primary + Ordinal Level + General upper secondary,27.87610626220703,1.0,1,1.0,58.0,1.0,76.0103545317265,1.0
360803,GS KABOZA,West,Rusizi,Gitambi,RURAL,PUBLIC,Preprimary + Primary + Ordinal Level + General upper secondary,52.86782836914062,1.0,1,1.0,64.0,0.0,83.3582884927109,1.0
360804,GS MASHESHA,West,Rusizi,Gitambi,RURAL,GOVERNMENT_AIDED,Preprimary + Primary + Ordinal Level + General upper secondary + TVET,58.77342224121094,1.0,1,0.0,58.0,0.0,75.41644874062125,2.0
360806,EP NYAMPANGA,West,Rusizi,Gitambi,RURAL,GOVERNMENT_AIDED,Preprimary + Primary,15.53398036956787,1.0,1,0.0,58.0,0.0,80.2484759490955,1.0
360807,NYANTABA,West,Rusizi,Gitambi,RURAL,GOVERNMENT_AIDED,Preprimary + Primary,41.75257873535156,1.0,1,0.0,58.0,0.0,80.8367699910153,1.0
360808,EP INDATWA,West,Rusizi,Gitambi,RURAL,PUBLIC,Preprimary + Primary,46.45390319824219,1.0,1,0.0,64.0,0.0,76.2139558031068,1.0
360903,GS ST JEAN BOSCO CYANGUGU,West,Rusizi,Kamembe,URBAN,GOVERNMENT_AIDED,Preprimary + Primary + Ordinal Level,43.64508438110352,1.0,1,1.0,58.0,0.0,82.1412919845902,2.0
360904,EDEN,,,,,,,94.61400604248047,,0,,,,,
360908,GS ISLAMIQUE KAMEMBE,West,Rusizi,Kamembe,URBAN,GOVERNMENT_AIDED,Preprimary + Primary + Ordinal Level,68.36616516113281,1.0,1,1.0,58.0,0.0,77.6560044893378,1.0
360911,UPEEC,West,Rusizi,Kamembe,URBAN,PRIVATE,Preprimary + Primary,98.57142639160156,1.0,1,1.0,32.0,0.0,,
360917,EP RUHIMBI,West,Rusizi,Kamembe,RURAL,GOVERNMENT_AIDED,Preprimary + Primary,78.66108703613281,1.0,1,0.0,58.0,0.0,75.6906890894175,1.0
361002,EP BUSASAMANA,,,,,,,70.87845611572266,,0,,,,76.287269533955,1.0
361003,GS SHARA,West,Rusizi,Muganza,RURAL,GOVERNMENT_AIDED,Preprimary + Primary + Ordinal Level,68.09881591796875,1.0,1,1.0,58.0,1.0,76.4487538464558,2.0
361005,GS GAKENKE,West,Rusizi,Muganza,RURAL,GOVERNMENT_AIDED,Preprimary + Primary + Ordinal Level + General upper secondary,55.49645233154297,1.0,1,1.0,58.0,0.0,74.50653106631255,2.0
361006,GS MUGANZA A,West,Rusizi,Muganza,RURAL,GOVERNMENT_AIDED,Primary + Ordinal Level + General upper secondary,59.11602401733398,1.0,1,1.0,58.0,0.0,83.2002089546549,2.0
361007,GS MURIRA,West,Rusizi,Muganza,RURAL,GOVERNMENT_AIDED,Preprimary + Primary + Ordinal Level,60.58536911010742,1.0,1,0.0,58.0,0.0,,
361012,EDUCATEUR,West,Rusizi,Muganza,RURAL,PRIVATE,Preprimary + Primary,97.2549057006836,1.0,1,0.0,32.0,0.0,,
361013,GS Saint Francois de Sales de Muganza,West,Rusizi,Muganza,RURAL,GOVERNMENT_AIDED,Preprimary + Primary + Ordinal Level,55.04587173461914,1.0,1,0.0,58.0,0.0,79.1918370020964,1.0
361014,EP GISOZI,West,Rusizi,Muganza,RURAL,GOVERNMENT_AIDED,Preprimary + Primary,38.99848175048828,1.0,1,0.0,58.0,0.0,69.618003894043,1.0
361016,EP GAKONI,West,Rusizi,Muganza,RURAL,PUBLIC,Preprimary + Primary,57.38007354736328,1.0,1,0.0,64.0,0.0,,
361101,CYETE,West,Rusizi,Mururu,RURAL,GOVERNMENT_AIDED,Preprimary + Primary,34.63687133789062,1.0,1,0.0,58.0,0.0,75.6596270124572,1.0
361102,GS CYIRABYO  TSS,West,Rusizi,Mururu,URBAN,GOVERNMENT_AIDED,Preprimary + Primary + Ordinal Level + TVET,58.51601791381836,1.0,1,0.0,58.0,0.0,75.9918920527411,1.0
361103,MUTIMASI,,,,,,,56.25,,0,,,,75.1415836556115,1.0
361104,EP WINTEKO,,,,,,,55.58086776733398,,0,,,,77.3268126942818,1.0
361105,GS MUTONGO,West,Rusizi,Mururu,URBAN,GOVERNMENT_AIDED,Preprimary + Primary + Ordinal Level + General upper secondary,40.0,1.0,1,1.0,58.0,0.0,75.66139738910141,2.0
361107,MURURU,West,Rusizi,Mururu,URBAN,GOVERNMENT_AIDED,Preprimary + Primary + Ordinal Level,53.86740493774414,1.0,1,1.0,58.0,0.0,74.1280352303523,1.0
361109,GS NYAKANYINYA,West,Rusizi,Mururu,RURAL,GOVERNMENT_AIDED,Preprimary + Primary + Ordinal Level,54.77032089233398,1.0,1,1.0,58.0,0.0,83.8035202655486,2.0
361111,ECPS,,,,,,,98.96907043457031,,0,,,,,
361112,GS KARAMBI,,,,,,,55.15021514892578,,0,,,,79.8345562775205,2.0
361203,GS Ste Therese de l'Enfant Jesus CYIBUMBA TSS,West,Rusizi,Nkanka,RURAL,GOVERNMENT_AIDED,Preprimary + Primary + Ordinal Level + TVET,64.70588684082031,1.0,1,1.0,58.0,0.0,80.53057622615421,2.0
361206,GS SAINT BONAVENTURE  NKANKA,West,Rusizi,Nkanka,RURAL,GOVERNMENT_AIDED,Preprimary + Primary + Ordinal Level + General upper secondary,48.99919891357422,1.0,1,1.0,58.0,0.0,83.1074241164861,2.0
361207,E P RUGABANO,West,Rusizi,Nkanka,RURAL,GOVERNMENT_AIDED,Preprimary + Primary,43.17548751831055,1.0,1,0.0,58.0,0.0,42.5524707996406,1.0
361208,E P RUGARAGARA,West,Rusizi,Nkanka,RURAL,GOVERNMENT_AIDED,Preprimary + Primary,54.30711364746094,1.0,1,0.0,58.0,1.0,77.0579923277255,1.0
361210,GS RUSUNYU,West,Rusizi,Nkanka,RURAL,GOVERNMENT_AIDED,Preprimary + Primary + Ordinal Level,36.49754333496094,1.0,1,0.0,58.0,0.0,78.2413421409863,1.0
361213,EP GITWA,,,,,,,55.28455352783203,,0,,,,75.3427526692994,1.0
361301,EP NKOMBO,West,Rusizi,Nkombo,RURAL,GOVERNMENT_AIDED,Preprimary + Primary,66.66667175292969,1.0,0,1.0,58.0,0.0,,
361302,GS BUGUMIRA,West,Rusizi,Nkombo,RURAL,GOVERNMENT_AIDED,Preprimary + Primary + Ordinal Level + General upper secondary,62.17733001708984,1.0,0,1.0,58.0,0.0,78.101488551609,1.0
361303,GS ISHYWA,,,,,,,29.45736312866211,,0,,,,76.3901627830144,1.0
361307,EAR BUGUMIRA FOUNDATION,West,Rusizi,Nkombo,RURAL,GOVERNMENT_AIDED,Preprimary + Primary,36.73469543457031,1.0,1,1.0,58.0,0.0,76.2480096640589,1.0
361308,GS NKOMBO FOUNDATION SCHOOL,West,Rusizi,Nkombo,RURAL,GOVERNMENT_AIDED,Preprimary + Primary + Ordinal Level,68.96551513671875,1.0,1,0.0,58.0,0.0,75.4008314975163,1.0
361309,EP ISHWA PROTESTANT,West,Rusizi,Nkombo,RURAL,GOVERNMENT_AIDED,Preprimary + Primary,52.11267471313477,1.0,1,0.0,58.0,0.0,,
361402,EP GAHATI,West,Rusizi,Nkungu,RURAL,GOVERNMENT_AIDED,Preprimary + Primary,69.39393615722656,1.0,1,0.0,58.0,0.0,79.8511493601295,1.0
361403,GS NYARUSHISHI,West,Rusizi,Nkungu,RURAL,PUBLIC,Preprimary + Primary + Ordinal Level,61.82336044311523,1.0,1,1.0,64.0,0.0,79.70055411909235,2.0
361404,EP RUBONA,West,Rusizi,Nkungu,RURAL,GOVERNMENT_AIDED,Preprimary + Primary,62.63736343383789,1.0,1,0.0,58.0,0.0,77.5353418543315,1.0
361409,GS NKUNGU,West,Rusizi,Nkungu,RURAL,PUBLIC,Preprimary + Primary + Ordinal Level,67.59906768798828,1.0,1,1.0,64.0,0.0,79.7870669861236,1.0
361411,GS MATARE,West,Rusizi,Nkungu,RURAL,GOVERNMENT_AIDED,Preprimary + Primary + Ordinal Level + General upper secondary,71.49425506591797,1.0,1,1.0,58.0,0.0,79.7698953694254,2.0
361416,EP Mukenke,West,Rusizi,Nkungu,RURAL,PUBLIC,Preprimary + Primary,47.10144805908203,1.0,1,0.0,64.0,0.0,79.603965758211,1.0
361417,GS Cyivugiza,West,Rusizi,Nkungu,RURAL,PUBLIC,Preprimary + Primary + Ordinal Level,61.33720779418945,1.0,1,0.0,64.0,0.0,72.0793817402308,1.0
361501,GS BUNYERERI,West,Rusizi,Nyakabuye,RURAL,GOVERNMENT_AIDED,Preprimary + Primary + Ordinal Level,61.31687164306641,1.0,1,0.0,58.0,0.0,77.22985002519025,2.0
361502,GS GASEKE,West,Rusizi,Nyakabuye,RURAL,GOVERNMENT_AIDED,Preprimary + Primary + Ordinal Level,68.09815979003906,1.0,1,1.0,58.0,0.0,59.5263971662143,1.0
361503,EP MAKOKO,West,Rusizi,Nyakabuye,RURAL,GOVERNMENT_AIDED,Preprimary + Primary,29.41176605224609,1.0,1,0.0,58.0,0.0,71.8467312148295,1.0
361504,GS NYAKABUYE,West,Rusizi,Nyakabuye,RURAL,GOVERNMENT_AIDED,Preprimary + Primary + Ordinal Level,60.86956405639648,1.0,1,1.0,58.0,0.0,78.01837679232355,2.0
361505,GS NYAKABWENDE,West,Rusizi,Nyakabuye,RURAL,GOVERNMENT_AIDED,Preprimary + Primary + Ordinal Level + General upper secondary,55.41236877441406,,1,1.0,58.0,0.0,68.8541125739674,2.0
361506,GS NYAMUBEMBE,West,Rusizi,Nyakabuye,RURAL,GOVERNMENT_AIDED,Preprimary + Primary + Ordinal Level + General upper secondary,59.25925827026367,1.0,1,0.0,58.0,0.0,83.2800298583317,1.0
361507,GS NYANTOMVU,West,Rusizi,Nyakabuye,RURAL,GOVERNMENT_AIDED,Preprimary + Primary + Ordinal Level,60.71428680419922,1.0,1,1.0,58.0,0.0,68.4054635243456,2.0
361508,EP RWIMBOGO,West,Rusizi,Nyakabuye,RURAL,GOVERNMENT_AIDED,Preprimary + Primary,64.7727279663086,1.0,1,0.0,58.0,0.0,68.5958855081497,1.0
361510,GS Kiyovu  TSS,West,Rusizi,Nyakabuye,RURAL,PUBLIC,Preprimary + Primary + Ordinal Level + TVET,56.96720886230469,1.0,1,1.0,64.0,1.0,68.88159832157609,2.0
361511,EP Gishagara,West,Rusizi,Nyakabuye,RURAL,GOVERNMENT_AIDED,Preprimary + Primary,61.43344497680664,1.0,1,0.0,58.0,0.0,85.0647652479157,1.0
361601,GS CYATO,West,Rusizi,Nyakarenzo,RURAL,GOVERNMENT_AIDED,Preprimary + Primary + Ordinal Level,63.56340026855469,1.0,1,1.0,58.0,0.0,83.1094234898325,2.0
361602,GS NYAKARENZO,West,Rusizi,Nyakarenzo,RURAL,GOVERNMENT_AIDED,Preprimary + Primary + Ordinal Level + General upper secondary + TVET,76.31999969482422,1.0,1,1.0,58.0,0.0,85.54150863404004,2.0
361605,EP NYAMAGANA,West,Rusizi,Nyakarenzo,RURAL,GOVERNMENT_AIDED,Preprimary + Primary,47.82608795166016,1.0,1,0.0,58.0,1.0,83.9104488279017,1.0
361608,EP Karangiro,West,Rusizi,Nyakarenzo,RURAL,GOVERNMENT_AIDED,Preprimary + Primary,53.77128601074219,1.0,1,0.0,58.0,0.0,79.3983586439638,1.0
361609,EP Kanoga,,,,,,,48.29932022094727,,0,,,,81.446419932269,1.0
361701,EP GITI,West,Rusizi,Nzahaha,RURAL,GOVERNMENT_AIDED,Preprimary + Primary,46.01227188110352,1.0,1,0.0,58.0,0.0,,
361702,EP MUGURI A,West,Rusizi,Nzahaha,RURAL,GOVERNMENT_AIDED,Preprimary + Primary,73.75566101074219,1.0,1,0.0,58.0,0.0,81.4553506765771,1.0
361704,EP NYAGAHANGA,West,Rusizi,Nzahaha,RURAL,PUBLIC,Preprimary + Primary,52.21579742431641,1.0,1,0.0,64.0,0.0,76.1326770576976,1.0
361705,EP NYENJI,West,Rusizi,Nzahaha,RURAL,PUBLIC,Preprimary + Primary,54.87465286254883,1.0,1,0.0,64.0,0.0,80.3306867235474,1.0
361706,GS BUTAMBAMO,West,Rusizi,Nzahaha,RURAL,GOVERNMENT_AIDED,Preprimary + Primary + Ordinal Level + General upper secondary,49.10890960693359,1.0,1,0.0,58.0,0.0,70.4034051513283,1.0
361707,GS NZAHAHA,West,Rusizi,Nzahaha,RURAL,GOVERNMENT_AIDED,Preprimary + Primary + Ordinal Level,55.39567947387695,1.0,1,0.0,58.0,0.0,79.8221854780367,2.0
361708,GS RWINZUKI  TSS,West,Rusizi,Nzahaha,RURAL,GOVERNMENT_AIDED,Preprimary + Primary + Ordinal Level + TVET,39.85507202148438,1.0,1,0.0,58.0,0.0,65.9090901381725,2.0
361712,GS NYAKAGOMA,,,,,,,73.50746154785156,,0,,,,78.22119488536156,2.0
361803,GS Saint Esprit Mushaka,West,Rusizi,Rwimbogo,RURAL,GOVERNMENT_AIDED,Preprimary + Primary + Ordinal Level + General upper secondary,38.17527008056641,1.0,1,1.0,58.0,0.0,82.659154273833,1.0
361804,EP MUSUMBA,West,Rusizi,Rwimbogo,RURAL,GOVERNMENT_AIDED,Preprimary + Primary,66.95095825195312,1.0,1,0.0,58.0,0.0,69.8020682148041,1.0
361805,EP NTENYI,West,Rusizi,Rwimbogo,RURAL,PUBLIC,Preprimary + Primary,47.48490905761719,,1,0.0,64.0,1.0,80.5659050359071,1.0
361806,EP RUGANDA,,,,,,,60.00000381469727,,0,,,,72.7658444281086,1.0
361808,GS MUHEHWE,,,,,,,40.58577346801758,,0,,,,75.24403275171039,2.0
361809,EP KARENGE,,,,,,,26.56716346740723,,0,,,,76.2476801558562,1.0
361810,EP MURAMA,West,Rusizi,Rwimbogo,RURAL,PUBLIC,Preprimary + Primary,56.66666793823242,1.0,1,0.0,64.0,0.0,79.1221698113208,1.0
370105,GS GISAKURA  TSS,West,Nyamasheke,Bushekeri,RURAL,PUBLIC,Preprimary + Primary + Ordinal Level + TVET,57.18954086303711,1.0,1,1.0,64.0,0.0,80.8263323130819,2.0
370110,GS NYANZA,,,,,,,68.44993591308594,,0,,,,84.39073139841719,2.0
370114,YOVE PRIMARY SCHOOL,West,Nyamasheke,Bushekeri,RURAL,GOVERNMENT_AIDED,Preprimary + Primary,50.29239654541016,1.0,1,0.0,58.0,0.0,86.9269916142558,1.0
370115,EP BITARE,,,,,,,48.2428092956543,,0,,,,84.9263974235192,1.0
370116,EP BUHINGA,,,,,,,25.95744705200195,,0,,,,85.5534672874296,1.0
370205,GASHIRABWOBA,West,Nyamasheke,Bushenge,RURAL,GOVERNMENT_AIDED,Preprimary + Primary,66.83804321289062,1.0,1,0.0,58.0,0.0,80.5815787776165,1.0
370207,GITWA A,West,Nyamasheke,Bushenge,RURAL,GOVERNMENT_AIDED,Preprimary + Primary,58.97436141967773,1.0,1,0.0,58.0,0.0,85.0416417833784,1.0
370208,GS BUSHENGE,West,Nyamasheke,Bushenge,RURAL,GOVERNMENT_AIDED,Preprimary + Primary + Ordinal Level + General upper secondary,44.16516876220703,1.0,1,1.0,58.0,0.0,80.13328544769186,2.0
370209,GS KIZIBA,West,Nyamasheke,Bushenge,RURAL,GOVERNMENT_AIDED,Preprimary + Primary + Ordinal Level,67.6991195678711,1.0,1,1.0,58.0,0.0,83.17467182909655,2.0
370210,GS REMERA A  TSS,West,Nyamasheke,Bushenge,RURAL,GOVERNMENT_AIDED,Preprimary + Primary + Ordinal Level + TVET,44.91150283813477,1.0,1,0.0,58.0,0.0,83.647189381493,2.0
370217,GS MWITO,West,Nyamasheke,Bushenge,RURAL,GOVERNMENT_AIDED,Preprimary + Primary + Ordinal Level,60.37735748291016,1.0,0,1.0,58.0,1.0,82.2962635411633,2.0
370218,EP NYARUTOVU,West,Nyamasheke,Bushenge,RURAL,GOVERNMENT_AIDED,Preprimary + Primary,60.82474136352539,1.0,1,0.0,58.0,0.0,79.9094130177224,1.0
370219,EP RWASHYAMBA,,,,,,,65.48672485351562,,0,,,,81.915443977974,1.0
370305,GS MUTUNTU,West,Nyamasheke,Cyato,RURAL,GOVERNMENT_AIDED,Preprimary + Primary + Ordinal Level,32.72727203369141,1.0,1,1.0,58.0,1.0,73.974733516746,1.0
370306,GS YOVE  TSS,West,Nyamasheke,Cyato,RURAL,GOVERNMENT_AIDED,Preprimary + Primary + Ordinal Level + General upper secondary + TVET,55.95668029785156,1.0,1,1.0,58.0,0.0,75.9972713546385,2.0
370319,EP RWARAMBA,,,,,,,62.5,,0,,,,78.8592377957472,1.0
370403,BWERANKORI,West,Nyamasheke,Gihombo,RURAL,GOVERNMENT_AIDED,Preprimary + Primary,51.85185241699219,1.0,1,0.0,58.0,0.0,82.785144800351,1.0
370406,GIHOMBO,West,Nyamasheke,Gihombo,RURAL,GOVERNMENT_AIDED,Preprimary + Primary,42.55319213867188,1.0,1,0.0,58.0,1.0,82.9928181650019,1.0
370408,GS GITSIMBWE,West,Nyamasheke,Gihombo,RURAL,GOVERNMENT_AIDED,Preprimary + Primary + Ordinal Level + General upper secondary,71.02593231201172,1.0,1,0.0,58.0,1.0,84.67880761359734,2.0
370409,GS KIBINGO,West,Nyamasheke,Gihombo,RURAL,GOVERNMENT_AIDED,Preprimary + Primary + Ordinal Level,35.36585235595703,1.0,1,0.0,58.0,0.0,74.6340714419645,2.0
370410,GS NYAKANYINYA,West,Nyamasheke,Gihombo,RURAL,GOVERNMENT_AIDED,Preprimary + Primary + Ordinal Level + General upper secondary,45.45454788208008,1.0,1,0.0,58.0,0.0,78.7702349501636,2.0
370412,JARAMA,West,Nyamasheke,Gihombo,RURAL,GOVERNMENT_AIDED,Preprimary + Primary + Ordinal Level,73.68421173095703,1.0,1,0.0,58.0,0.0,86.2553354699979,2.0
370415,MBOGO,West,Nyamasheke,Gihombo,RURAL,GOVERNMENT_AIDED,Preprimary + Primary,57.04697799682617,1.0,1,0.0,58.0,0.0,85.4001407607068,1.0
370417,MUSENGESI,West,Nyamasheke,Gihombo,URBAN,GOVERNMENT_AIDED,Preprimary + Primary,40.0,1.0,1,0.0,58.0,1.0,82.4841896956991,1.0
370418,RUSUZUMIRO,West,Nyamasheke,Gihombo,RURAL,GOVERNMENT_AIDED,Primary,47.58620452880859,1.0,1,0.0,58.0,0.0,,
370420,RWAMATAMU,West,Nyamasheke,Gihombo,RURAL,GOVERNMENT_AIDED,Preprimary + Primary,32.46753311157227,1.0,1,0.0,58.0,0.0,,
370422,VIRO,West,Nyamasheke,Gihombo,RURAL,GOVERNMENT_AIDED,Preprimary + Primary + Ordinal Level,26.7241382598877,1.0,1,0.0,58.0,0.0,85.1359918827648,1.0
370428,EP BIREHE,West,Nyamasheke,Gihombo,RURAL,GOVERNMENT_AIDED,Preprimary + Primary,38.40579605102539,1.0,1,0.0,58.0,1.0,79.7523778001021,1.0
370502,GITABA,West,Nyamasheke,Kagano,URBAN,GOVERNMENT_AIDED,Preprimary + Primary,76.10993194580078,1.0,1,0.0,58.0,0.0,,
370505,GS MAKOKO,West,Nyamasheke,Kagano,URBAN,GOVERNMENT_AIDED,Preprimary + Primary + Ordinal Level,26.79738616943359,1.0,1,1.0,58.0,0.0,73.74811411233895,2.0
370506,GS NYAMASHEKE A,West,Nyamasheke,Kagano,RURAL,GOVERNMENT_AIDED,Preprimary + Primary + Ordinal Level + General upper secondary,31.60763168334961,1.0,1,1.0,58.0,0.0,76.20823300502605,2.0
370507,GS SHARA,West,Nyamasheke,Kagano,RURAL,GOVERNMENT_AIDED,Preprimary + Primary + Ordinal Level + General upper secondary,72.02472686767578,1.0,1,1.0,58.0,0.0,79.01396228948761,2.0
370511,MUTUSA,West,Nyamasheke,Kagano,URBAN,GOVERNMENT_AIDED,Preprimary + Primary,64.0851058959961,1.0,1,0.0,58.0,0.0,77.9064691720907,1.0
370512,NTUMBA,West,Nyamasheke,Kagano,RURAL,GOVERNMENT_AIDED,Preprimary + Primary,42.81436920166016,1.0,1,0.0,58.0,0.0,54.3819267710009,1.0
370513,NYAKABINGO,West,Nyamasheke,Kagano,RURAL,GOVERNMENT_AIDED,Preprimary + Primary,100.0,1.0,1,0.0,58.0,0.0,,
370516,NYAMASHEKE B,West,Nyamasheke,Kagano,URBAN,GOVERNMENT_AIDED,Preprimary + Primary,58.9063835144043,1.0,1,0.0,58.0,1.0,,
370517,REMERA B,West,Nyamasheke,Kagano,RURAL,GOVERNMENT_AIDED,Preprimary + Primary,53.48837280273438,1.0,1,0.0,58.0,1.0,68.1873445024613,1.0
370518,RWANGOMA,West,Nyamasheke,Kagano,RURAL,GOVERNMENT_AIDED,Preprimary + Primary,60.86956405639648,1.0,1,0.0,58.0,0.0,75.5010863350486,1.0
370521,GS GITWA B,West,Nyamasheke,Kagano,RURAL,GOVERNMENT_AIDED,Preprimary + Primary + Ordinal Level,37.93103408813477,1.0,1,0.0,58.0,0.0,76.18543652443375,2.0
370522,JOYFUL NURSERY SCHOOL,West,Nyamasheke,Kagano,RURAL,PRIVATE,Preprimary + Primary,99.30069732666016,1.0,1,0.0,32.0,0.0,,
370525,GS GITWA,West,Nyamasheke,Kagano,RURAL,PUBLIC,Preprimary + Primary + Ordinal Level + General upper secondary,60.21897888183594,1.0,1,0.0,64.0,0.0,80.47024629101675,2.0
370526,GS KININI,West,Nyamasheke,Kagano,RURAL,PUBLIC,Preprimary + Primary + Ordinal Level,51.10783004760742,1.0,1,1.0,64.0,0.0,83.0210193343359,2.0
370527,SHARA FOUNDATION SCHOOL,West,Nyamasheke,Kagano,RURAL,GOVERNMENT_AIDED,Preprimary + Primary,58.90908813476562,1.0,1,0.0,58.0,1.0,76.3857081597648,1.0
370608,GS RUHERU A,West,Nyamasheke,Kanjongo,RURAL,GOVERNMENT_AIDED,Preprimary + Primary + Ordinal Level + General upper secondary,64.78260803222656,1.0,1,1.0,58.0,0.0,87.11643374988685,2.0
370609,GS Saint Paul de TYAZO,West,Nyamasheke,Kanjongo,RURAL,GOVERNMENT_AIDED,Preprimary + Primary + Ordinal Level + General upper secondary,67.19999694824219,1.0,1,1.0,58.0,0.0,89.36712181692585,2.0
370613,EP KAMABUYE,West,Nyamasheke,Kanjongo,RURAL,GOVERNMENT_AIDED,Preprimary + Primary,84.22712707519531,,1,0.0,58.0,0.0,84.0278616352201,1.0
370614,EP KIBOGORA,West,Nyamasheke,Kanjongo,RURAL,GOVERNMENT_AIDED,Preprimary + Primary,56.11888122558594,1.0,1,1.0,58.0,0.0,84.7830979348682,1.0
370616,EP KIVOGA,West,Nyamasheke,Kanjongo,RURAL,GOVERNMENT_AIDED,Preprimary + Primary,40.20618438720703,1.0,1,0.0,58.0,0.0,79.9705360886493,1.0
370618,GS KORWE,West,Nyamasheke,Kanjongo,RURAL,GOVERNMENT_AIDED,Preprimary + Primary + Ordinal Level,44.28794860839844,1.0,1,1.0,58.0,0.0,87.5322516819446,2.0
370621,NYAGISASA,West,Nyamasheke,Kanjongo,RURAL,GOVERNMENT_AIDED,Preprimary + Primary,58.05243301391602,1.0,1,0.0,58.0,0.0,80.9088958770091,1.0
370622,NYARUBURA,,,,,,,54.67980575561523,,0,,,,82.7678802702073,1.0
370627,GS MASEKA,West,Nyamasheke,Kanjongo,RURAL,PUBLIC,Preprimary + Primary + Ordinal Level,39.58333587646484,1.0,1,1.0,64.0,0.0,82.06283769397186,2.0
370706,GS RUGANO,West,Nyamasheke,Karambi,RURAL,GOVERNMENT_AIDED,Preprimary + Primary + Ordinal Level + TVET + TVET,71.44319152832031,1.0,1,0.0,58.0,0.0,80.52153174349814,2.0
370707,EP KAGEYO,West,Nyamasheke,Karambi,RURAL,GOVERNMENT_AIDED,Preprimary + Primary,71.57142639160156,1.0,1,0.0,58.0,0.0,77.9925202156334,1.0
370709,GS KARAMBI,West,Nyamasheke,Karambi,RURAL,GOVERNMENT_AIDED,Preprimary + Primary + Ordinal Level + General upper secondary,63.53790664672852,1.0,1,1.0,58.0,0.0,84.05785149940925,2.0
370710,MWEYA,West,Nyamasheke,Karambi,RURAL,GOVERNMENT_AIDED,Preprimary + Primary,69.248291015625,1.0,1,0.0,58.0,0.0,78.4744731683411,1.0
370712,NGANGE,West,Nyamasheke,Karambi,RURAL,GOVERNMENT_AIDED,Preprimary + Primary,71.79215240478516,1.0,1,0.0,58.0,1.0,79.5789838525793,1.0
370714,GS CYIYA,West,Nyamasheke,Karambi,RURAL,GOVERNMENT_AIDED,Preprimary + Primary + Ordinal Level,80.43478393554688,1.0,1,0.0,58.0,0.0,82.4279283063153,2.0
370715,RUDAGA,West,Nyamasheke,Karambi,RURAL,GOVERNMENT_AIDED,Preprimary + Primary,58.78787612915039,1.0,1,0.0,58.0,0.0,81.4730977601236,1.0
370717,GS RUGABE,West,Nyamasheke,Karambi,RURAL,GOVERNMENT_AIDED,Preprimary + Primary + Ordinal Level,21.64179039001465,1.0,0,1.0,58.0,0.0,85.156127600817,1.0
370718,GS KABUGA,West,Nyamasheke,Karambi,RURAL,PUBLIC,Preprimary + Primary + Ordinal Level,48.53556442260742,1.0,0,1.0,64.0,0.0,86.0925088935189,1.0
370719,GS RUREMBO,West,Nyamasheke,Karambi,RURAL,PUBLIC,Preprimary + Primary + Ordinal Level,52.58126068115234,1.0,1,0.0,64.0,0.0,84.8919630647731,1.0
370803,GS GASHASHI,West,Nyamasheke,Karengera,RURAL,GOVERNMENT_AIDED,Preprimary + Primary + Ordinal Level,50.35461044311523,1.0,1,1.0,58.0,0.0,,
370804,GS KARENGERA CATH,West,Nyamasheke,Karengera,RURAL,GOVERNMENT_AIDED,Preprimary + Primary + Ordinal Level + General upper secondary,71.8855209350586,1.0,1,1.0,58.0,0.0,88.0865757086697,1.0
370805,GS NYARUSANGE,West,Nyamasheke,Karengera,RURAL,GOVERNMENT_AIDED,Preprimary + Primary + Ordinal Level + General upper secondary,57.74378967285156,,1,1.0,58.0,1.0,82.2918492417154,1.0
370806,KANYINYA,West,Nyamasheke,Karengera,RURAL,GOVERNMENT_AIDED,Preprimary + Primary,79.33673095703125,1.0,1,0.0,58.0,0.0,81.6903789843113,1.0
370809,MPINGA,,,,,,,61.21672821044922,,0,,,,82.1492662473794,1.0
370811,MWEZI,West,Nyamasheke,Karengera,RURAL,GOVERNMENT_AIDED,Preprimary + Primary,35.13513565063477,1.0,1,0.0,58.0,0.0,79.487014858142,1.0
370814,NYANUNDA,West,Nyamasheke,Karengera,RURAL,GOVERNMENT_AIDED,Preprimary + Primary,68.17155456542969,1.0,1,0.0,58.0,1.0,71.2496645702306,1.0
370816,RUBONA,,,,,,,78.853759765625,,0,,,,,
370818,RURAMA,West,Nyamasheke,Karengera,RURAL,PUBLIC,Preprimary + Primary,76.25,1.0,1,0.0,64.0,0.0,82.042970268725,1.0
370824,EP RWINTARE,West,Nyamasheke,Karengera,RURAL,GOVERNMENT_AIDED,Preprimary + Primary,73.8853530883789,1.0,1,0.0,58.0,0.0,,
370901,CYANGABO,West,Nyamasheke,Kirimbi,RURAL,GOVERNMENT_AIDED,Preprimary + Primary,46.1942253112793,1.0,1,0.0,58.0,0.0,78.2662846645551,1.0
370903,CYIMPINDU,West,Nyamasheke,Kirimbi,RURAL,GOVERNMENT_AIDED,Preprimary + Primary + Ordinal Level,45.6363639831543,1.0,1,0.0,58.0,0.0,80.6206953477413,1.0
370905,GACUMBI,West,Nyamasheke,Kirimbi,RURAL,GOVERNMENT_AIDED,Preprimary + Primary,77.1875,1.0,1,0.0,58.0,0.0,80.645929419986,1.0
370907,KABURIRO,West,Nyamasheke,Kirimbi,RURAL,GOVERNMENT_AIDED,Preprimary + Primary + Ordinal Level + General upper secondary,62.10526275634766,1.0,1,1.0,58.0,0.0,,
370909,GS KARENGERA-GITWA,West,Nyamasheke,Kirimbi,RURAL,GOVERNMENT_AIDED,Preprimary + Primary + Ordinal Level + General upper secondary,67.74942016601562,1.0,1,1.0,58.0,0.0,82.11417673952145,2.0
370910,GS KILIMBI,West,Nyamasheke,Kirimbi,RURAL,GOVERNMENT_AIDED,Preprimary + Primary + Ordinal Level,37.03703689575195,1.0,1,1.0,58.0,0.0,82.6171757486601,1.0
370912,KAGUNGA,West,Nyamasheke,Kirimbi,RURAL,GOVERNMENT_AIDED,Preprimary + Primary,66.35802459716797,1.0,1,0.0,58.0,0.0,74.3478055783429,1.0
370916,MUSHUNGO,West,Nyamasheke,Kirimbi,RURAL,PUBLIC,Preprimary + Primary + Ordinal Level,94.44444274902344,1.0,1,0.0,64.0,0.0,76.0791317260657,2.0
370918,NYABINAGA,West,Nyamasheke,Kirimbi,RURAL,GOVERNMENT_AIDED,Preprimary + Primary,53.07443237304688,1.0,1,0.0,58.0,0.0,79.7708851050775,1.0
370920,NYAMURE,West,Nyamasheke,Kirimbi,RURAL,GOVERNMENT_AIDED,Preprimary + Primary + Ordinal Level,61.44067764282227,1.0,1,1.0,58.0,0.0,81.54080743291959,2.0
370923,EP Nduba,,,,,,,81.28341674804688,,0,,,,79.879622402826,1.0
370924,Karengera Hope Academy School,West,Nyamasheke,Kirimbi,RURAL,PRIVATE,Preprimary + Primary,100.0,1.0,1,1.0,32.0,0.0,,
371003,BUHORO ADVENTISTE,,,,,,,64.0,,0,,,,76.7688691386805,1.0
371005,GS BUHORO METHODISTE,West,Nyamasheke,Macuba,RURAL,GOVERNMENT_AIDED,Preprimary + Primary + Ordinal Level,29.59183692932129,1.0,1,0.0,58.0,0.0,86.2398228210883,1.0
371009,GS CYAVUMU,West,Nyamasheke,Macuba,RURAL,GOVERNMENT_AIDED,Preprimary + Primary + Ordinal Level,65.63011169433594,1.0,1,1.0,58.0,0.0,86.7602339181286,1.0
371010,GS MBUGA,West,Nyamasheke,Macuba,RURAL,GOVERNMENT_AIDED,Preprimary + Primary + Ordinal Level + General upper secondary,53.23529052734375,1.0,1,1.0,58.0,1.0,82.46396364785065,2.0
371011,GS MURAMBA,West,Nyamasheke,Macuba,RURAL,GOVERNMENT_AIDED,Preprimary + Primary + Ordinal Level + General upper secondary,54.81171417236328,1.0,1,1.0,58.0,0.0,80.42258155290631,2.0
371014,KIREHE,West,Nyamasheke,Macuba,RURAL,GOVERNMENT_AIDED,Preprimary + Primary + Ordinal Level,70.48458099365234,,1,0.0,58.0,1.0,82.9850242614863,1.0
371018,MUTONGO,West,Nyamasheke,Macuba,RURAL,GOVERNMENT_AIDED,Preprimary + Primary,50.51546096801758,1.0,1,0.0,58.0,0.0,67.1157547280969,1.0
371020,MWASA,West,Nyamasheke,Macuba,RURAL,GOVERNMENT_AIDED,Preprimary + Primary,76.19047546386719,1.0,1,0.0,58.0,0.0,72.7266888194621,1.0
371102,Binogo,West,Nyamasheke,Mahembe,RURAL,GOVERNMENT_AIDED,Preprimary + Primary,32.65306091308594,1.0,1,0.0,58.0,0.0,72.2886851940401,1.0
371105,GABIRO,West,Nyamasheke,Mahembe,RURAL,GOVERNMENT_AIDED,Preprimary + Primary,47.44525527954102,1.0,1,0.0,58.0,0.0,,
371107,GIKO,West,Nyamasheke,Mahembe,RURAL,GOVERNMENT_AIDED,Preprimary + Primary + Ordinal Level,37.91469192504883,1.0,1,1.0,58.0,0.0,84.6322136505871,1.0
371108,GS FUMBA,West,Nyamasheke,Mahembe,RURAL,GOVERNMENT_AIDED,Preprimary + Primary + Ordinal Level + General upper secondary,48.90110015869141,1.0,1,1.0,58.0,0.0,79.1006449661399,1.0
371109,GS MUGONERO,West,Nyamasheke,Mahembe,RURAL,GOVERNMENT_AIDED,Preprimary + Primary + Ordinal Level + TVET,69.81981658935547,1.0,1,0.0,58.0,0.0,81.1828812677141,1.0
371110,GS NYAGATARE,West,Nyamasheke,Mahembe,RURAL,GOVERNMENT_AIDED,Preprimary + Primary + Ordinal Level + General upper secondary,38.93129730224609,1.0,1,0.0,58.0,0.0,83.772237048961,1.0
371112,MAHEMBE,West,Nyamasheke,Mahembe,RURAL,GOVERNMENT_AIDED,Preprimary + Primary,60.97561264038086,1.0,1,0.0,58.0,0.0,,
371117,NYARUSIZA,,,,,,,62.29507827758789,,0,,,,79.4873375262055,1.0
371118,EP GITI,,,,,,,66.59142303466797,,0,,,,79.2565746591682,1.0
371205,BUNYANGURUBE,West,Nyamasheke,Nyabitekeri,RURAL,GOVERNMENT_AIDED,Preprimary + Primary,66.44737243652344,1.0,1,0.0,58.0,1.0,67.9985411539513,1.0
371210,GAFUBA,West,Nyamasheke,Nyabitekeri,RURAL,GOVERNMENT_AIDED,Preprimary + Primary,33.33333587646484,1.0,1,0.0,58.0,0.0,,
371213,GS BUNYENGA,West,Nyamasheke,Nyabitekeri,RURAL,GOVERNMENT_AIDED,Preprimary + Primary + Ordinal Level,51.69491577148438,1.0,1,0.0,58.0,0.0,78.5274311740394,2.0
371214,GS MUKOMA,West,Nyamasheke,Nyabitekeri,RURAL,GOVERNMENT_AIDED,Preprimary + Primary + Ordinal Level,27.05882453918457,1.0,1,1.0,58.0,0.0,76.27404269039405,2.0
371218,NYABITEKERI,West,Nyamasheke,Nyabitekeri,RURAL,GOVERNMENT_AIDED,Preprimary + Primary,48.3870964050293,1.0,1,0.0,58.0,0.0,80.7251921733054,1.0
371220,RUHAMAGARIRO,West,Nyamasheke,Nyabitekeri,RURAL,GOVERNMENT_AIDED,Preprimary + Primary,58.25082778930664,1.0,1,0.0,58.0,0.0,,
371221,GS NYAMIRUNDI,West,Nyamasheke,Nyabitekeri,RURAL,GOVERNMENT_AIDED,Preprimary + Primary + Ordinal Level,58.26771926879883,1.0,1,1.0,58.0,0.0,83.5471488121356,1.0
371307,GS BANDA,West,Nyamasheke,Rangiro,RURAL,GOVERNMENT_AIDED,Preprimary + Primary + Ordinal Level + General upper secondary,58.74126052856445,,1,0.0,58.0,0.0,84.3121136076618,1.0
371308,GS GAHISI,West,Nyamasheke,Rangiro,RURAL,GOVERNMENT_AIDED,Preprimary + Primary + Ordinal Level,56.65528869628906,,1,1.0,58.0,0.0,79.7349813507046,2.0
371311,KAMATSIRA,West,Nyamasheke,Rangiro,RURAL,GOVERNMENT_AIDED,Preprimary + Primary,75.4717025756836,,1,0.0,58.0,1.0,79.7654804645402,1.0
371317,E P RANGIRO,West,Nyamasheke,Rangiro,RURAL,GOVERNMENT_AIDED,Preprimary + Primary,71.25748443603516,1.0,1,0.0,58.0,0.0,84.1562921669525,1.0
371319,GS MPABE,West,Nyamasheke,Rangiro,RURAL,GOVERNMENT_AIDED,Preprimary + Primary + Ordinal Level + General upper secondary,56.93069076538086,1.0,1,0.0,58.0,0.0,76.69524295505519,2.0
371320,E P MURAMBI,West,Nyamasheke,Rangiro,RURAL,GOVERNMENT_AIDED,Preprimary + Primary,51.44927597045898,1.0,1,0.0,58.0,0.0,,
371322,EP GASEBEYA,West,Nyamasheke,Rangiro,RURAL,GOVERNMENT_AIDED,Preprimary + Primary,37.28813552856445,1.0,1,0.0,58.0,0.0,70.054396525906,1.0
371325,EP KANEKE,,,,,,,62.15596008300781,,0,,,,84.6452862441542,1.0
371402,EP BUMAZI,West,Nyamasheke,Ruharambuga,RURAL,GOVERNMENT_AIDED,Preprimary + Primary,44.19643020629883,1.0,1,0.0,58.0,0.0,83.9446273002562,1.0
371405,GS GIHINGA,West,Nyamasheke,Ruharambuga,RURAL,GOVERNMENT_AIDED,Preprimary + Primary + Ordinal Level,43.97163009643555,1.0,1,1.0,58.0,0.0,82.38396110043385,2.0
371407,GS BIGUTU,West,Nyamasheke,Ruharambuga,RURAL,GOVERNMENT_AIDED,Preprimary + Primary + Ordinal Level + General upper secondary,18.51851844787598,1.0,1,0.0,58.0,0.0,81.05087609406635,2.0
371408,GS KAMONYI,West,Nyamasheke,Ruharambuga,RURAL,GOVERNMENT_AIDED,Preprimary + Primary + Ordinal Level + General upper secondary,58.33333206176758,1.0,1,1.0,58.0,0.0,68.53453540092954,2.0
371409,GS RWABIDEGE,West,Nyamasheke,Ruharambuga,RURAL,GOVERNMENT_AIDED,Preprimary + Primary + Ordinal Level + General upper secondary,50.62972259521484,1.0,1,0.0,58.0,0.0,78.56942817118909,2.0
371412,EP NTENDEZI,West,Nyamasheke,Ruharambuga,RURAL,GOVERNMENT_AIDED,Preprimary + Primary,55.80952072143555,1.0,1,0.0,58.0,0.0,85.7790367738481,1.0
371414,EP RUHARAMBUGA,West,Nyamasheke,Ruharambuga,RURAL,GOVERNMENT_AIDED,Preprimary + Primary,49.21052932739258,1.0,1,0.0,58.0,1.0,80.5771548182331,1.0
371416,EP RUSAMBU,West,Nyamasheke,Ruharambuga,RURAL,PUBLIC,Preprimary + Primary,55.87668609619141,1.0,1,0.0,64.0,0.0,82.9693867935179,1.0
371420,EP GATANGA,,,,,,,34.09090805053711,,0,,,,,
371501,BIKUNDA,West,Nyamasheke,Shangi,RURAL,GOVERNMENT_AIDED,Preprimary + Primary + Ordinal Level,56.8807373046875,1.0,1,0.0,58.0,1.0,77.2846353491771,1.0
371505,GS MPISHYI,West,Nyamasheke,Shangi,RURAL,GOVERNMENT_AIDED,Preprimary + Primary + Ordinal Level,65.82914733886719,1.0,1,1.0,58.0,0.0,84.761256307189,2.0
371507,GS NYAMUGALI,West,Nyamasheke,Shangi,RURAL,GOVERNMENT_AIDED,Preprimary + Primary + Ordinal Level + General upper secondary,42.81391906738281,1.0,1,0.0,58.0,0.0,80.63610591882144,2.0
371520,EP MATABA,West,Nyamasheke,Shangi,RURAL,PUBLIC,Preprimary + Primary,49.17257690429688,1.0,1,0.0,64.0,0.0,86.0535583204205,1.0
371521,GS NGOBOKA,West,Nyamasheke,Shangi,RURAL,PUBLIC,Preprimary + Primary + Ordinal Level,29.13165473937988,1.0,1,1.0,64.0,0.0,86.3807490342729,1.0
410102,EP Rugaragara,,,,,,,84.42367553710938,,0,,,,72.9175490196078,1.0
410104,GS MUSHONGI,North,Rulindo,BASE,RURAL,PUBLIC,Preprimary + Primary + Ordinal Level + General upper secondary,36.42856979370117,1.0,1,0.0,64.0,1.0,74.081555883432,2.0
410105,GS CYONDO,North,Rulindo,BASE,RURAL,GOVERNMENT_AIDED,Preprimary + Primary + Ordinal Level,46.18643951416016,1.0,1,0.0,58.0,0.0,68.6032576086171,2.0
410106,EP  RWILI,North,Rulindo,BASE,RURAL,PUBLIC,Preprimary + Primary,85.98130798339844,1.0,1,0.0,64.0,0.0,69.9540847643645,1.0
410109,GS KIRULI,North,Rulindo,BASE,RURAL,PUBLIC,Preprimary + Primary + Ordinal Level,67.76268768310547,1.0,1,1.0,64.0,1.0,77.38256747762645,2.0
410202,GS BUTANGAMPUNDU,North,Rulindo,BUREGA,RURAL,PUBLIC,Preprimary + Primary + Ordinal Level,60.44520568847656,1.0,1,1.0,64.0,0.0,68.26090413207359,2.0
410203,EP Karengeri,North,Rulindo,BUREGA,RURAL,PUBLIC,Preprimary + Primary,72.54335021972656,1.0,1,0.0,64.0,0.0,68.7012219040521,1.0
410301,GS BURAMIRA,North,Rulindo,BUSHOKI,RURAL,PUBLIC,Preprimary + Primary + Ordinal Level,55.47169876098633,1.0,1,1.0,64.0,0.0,72.82581777644671,2.0
410302,EP MURAMBI PU,North,Rulindo,BUSHOKI,RURAL,PUBLIC,Preprimary + Primary,64.21800994873047,1.0,1,0.0,64.0,0.0,80.2228123032159,1.0
410304,COLLEGE FONDATION SINA GERARD,North,Rulindo,BUSHOKI,RURAL,PRIVATE,Preprimary + Primary + Ordinal Level + General upper secondary + TVET,72.96137237548828,1.0,1,1.0,32.0,0.0,,
410306,MUGENDA,North,Rulindo,BUSHOKI,RURAL,PUBLIC,Preprimary + Primary + Ordinal Level,59.4202880859375,1.0,1,0.0,64.0,0.0,69.2694370461481,2.0
410307,GS NGARAMA,North,Rulindo,BUSHOKI,RURAL,PUBLIC,Preprimary + Primary + Ordinal Level + General upper secondary,31.44654083251953,1.0,1,1.0,64.0,0.0,73.74652101975455,2.0
410308,BUHANDE,North,Rulindo,BUSHOKI,RURAL,PUBLIC,Preprimary + Primary,97.29730224609375,1.0,1,0.0,64.0,0.0,76.8292736364574,1.0
410309,EP Karambi,,,,,,,74.32432556152344,,0,,,,75.3240740740741,1.0
410311,EP RULINDO,North,Rulindo,BUSHOKI,RURAL,GOVERNMENT_AIDED,Preprimary + Primary,84.44444274902344,1.0,1,0.0,58.0,0.0,71.8356775300171,1.0
410312,GS TARE,North,Rulindo,BUSHOKI,RURAL,GOVERNMENT_AIDED,Preprimary + Primary + Ordinal Level,51.90678405761719,1.0,1,1.0,58.0,0.0,75.5432015284827,2.0
410313,GS BUSHOKI,North,Rulindo,BUSHOKI,RURAL,PUBLIC,Preprimary + Primary + Ordinal Level,52.961669921875,1.0,1,0.0,64.0,0.0,73.00602612361769,2.0
410401,EP BUSORO,North,Rulindo,BUYOGA,RURAL,PUBLIC,Preprimary + Primary,56.6572265625,1.0,1,0.0,64.0,1.0,70.3464308917308,1.0
410403,GS BUYOGA,North,Rulindo,BUYOGA,RURAL,PUBLIC,Preprimary + Primary + Ordinal Level + General upper secondary,71.86441040039062,1.0,1,1.0,64.0,1.0,79.6310687590049,2.0
410404,GS GITUMBA,North,Rulindo,BUYOGA,RURAL,GOVERNMENT_AIDED,Preprimary + Primary + Ordinal Level + General upper secondary,49.6296272277832,1.0,1,1.0,58.0,0.0,75.46123174853705,2.0
410405,GS SHAGASHA,North,Rulindo,BUYOGA,RURAL,PUBLIC,Preprimary + Primary + Ordinal Level,69.12181091308594,1.0,1,0.0,64.0,1.0,72.6572598726281,2.0
410406,GS KADENDEGERI,North,Rulindo,BUYOGA,RURAL,PUBLIC,Preprimary + Primary + Ordinal Level,72.9946517944336,1.0,1,1.0,64.0,0.0,75.31071538899016,2.0
410407,GS MUYANZA,North,Rulindo,BUYOGA,RURAL,GOVERNMENT_AIDED,Preprimary + Primary + Ordinal Level + General upper secondary,72.23198699951172,1.0,1,0.0,58.0,0.0,81.0736316026171,1.0
410408,GS NYABISIGA,North,Rulindo,BUYOGA,RURAL,PUBLIC,Preprimary + Primary + Ordinal Level,70.45454406738281,1.0,1,0.0,64.0,1.0,78.41895130523875,2.0
410409,GS RUNOGA,North,Rulindo,BUYOGA,RURAL,GOVERNMENT_AIDED,Preprimary + Primary + Ordinal Level,43.36633682250977,1.0,1,1.0,58.0,0.0,72.87024084114525,2.0
410501,EP CYINZUZI,,,,,,,66.796875,,0,,,,71.1870630064026,1.0
410503,GS GIHINGA,North,Rulindo,CYINZUZI,RURAL,GOVERNMENT_AIDED,Preprimary + Primary + Ordinal Level,41.14583587646484,,1,0.0,58.0,0.0,77.6556113261302,2.0
410504,GS REMERA  TSS,North,Rulindo,CYINZUZI,RURAL,PUBLIC,Preprimary + Primary + Ordinal Level + General upper secondary + TVET,68.01886749267578,1.0,1,1.0,64.0,0.0,75.45751885558076,2.0
410505,GS KANYONI,North,Rulindo,CYINZUZI,RURAL,PUBLIC,Preprimary + Primary + Ordinal Level + General upper secondary,52.55474472045898,1.0,1,0.0,64.0,0.0,75.68014750359275,2.0
410506,GS KARAMBO A,North,Rulindo,CYINZUZI,RURAL,GOVERNMENT_AIDED,Preprimary + Primary + Ordinal Level,50.30549621582031,1.0,1,0.0,58.0,0.0,75.347525586462,2.0
410507,EP KARAMBO B,North,Rulindo,CYINZUZI,RURAL,GOVERNMENT_AIDED,Preprimary + Primary,74.0157470703125,1.0,1,0.0,58.0,0.0,67.5307374329777,1.0
410601,GS BUREHE,North,Rulindo,CYUNGO,RURAL,GOVERNMENT_AIDED,Preprimary + Primary + Ordinal Level + General upper secondary,68.8022232055664,1.0,1,1.0,58.0,1.0,75.58636895616604,2.0
410603,EP Marembo,North,Rulindo,CYUNGO,RURAL,PUBLIC,Preprimary + Primary,36.91275024414062,1.0,1,0.0,64.0,0.0,70.8236434108527,1.0
410605,GS GITARE,North,Rulindo,CYUNGO,RURAL,GOVERNMENT_AIDED,Preprimary + Primary + Ordinal Level,64.70588684082031,1.0,1,0.0,58.0,0.0,67.9946054338138,2.0
410608,GS NGANZO,North,Rulindo,CYUNGO,RURAL,PUBLIC,Preprimary + Primary + Ordinal Level,55.91397857666016,1.0,1,1.0,64.0,0.0,62.67334912431811,2.0
410701,GS KIMIRYI,North,Rulindo,KINIHIRA,RURAL,GOVERNMENT_AIDED,Preprimary + Primary + Ordinal Level + General upper secondary + Proffessional Secondary,37.70949935913086,1.0,1,0.0,58.0,0.0,74.9276302702894,2.0
410702,GS KINIHIRA,North,Rulindo,KINIHIRA,RURAL,GOVERNMENT_AIDED,Preprimary + Primary + Ordinal Level + General upper secondary,62.53602600097656,1.0,1,1.0,58.0,0.0,71.9928748334506,2.0
410703,GS KIGALI,North,Rulindo,KINIHIRA,RURAL,PUBLIC,Preprimary + Primary + Ordinal Level,48.17073059082031,1.0,1,0.0,64.0,0.0,76.2795418602855,1.0
410801,GS SAYO,North,Rulindo,KISARO,RURAL,GOVERNMENT_AIDED,Preprimary + Primary + Ordinal Level,61.40350723266602,1.0,1,0.0,58.0,0.0,62.37891177946204,2.0
410802,Ecole Saint Jean Baptiste De La Salle Kirenge,North,Rulindo,KISARO,RURAL,PRIVATE,Preprimary + Primary + Ordinal Level,85.18518829345703,1.0,1,1.0,32.0,0.0,,
410803,GS MURAMA,North,Rulindo,KISARO,RURAL,PUBLIC,Preprimary + Primary + Ordinal Level + General upper secondary,51.80412673950195,1.0,1,1.0,64.0,0.0,77.51930130438895,2.0
410804,GS RUBONA,North,Rulindo,KISARO,RURAL,PUBLIC,Preprimary + Primary + Ordinal Level,49.47526168823242,1.0,1,1.0,64.0,0.0,69.6388474429115,2.0
410805,GS RUTABO,North,Rulindo,KISARO,RURAL,PUBLIC,Preprimary + Primary + Ordinal Level + General upper secondary,56.57894515991211,1.0,1,1.0,64.0,0.0,69.42075966913364,2.0
410806,GS MUTANDI EAR,North,Rulindo,KISARO,RURAL,GOVERNMENT_AIDED,Preprimary + Primary + Ordinal Level,62.2641487121582,1.0,1,0.0,58.0,0.0,70.42666301166824,2.0
410807,EP Kibanda,North,Rulindo,KISARO,RURAL,PUBLIC,Preprimary + Primary,63.93442916870117,,1,0.0,64.0,0.0,78.2827817625932,1.0
410808,GS St Vincent De Paul de MUHiHI,North,Rulindo,KISARO,RURAL,GOVERNMENT_AIDED,Preprimary + Primary + Ordinal Level,70.83332824707031,,1,0.0,58.0,0.0,68.81802742748394,2.0
410809,EP Gitatsa,,,,,,,50.53191757202148,,0,,,,78.1117924528302,1.0
410901,EP MUREHE,North,Rulindo,MASORO,RURAL,PUBLIC,Preprimary + Primary,56.7164192199707,1.0,1,0.0,64.0,0.0,71.5895578986311,1.0
410902,GS SHENGAMPULI,,,,,,,61.67023849487305,,0,,,,74.98241302419504,2.0
410904,GS KIRWA,North,Rulindo,MASORO,RURAL,PUBLIC,Preprimary + Primary + Ordinal Level + TVET,29.86798667907715,1.0,1,0.0,64.0,0.0,61.8254379874787,1.0
410905,GS MASORO,North,Rulindo,MASORO,RURAL,GOVERNMENT_AIDED,Preprimary + Primary + Ordinal Level + General upper secondary,59.07959747314453,1.0,1,0.0,58.0,0.0,71.84350477952185,2.0
410906,EP Rukurazo,North,Rulindo,MASORO,RURAL,PUBLIC,Preprimary + Primary,76.27118682861328,1.0,1,0.0,64.0,0.0,63.0756813417191,1.0
410914,ITETERO NUSERY AND PRIMARYSCHOOL,North,Rulindo,MASORO,RURAL,PRIVATE,Preprimary + Primary,100.0,1.0,1,1.0,32.0,0.0,,
411001,GS BINAGA  TSS,North,Rulindo,MBOGO,RURAL,PUBLIC,Preprimary + Primary + Ordinal Level + General upper secondary + TVET,59.08288955688477,1.0,1,1.0,64.0,0.0,70.617290184547,2.0
411002,GS GISHA,North,Rulindo,MBOGO,RURAL,PUBLIC,Preprimary + Primary + Ordinal Level,65.08621215820312,1.0,1,1.0,64.0,0.0,64.3914980167659,2.0
411003,GS GITABAGE,North,Rulindo,MBOGO,RURAL,GOVERNMENT_AIDED,Preprimary + Primary + Ordinal Level,87.64044952392578,1.0,1,1.0,58.0,0.0,78.10872873641691,2.0
411004,GS GASAKA,North,Rulindo,MBOGO,RURAL,GOVERNMENT_AIDED,Preprimary + Primary + Ordinal Level,56.35359191894531,1.0,1,1.0,58.0,0.0,64.13255624830501,2.0
411005,EP GASAMA,North,Rulindo,MBOGO,RURAL,PUBLIC,Preprimary + Primary,51.32743072509766,1.0,1,0.0,64.0,0.0,65.050365210863,1.0
411102,GS MUGAMBAZI,North,Rulindo,MURAMBI,RURAL,GOVERNMENT_AIDED,Preprimary + Primary + Ordinal Level + General upper secondary,58.03877258300781,1.0,1,0.0,58.0,0.0,71.73676357877616,2.0
411103,GS  MUHORORO,North,Rulindo,MURAMBI,RURAL,PUBLIC,Preprimary + Primary + Ordinal Level + General upper secondary,68.14814758300781,1.0,1,1.0,64.0,0.0,67.0474027810231,2.0
411104,GS MURAMBI,North,Rulindo,MURAMBI,RURAL,PUBLIC,Preprimary + Primary + Ordinal Level + TVET,58.82990264892578,1.0,1,1.0,64.0,1.0,70.12058885284945,2.0
411105,GS GATWA,,,,,,,75.58922576904297,,0,,,,65.517252739631,2.0
411106,EP NTYABA,North,Rulindo,MURAMBI,RURAL,PUBLIC,Preprimary + Primary,75.37688446044922,1.0,1,0.0,64.0,1.0,64.5425878954181,1.0
411110,EP Murambi LS,North,Rulindo,MURAMBI,RURAL,GOVERNMENT_AIDED,Preprimary + Primary,66.5,1.0,1,0.0,58.0,0.0,73.9351851851852,1.0
411201,EP GITETE,North,Rulindo,NGOMA,RURAL,GOVERNMENT_AIDED,Preprimary + Primary,45.16128921508789,1.0,1,0.0,58.0,0.0,,
411202,GS GASEKE,North,Rulindo,NGOMA,RURAL,PUBLIC,Preprimary + Primary + Ordinal Level + General upper secondary,44.5224723815918,1.0,1,1.0,64.0,0.0,72.4415226560107,2.0
411204,GS NYABUKO,North,Rulindo,NGOMA,RURAL,PUBLIC,Preprimary + Primary + Ordinal Level,56.57894515991211,1.0,1,1.0,64.0,0.0,66.79722289402804,2.0
411205,GS YANZE  TSS,North,Rulindo,NGOMA,RURAL,PUBLIC,Preprimary + Primary + Ordinal Level + TVET,50.0,1.0,1,0.0,64.0,0.0,72.75129502068705,2.0
411302,GS KAYENZI,North,Rulindo,NTARABANA,RURAL,PUBLIC,Preprimary + Primary + Ordinal Level,28.4263973236084,1.0,1,0.0,64.0,0.0,75.65894682504765,2.0
411303,GS NTARABANA,North,Rulindo,NTARABANA,RURAL,PUBLIC,Preprimary + Primary + Ordinal Level + General upper secondary,33.23442077636719,1.0,1,1.0,64.0,0.0,67.586544489586,2.0
411304,GS RUSASA,North,Rulindo,NTARABANA,RURAL,GOVERNMENT_AIDED,Preprimary + Primary + Ordinal Level,57.18109130859375,1.0,1,1.0,58.0,0.0,69.4759647843252,2.0
411306,GS Mahaza  TSS,North,Rulindo,NTARABANA,RURAL,PUBLIC,Preprimary + Primary + Ordinal Level + TVET,50.57179260253906,1.0,1,1.0,64.0,1.0,75.8415301420018,2.0
411307,EP GITAMBI,,,,,,,35.34482574462891,,0,,,,56.7312859006562,1.0
411312,EP Gitambi B,,,,,,,71.13401794433594,,0,,,,63.2740940401318,1.0
411314,EP KAYENZI,North,Rulindo,NTARABANA,RURAL,PUBLIC,Preprimary + Primary,31.66666603088379,1.0,1,0.0,64.0,0.0,67.0905043778518,1.0
411315,Classic Academy School,North,Rulindo,NTARABANA,RURAL,PRIVATE,Preprimary + Primary,95.65217590332031,1.0,1,0.0,32.0,0.0,,
411402,GS MUTARA,North,Rulindo,RUKOZO,RURAL,PUBLIC,Preprimary + Primary + Ordinal Level + General upper secondary,46.15384674072266,1.0,1,0.0,64.0,0.0,65.6916883081087,2.0
411403,GS RUKOZO,North,Rulindo,RUKOZO,RURAL,PUBLIC,Preprimary + Primary + Ordinal Level,76.27494049072266,1.0,1,1.0,64.0,0.0,74.92652573957605,2.0
411404,GS MURAMBO,North,Rulindo,RUKOZO,RURAL,GOVERNMENT_AIDED,Preprimary + Primary + Ordinal Level + General upper secondary,63.3074951171875,1.0,1,1.0,58.0,0.0,73.14085468186735,2.0
411407,EP MURWA,North,Rulindo,RUKOZO,RURAL,PUBLIC,Preprimary + Primary,47.60000228881836,,1,0.0,64.0,0.0,,
411408,GS Kabingo  TSS,North,Rulindo,RUKOZO,RURAL,PUBLIC,Preprimary + Primary + Ordinal Level + TVET,73.03370666503906,1.0,1,0.0,64.0,1.0,75.5198264395948,2.0
411501,GS GITANDA,North,Rulindo,RUSIGA,RURAL,GOVERNMENT_AIDED,Preprimary + Primary + Ordinal Level,51.81818008422852,1.0,1,1.0,58.0,1.0,71.10273483903865,2.0
411503,GS Nkanga,North,Rulindo,RUSIGA,RURAL,PUBLIC,Preprimary + Primary + Ordinal Level,80.1047134399414,1.0,1,0.0,64.0,0.0,70.5890214287227,2.0
411504,GS RUKINGU,North,Rulindo,RUSIGA,RURAL,GOVERNMENT_AIDED,Preprimary + Primary + Ordinal Level,82.53319549560547,1.0,1,1.0,58.0,0.0,69.74210105722635,2.0
411505,GS RUSIGA  TSS,North,Rulindo,RUSIGA,RURAL,PUBLIC,Preprimary + Primary + Ordinal Level + TVET,63.6363639831543,1.0,1,0.0,64.0,0.0,73.0136016357065,1.0
411601,GS MUVUMU,North,Rulindo,SHYORONGI,RURAL,GOVERNMENT_AIDED,Preprimary + Primary + Ordinal Level,45.30744171142578,1.0,1,0.0,58.0,1.0,65.18401044640115,2.0
411607,GS RWAHI,North,Rulindo,SHYORONGI,RURAL,GOVERNMENT_AIDED,Preprimary + Primary + Ordinal Level,49.74093246459961,1.0,1,1.0,58.0,1.0,69.77849044656949,2.0
411608,GS SHYORONGI,North,Rulindo,SHYORONGI,RURAL,GOVERNMENT_AIDED,Preprimary + Primary + Ordinal Level + General upper secondary,58.18053436279297,1.0,1,0.0,58.0,0.0,64.8963692450063,2.0
411619,EAGLES PROGRESSIVE,North,Rulindo,SHYORONGI,RURAL,PRIVATE,Preprimary + Primary,100.0,1.0,1,0.0,32.0,0.0,,
411620,GS MUSENYI A,North,Rulindo,SHYORONGI,RURAL,PUBLIC,Preprimary + Primary + Ordinal Level,42.56055450439453,1.0,1,0.0,64.0,0.0,72.2436333233503,2.0
411621,GS Gisiza,North,Rulindo,SHYORONGI,RURAL,PUBLIC,Preprimary + Primary + Ordinal Level,55.07936477661133,1.0,1,0.0,64.0,0.0,70.3293401519077,2.0
411622,EP Nyamirembe,North,Rulindo,SHYORONGI,RURAL,PUBLIC,Preprimary + Primary,60.86141967773438,1.0,1,0.0,64.0,0.0,78.3070935987768,1.0
411702,E P TUMBA PU,,,,,,,79.45736694335938,,0,,,,75.0225580798357,1.0
411703,GS RUKORE,North,Rulindo,TUMBA,RURAL,PUBLIC,Preprimary + Primary + Ordinal Level,51.93798446655273,1.0,1,0.0,64.0,1.0,71.98132053505421,2.0
411704,GS RUVUMBA,North,Rulindo,TUMBA,RURAL,PUBLIC,Preprimary + Primary + Ordinal Level,39.5,1.0,1,1.0,64.0,0.0,65.0068896566313,2.0
411706,GS NYIRABIRORI,North,Rulindo,TUMBA,RURAL,GOVERNMENT_AIDED,Preprimary + Primary + Ordinal Level + General upper secondary,52.53623199462891,1.0,1,1.0,58.0,1.0,71.76373817785401,2.0
411712,EP GAHABWA,North,Rulindo,TUMBA,RURAL,PUBLIC,Preprimary + Primary,50.0,1.0,1,0.0,64.0,0.0,,
411713,EP BUKINGA,,,,,,,50.3703727722168,,0,,,,73.7777777777778,1.0
420101,EP BUSENGO,,,,,,,48.14814758300781,,0,,,,,
420102,GS CYIBUMBA,North,Gakenke,Busengo,RURAL,GOVERNMENT_AIDED,Preprimary + Primary + Ordinal Level + General upper secondary,50.62892913818359,1.0,1,1.0,58.0,0.0,79.12497048935731,2.0
420104,EP GAHAMA,North,Gakenke,Busengo,RURAL,GOVERNMENT_AIDED,Preprimary + Primary,48.79724884033203,1.0,1,0.0,58.0,0.0,78.1378706199461,1.0
420106,GS KAMINA,North,Gakenke,Busengo,URBAN,GOVERNMENT_AIDED,Preprimary + Primary + Ordinal Level + General upper secondary,76.55677795410156,1.0,1,0.0,58.0,0.0,76.987389604187,2.0
420108,EP KIRABO,North,Gakenke,Busengo,RURAL,GOVERNMENT_AIDED,Preprimary + Primary,65.81920623779297,,1,0.0,58.0,0.0,79.5318649086027,1.0
420110,GS RUBAGA,North,Gakenke,Busengo,RURAL,GOVERNMENT_AIDED,Preprimary + Primary + Ordinal Level,67.73455047607422,1.0,1,1.0,58.0,0.0,79.26477001778134,2.0
420111,RUHANGA,North,Gakenke,Busengo,RURAL,GOVERNMENT_AIDED,Preprimary + Primary + Ordinal Level + General upper secondary,54.94880676269531,,1,0.0,58.0,0.0,76.55794987178484,2.0
420112,EP RWINGOMA,,,,,,,58.38264083862305,,0,,,,67.7391473583555,1.0
420113,EP GATOKI,North,Gakenke,Busengo,RURAL,PUBLIC,Preprimary + Primary,16.66666793823242,,1,0.0,64.0,0.0,60.3030077094745,1.0
420201,EP COKO,North,Gakenke,Coko,RURAL,PUBLIC,Preprimary + Primary,65.7068099975586,1.0,1,0.0,64.0,0.0,79.2035464709993,1.0
420203,GS CYANIKA,North,Gakenke,Coko,RURAL,GOVERNMENT_AIDED,Preprimary + Primary + Ordinal Level + General upper secondary,47.64706039428711,1.0,1,1.0,58.0,0.0,80.959447455886,2.0
420205,GS KIRUKU,North,Gakenke,Coko,RURAL,PUBLIC,Preprimary + Primary + Ordinal Level,67.83625793457031,1.0,1,1.0,64.0,0.0,80.97125930546595,2.0
420207,EP MUBUGA I,North,Gakenke,Coko,RURAL,PUBLIC,Preprimary + Primary,57.95454406738281,1.0,1,0.0,64.0,0.0,,
420211,GS RWAHI  TSS,North,Gakenke,Coko,RURAL,PUBLIC,Preprimary + Primary + Ordinal Level + General upper secondary + TVET,34.55056381225586,1.0,1,1.0,64.0,0.0,78.9024488566492,1.0
420212,EP MBIRIMA,North,Gakenke,Coko,RURAL,PUBLIC,Preprimary + Primary,41.9068717956543,1.0,1,0.0,64.0,0.0,75.3729909154438,1.0
420302,EP GAKORO,North,Gakenke,Cyabingo,RURAL,PUBLIC,Preprimary + Primary,73.77049255371094,1.0,1,0.0,64.0,1.0,79.7145893360597,1.0
420306,EP MUHAZA,,,,,,,66.26712036132812,,0,,,,,
420309,GS MURAMBA,North,Gakenke,Cyabingo,RURAL,PUBLIC,Preprimary + Primary + Ordinal Level + General upper secondary,59.39470672607422,1.0,1,1.0,64.0,0.0,81.7122164148998,2.0
420311,EP RUKORE I,North,Gakenke,Cyabingo,RURAL,GOVERNMENT_AIDED,Preprimary + Primary,64.33332824707031,1.0,1,0.0,58.0,0.0,80.9365256336954,1.0
420315,EP MUTANDA,North,Gakenke,Cyabingo,RURAL,PUBLIC,Preprimary + Primary,71.7021255493164,1.0,1,0.0,64.0,1.0,78.1308176100629,1.0
420401,EP BUHETA,,,,,,,83.72093200683594,,0,,,,86.1345911949685,1.0
420404,EP GAKENKE PROTESTANT,North,Gakenke,Gakenke,URBAN,GOVERNMENT_AIDED,Preprimary + Primary,73.17073059082031,1.0,1,0.0,58.0,0.0,78.9477694895422,1.0
420405,EP GIRAMAHORO,North,Gakenke,Gakenke,RURAL,GOVERNMENT_AIDED,Preprimary + Primary,51.21951293945312,1.0,1,0.0,58.0,0.0,80.0101233308781,1.0
420409,GS KARUGANDA,North,Gakenke,Gakenke,RURAL,GOVERNMENT_AIDED,Preprimary + Primary + Ordinal Level + General upper secondary,18.0790958404541,1.0,1,0.0,58.0,0.0,77.59888173732735,2.0
420415,GS RUKURA,North,Gakenke,Gakenke,RURAL,PUBLIC,Preprimary + Primary + Ordinal Level + General upper secondary + TVET + TVET,68.36518096923828,1.0,1,1.0,64.0,1.0,73.6291546360547,2.0
420504,MURANDI,North,Gakenke,Gashenyi,RURAL,GOVERNMENT_AIDED,Preprimary + Primary,43.05019378662109,1.0,1,0.0,58.0,0.0,79.6139412997904,1.0
420513,GS RUTABO,North,Gakenke,Gashenyi,RURAL,GOVERNMENT_AIDED,Preprimary + Primary + Ordinal Level,42.89156341552734,,1,0.0,58.0,0.0,59.94945874915111,2.0
420514,NYENYERI,,,,,,,48.06201553344727,,0,,,,76.9498884155001,1.0
420542,NYACYINA PRIMARY,North,Gakenke,Gashenyi,RURAL,GOVERNMENT_AIDED,Preprimary + Primary,68.52678680419922,1.0,1,0.0,58.0,0.0,79.5831744570815,1.0
420604,GAKENKE ADVENTISTE,North,Gakenke,Janja,RURAL,GOVERNMENT_AIDED,Preprimary + Primary,43.46289825439453,1.0,1,0.0,58.0,0.0,72.8963287054226,1.0
420607,GS GAKENKE,North,Gakenke,Janja,RURAL,PUBLIC,Preprimary + Primary + Ordinal Level,72.54408264160156,1.0,1,1.0,64.0,0.0,78.96234925175006,2.0
420609,GSNDG JANJA,North,Gakenke,Janja,RURAL,GOVERNMENT_AIDED,Preprimary + Primary + Ordinal Level + General upper secondary,35.62412261962891,1.0,1,1.0,58.0,0.0,73.35157941378544,2.0
420610,KARAMA,,,,,,,65.75342559814453,,0,,,,72.5759433962264,1.0
420612,KIVUNE,,,,,,,60.40100479125977,,0,,,,81.8679245283019,1.0
420613,GS RUTAKE,North,Gakenke,Janja,RURAL,GOVERNMENT_AIDED,Preprimary + Primary + Ordinal Level + General upper secondary,48.64197540283203,1.0,1,1.0,58.0,0.0,79.81097650190159,2.0
420704,GS KAMUBUGA,North,Gakenke,Kamubuga,RURAL,GOVERNMENT_AIDED,Preprimary + Primary + Ordinal Level + General upper secondary,85.4415283203125,1.0,1,0.0,58.0,0.0,74.22315812277225,2.0
420707,GS MURAMBO,North,Gakenke,Kamubuga,RURAL,PUBLIC,Preprimary + Primary + Ordinal Level + General upper secondary + TVET,59.02255630493164,1.0,1,0.0,64.0,1.0,71.3568590968199,2.0
420708,GS RUGALI,North,Gakenke,Kamubuga,RURAL,GOVERNMENT_AIDED,Preprimary + Primary + Ordinal Level,28.57143020629883,1.0,1,1.0,58.0,0.0,78.76767159154184,2.0
420710,EP MBATABATA,North,Gakenke,Kamubuga,RURAL,PUBLIC,Preprimary + Primary,30.30303192138672,1.0,1,0.0,64.0,0.0,82.6171111404991,1.0
420711,EP RUNGU,,,,,,,54.2435417175293,,0,,,,74.0324473395228,1.0
420714,EP KANSHENGE,North,Gakenke,Kamubuga,RURAL,GOVERNMENT_AIDED,Preprimary + Primary,75.86206817626953,1.0,1,0.0,58.0,0.0,82.0377914728869,1.0
420715,EP MWASHA,North,Gakenke,Kamubuga,RURAL,PUBLIC,Preprimary + Primary,23.75,1.0,1,0.0,64.0,0.0,78.2766172506738,1.0
420802,GATORERO,North,Gakenke,Karambo,RURAL,PUBLIC,Preprimary + Primary,54.07725524902344,,1,0.0,64.0,0.0,78.5219102525706,1.0
420805,KANYANZA,,,,,,,57.47800445556641,,0,,,,85.0914108835493,1.0
420806,GS KARAMBO,North,Gakenke,Karambo,RURAL,GOVERNMENT_AIDED,Preprimary + Primary + Ordinal Level,59.89071273803711,1.0,1,1.0,58.0,0.0,84.60991336786284,2.0
420808,GS KIREBE,North,Gakenke,Karambo,RURAL,PUBLIC,Preprimary + Primary + Ordinal Level + General upper secondary + TVET,60.02227020263672,,1,1.0,64.0,1.0,82.30204254185284,2.0
420902,BURANGA,North,Gakenke,Kivuruga,RURAL,PUBLIC,Preprimary + Primary,61.58536529541016,1.0,1,0.0,64.0,0.0,78.4890603067625,1.0
420903,BUSHOKA,North,Gakenke,Kivuruga,RURAL,PUBLIC,Preprimary + Primary,61.68478012084961,1.0,1,0.0,64.0,1.0,83.1737612972742,1.0
420904,CYINTARE,North,Gakenke,Kivuruga,RURAL,GOVERNMENT_AIDED,Preprimary + Primary,43.2203369140625,1.0,1,0.0,58.0,0.0,76.4805750189273,1.0
420908,GS JOMBA,North,Gakenke,Kivuruga,RURAL,GOVERNMENT_AIDED,Preprimary + Primary + Ordinal Level,54.40313339233398,1.0,1,1.0,58.0,0.0,77.07393226449675,2.0
420909,GS KAGEYO,North,Gakenke,Kivuruga,RURAL,PUBLIC,Preprimary + Primary + Ordinal Level + General upper secondary,63.81215286254883,1.0,0,1.0,64.0,0.0,83.13153721751374,2.0
420912,GS RWAKIRARI,North,Gakenke,Kivuruga,RURAL,GOVERNMENT_AIDED,Preprimary + Primary + Ordinal Level,48.65979385375977,1.0,1,0.0,58.0,1.0,64.4642071822129,2.0
420913,EP SERERI,North,Gakenke,Kivuruga,RURAL,GOVERNMENT_AIDED,Preprimary + Primary,75.1515121459961,1.0,1,0.0,58.0,0.0,67.770633768747,1.0
420915,EP BIGOGWE,,,,,,,59.27835083007812,,0,,,,79.315004492363,1.0
421004,GS MATABA,North,Gakenke,Mataba,RURAL,GOVERNMENT_AIDED,Preprimary + Primary + Ordinal Level + General upper secondary,66.57894897460938,1.0,1,0.0,58.0,0.0,74.24642011923105,2.0
421006,GS MUNINI,,,,,,,50.26316070556641,,0,,,,84.02041825193464,2.0
421007,MUYAGA,,,,,,,13.79310321807861,,0,,,,76.8976939203354,1.0
421008,NYUNDO I,,,,,,,51.57233047485352,,0,,,,75.5640955627434,1.0
421102,EP GASIHO,North,Gakenke,Minazi,RURAL,PUBLIC,Preprimary + Primary,53.48837280273438,1.0,1,0.0,64.0,0.0,80.7752774694784,1.0
421110,GS MUNYANA  TSS,North,Gakenke,Minazi,RURAL,GOVERNMENT_AIDED,Preprimary + Primary + Ordinal Level + General upper secondary + TVET + TVET,50.27933120727539,1.0,1,1.0,58.0,1.0,81.4277017350583,1.0
421112,GS KAREBERO,North,Gakenke,Minazi,RURAL,PUBLIC,Preprimary + Primary + Ordinal Level,51.71102905273438,1.0,1,1.0,64.0,0.0,80.6146949896679,1.0
421113,EP MURAMBI I,,,,,,,59.85401153564453,,0,,,,75.1298669006874,1.0
421204,GATONDE,North,Gakenke,Mugunga,RURAL,PUBLIC,Preprimary + Primary,65.75630187988281,1.0,1,0.0,64.0,0.0,81.7171675208026,1.0
421207,GS MUGUNGA,,,,,,,58.96057510375977,,0,,,,78.11036644812731,2.0
421208,EP MUNANIRA,North,Gakenke,Mugunga,URBAN,GOVERNMENT_AIDED,Preprimary + Primary,59.41422653198242,1.0,1,0.0,58.0,0.0,78.0889468167274,1.0
421209,GS MUTEGO,North,Gakenke,Mugunga,RURAL,GOVERNMENT_AIDED,Preprimary + Primary + Ordinal Level,51.48096084594727,1.0,1,1.0,58.0,0.0,73.26173241542739,2.0
421210,EP GAHINGA II,North,Gakenke,Mugunga,RURAL,GOVERNMENT_AIDED,Preprimary + Primary,44.49760818481445,,1,0.0,58.0,0.0,78.635429769392,1.0
421303,GS BWENDA,North,Gakenke,Muhondo,RURAL,PUBLIC,Preprimary + Primary + Ordinal Level + General upper secondary,60.17897033691406,1.0,1,1.0,64.0,0.0,77.58643333164025,2.0
421306,GS RUGANDA,North,Gakenke,Muhondo,RURAL,PUBLIC,Preprimary + Primary + Ordinal Level,32.61455535888672,1.0,1,1.0,64.0,0.0,74.37630514236905,2.0
421307,GS HURO,North,Gakenke,Muhondo,RURAL,GOVERNMENT_AIDED,Preprimary + Primary + Ordinal Level,61.40350723266602,1.0,1,1.0,58.0,0.0,75.97962563196936,2.0
421312,EP Busake,,,,,,,79.6163101196289,,0,,,,75.3459119496855,1.0
421313,GS MUSAGARA,North,Gakenke,Muhondo,RURAL,GOVERNMENT_AIDED,Preprimary + Primary + Ordinal Level + General upper secondary,55.57851028442383,1.0,1,1.0,58.0,0.0,78.26089598608975,2.0
421319,EP GITEGA,North,Gakenke,Muhondo,RURAL,PUBLIC,Preprimary + Primary,49.67948913574219,,1,0.0,64.0,0.0,79.5562651185293,1.0
421401,GS BUMBA,North,Gakenke,Muyongwe,RURAL,GOVERNMENT_AIDED,Preprimary + Primary + Ordinal Level + General upper secondary,49.25634384155273,1.0,1,0.0,58.0,0.0,80.05437150654015,2.0
421402,MUGERA,,,,,,,42.30769348144531,,0,,,,77.2113993710692,1.0
421403,MUYONGWE,North,Gakenke,Muyongwe,RURAL,GOVERNMENT_AIDED,Preprimary + Primary + Ordinal Level + TVET,51.10294342041016,1.0,1,1.0,58.0,0.0,74.58276647089575,2.0
421404,NGANZO II,North,Gakenke,Muyongwe,RURAL,PUBLIC,Preprimary + Primary,72.10884094238281,1.0,1,0.0,64.0,0.0,80.1692588500287,1.0
421501,CURUGUSI,,,,,,,70.8144760131836,,0,,,,78.213638929205,1.0
421502,GAHONDO,,,,,,,57.60286331176758,,0,,,,82.3232474305875,1.0
421504,GIKO,,,,,,,50.63291168212891,,0,,,,65.123428026818,1.0
421506,GITABI,,,,,,,33.33333587646484,,0,,,,,
421509,EP KILIBA,North,Gakenke,Muzo,RURAL,GOVERNMENT_AIDED,Preprimary + Primary,29.11392402648926,1.0,1,0.0,58.0,1.0,75.9904614760367,1.0
421510,KIRYAMO,,,,,,,41.01382446289062,,0,,,,79.6457455854992,1.0
421512,GS MUBUGA II,North,Gakenke,Muzo,RURAL,PUBLIC,Preprimary + Primary + Ordinal Level + General upper secondary,48.88438034057617,1.0,1,1.0,64.0,0.0,73.53626633837166,2.0
421514,MWUMBA,North,Gakenke,Muzo,RURAL,GOVERNMENT_AIDED,Preprimary + Primary + Ordinal Level,42.66211700439453,1.0,1,1.0,58.0,0.0,69.6345173312198,2.0
421518,RWA,North,Gakenke,Muzo,RURAL,GOVERNMENT_AIDED,Preprimary + Primary,39.93660736083984,,1,0.0,58.0,0.0,79.8858490566038,1.0
421606,GAHINGA,North,Gakenke,Nemba,RURAL,PUBLIC,Preprimary + Primary,61.5384635925293,1.0,1,0.0,64.0,0.0,,
421610,MBUGA,North,Gakenke,Nemba,RURAL,PUBLIC,Preprimary + Primary,85.90203094482422,1.0,1,0.0,64.0,0.0,81.1624509620773,1.0
421611,GS MUSHUBI,North,Gakenke,Nemba,RURAL,PUBLIC,Preprimary + Primary + Ordinal Level,59.15916061401367,1.0,1,0.0,64.0,0.0,77.77490275790416,2.0
421614,EP NEMBA II,North,Gakenke,Nemba,RURAL,PUBLIC,Preprimary + Primary,64.15093994140625,1.0,1,0.0,64.0,0.0,79.8932389937107,1.0
421620,EP INDATWA,North,Gakenke,Nemba,RURAL,PUBLIC,Preprimary + Primary,65.98360443115234,1.0,1,0.0,64.0,1.0,79.9274050208615,1.0
421622,EP Ste Agathe NEMBA,,,,,,,61.2685546875,,0,,,,79.2762803234501,1.0
421642,EP MUSHUBI,North,Gakenke,Nemba,RURAL,GOVERNMENT_AIDED,Preprimary + Primary,61.6788330078125,1.0,1,0.0,58.0,0.0,74.5364779874214,1.0
421702,GS BYERWA,North,Gakenke,Ruli,RURAL,PUBLIC,Preprimary + Primary + Ordinal Level,34.35374069213867,1.0,1,0.0,64.0,1.0,76.59701709523006,2.0
421704,GS CONGOLI,North,Gakenke,Ruli,RURAL,GOVERNMENT_AIDED,Preprimary + Primary + Ordinal Level,42.63322830200195,1.0,1,1.0,58.0,0.0,77.6330925218838,2.0
421708,EP GIHANDE,North,Gakenke,Ruli,RURAL,GOVERNMENT_AIDED,Preprimary + Primary,43.85964965820312,1.0,1,0.0,58.0,0.0,76.1201956673655,1.0
421710,EP GIKINGO,North,Gakenke,Ruli,RURAL,GOVERNMENT_AIDED,Preprimary + Primary,66.2745132446289,1.0,1,0.0,58.0,0.0,79.3946310783863,1.0
421712,EP JANGO,North,Gakenke,Ruli,RURAL,PUBLIC,Preprimary + Primary,63.52941513061523,1.0,1,0.0,64.0,0.0,71.7884808617342,1.0
421714,EP RULI,North,Gakenke,Ruli,RURAL,GOVERNMENT_AIDED,Preprimary + Primary,68.40764617919922,1.0,1,0.0,58.0,0.0,79.9031939861115,1.0
421719,EP NYARUNYINYA,North,Gakenke,Ruli,RURAL,GOVERNMENT_AIDED,Preprimary + Primary,28.40236663818359,1.0,1,0.0,58.0,1.0,66.9978446572914,1.0
421802,GSMURAMBI II,North,Gakenke,Rusasa,RURAL,GOVERNMENT_AIDED,Preprimary + Primary + Ordinal Level + General upper secondary,44.59725189208984,1.0,1,0.0,58.0,0.0,74.28925214040895,2.0
421804,GS NYANGE,North,Gakenke,Rusasa,RURAL,GOVERNMENT_AIDED,Preprimary + Primary + Ordinal Level + TVET,62.7054328918457,1.0,1,0.0,58.0,0.0,77.72717344863105,2.0
421806,NYUNDO II,North,Gakenke,Rusasa,RURAL,GOVERNMENT_AIDED,Preprimary + Primary + Ordinal Level,39.18367385864258,1.0,1,1.0,58.0,0.0,80.01967034246906,2.0
421807,RUREMBO,North,Gakenke,Rusasa,RURAL,GOVERNMENT_AIDED,Preprimary + Primary,81.25,1.0,1,0.0,58.0,0.0,79.1443451395785,1.0
421808,RUSASA,North,Gakenke,Rusasa,RURAL,GOVERNMENT_AIDED,Preprimary + Primary,59.8620719909668,1.0,1,0.0,58.0,0.0,83.9595021019939,1.0
421813,EP Ntonde,North,Gakenke,Rusasa,RURAL,GOVERNMENT_AIDED,Preprimary + Primary,72.41378784179688,1.0,1,0.0,58.0,0.0,73.5115190383245,1.0
421901,GS BUSANANE,North,Gakenke,Rushashi,RURAL,GOVERNMENT_AIDED,Preprimary + Primary + Ordinal Level,54.56919097900391,1.0,1,1.0,58.0,0.0,75.7014849846612,1.0
421905,EP JOMA,North,Gakenke,Rushashi,RURAL,GOVERNMENT_AIDED,Preprimary + Primary,71.3896484375,1.0,1,0.0,58.0,0.0,80.4297509773925,1.0
421907,GS KARUNGU,North,Gakenke,Rushashi,RURAL,PUBLIC,Preprimary + Primary + Ordinal Level + General upper secondary,29.82456016540527,1.0,1,1.0,64.0,1.0,76.57765195911091,2.0
421909,GS KARUSHASHI,North,Gakenke,Rushashi,RURAL,GOVERNMENT_AIDED,Preprimary + Primary + Ordinal Level,40.32258224487305,1.0,1,1.0,58.0,0.0,76.02876418266425,2.0
421912,EP NGANGE,North,Gakenke,Rushashi,RURAL,PUBLIC,Preprimary + Primary,86.19047546386719,1.0,1,0.0,64.0,1.0,79.5863290301225,1.0
421916,EP TARE,North,Gakenke,Rushashi,RURAL,PUBLIC,Preprimary + Primary,77.7429428100586,1.0,1,0.0,64.0,1.0,76.7141640917757,1.0
421919,EP Mbogo,North,Gakenke,Rushashi,RURAL,GOVERNMENT_AIDED,Preprimary + Primary,46.11872100830078,1.0,1,0.0,58.0,1.0,74.2446902687791,1.0
421921,EP RWANKUBA,North,Gakenke,Rushashi,RURAL,GOVERNMENT_AIDED,Preprimary + Primary,42.27129364013672,1.0,1,0.0,58.0,0.0,82.794946357268,1.0
421923,Ecole Primaire St Dominique Xavier Rushashi,North,Gakenke,Rushashi,RURAL,PRIVATE,Preprimary + Primary,100.0,1.0,1,0.0,32.0,0.0,,
430101,BUSOGO I,North,Musanze,Busogo,RURAL,GOVERNMENT_AIDED,Primary + Ordinal Level + General upper secondary,45.63233184814453,1.0,1,1.0,58.0,0.0,82.9128470209557,2.0
430102,BUSOGO II,North,Musanze,Busogo,URBAN,GOVERNMENT_AIDED,Preprimary + Primary + Ordinal Level,57.92227554321289,1.0,1,1.0,58.0,0.0,81.65827205174591,2.0
430107,GS  RUSANZE,North,Musanze,Busogo,RURAL,GOVERNMENT_AIDED,Preprimary + Primary + Ordinal Level,45.94059371948242,1.0,1,1.0,58.0,0.0,76.15458815702644,2.0
430108,RUTOYI,North,Musanze,Busogo,RURAL,GOVERNMENT_AIDED,Preprimary + Primary,32.90978240966797,1.0,1,0.0,58.0,0.0,74.8622823305412,1.0
430114,GS BYANGABO,North,Musanze,Busogo,RURAL,PUBLIC,Preprimary + Primary + Ordinal Level + TVET,51.42857360839844,1.0,1,1.0,64.0,0.0,79.97571271175215,2.0
430203,CS GASHANGIRO II,North,Musanze,Cyuve,URBAN,PUBLIC,Preprimary + Primary,65.75342559814453,1.0,1,0.0,64.0,1.0,80.067713160248,1.0
430205,EP GASHANGIRO I,North,Musanze,Cyuve,URBAN,GOVERNMENT_AIDED,Preprimary + Primary,56.86274719238281,1.0,1,0.0,58.0,0.0,76.0619370294532,1.0
430206,GS GITINDA,North,Musanze,Cyuve,RURAL,GOVERNMENT_AIDED,Preprimary + Primary + Ordinal Level,56.44090270996094,1.0,0,1.0,58.0,0.0,70.31086966000424,2.0
430207,GS CYUVE,North,Musanze,Cyuve,URBAN,PUBLIC,Preprimary + Primary + Ordinal Level + General upper secondary,58.68945693969727,1.0,1,1.0,64.0,0.0,82.92371759595,2.0
430208,GS KALINZI,North,Musanze,Cyuve,RURAL,GOVERNMENT_AIDED,Preprimary + Primary + Ordinal Level + General upper secondary,28.96174812316895,1.0,1,1.0,58.0,0.0,82.2478065956825,2.0
430211,EP KABUGA,North,Musanze,Cyuve,RURAL,PUBLIC,Preprimary + Primary,61.50627899169922,,1,0.0,64.0,1.0,78.743118327011,1.0
430212,EP MIGESHI,North,Musanze,Cyuve,RURAL,PUBLIC,Preprimary + Primary,62.22222518920898,1.0,1,0.0,64.0,1.0,,
430213,PREFER,North,Musanze,Cyuve,RURAL,PRIVATE,Preprimary + Primary,93.85475158691406,1.0,1,1.0,32.0,0.0,,
430214,EP RUGESHI,North,Musanze,Cyuve,URBAN,GOVERNMENT_AIDED,Preprimary + Primary,65.82125091552734,,1,0.0,58.0,0.0,81.91874914812,1.0
430233,Blessing School for the Visually Impaired (BSVI),North,Musanze,Musanze,URBAN,PRIVATE,Primary,100.0,1.0,1,0.0,32.0,0.0,,
430242,PEACE GRAMMAR SCHOOL,North,Musanze,Cyuve,URBAN,PRIVATE,Preprimary + Primary,96.15384674072266,1.0,1,0.0,32.0,0.0,,
430310,GS GAKORO,North,Musanze,Gacaca,RURAL,GOVERNMENT_AIDED,Preprimary + Primary + Ordinal Level,53.8952751159668,1.0,1,1.0,58.0,1.0,75.8987462745984,2.0
430311,GS KARWASA,North,Musanze,Gacaca,RURAL,GOVERNMENT_AIDED,Preprimary + Primary + Ordinal Level + General upper secondary,35.86789703369141,1.0,1,0.0,58.0,0.0,74.85905551670125,2.0
430315,EP  SHASHI,North,Musanze,Gacaca,RURAL,GOVERNMENT_AIDED,Preprimary + Primary,33.83458709716797,1.0,1,0.0,58.0,0.0,65.4789574232335,1.0
430321,CS RUNGU,North,Musanze,Gacaca,RURAL,GOVERNMENT_AIDED,Preprimary + Primary,44.59665298461914,1.0,1,0.0,58.0,0.0,68.9340453055696,1.0
430324,GS St Michel GACACA,North,Musanze,Gacaca,RURAL,GOVERNMENT_AIDED,Preprimary + Primary + Ordinal Level + TVET,58.78434753417969,1.0,0,1.0,58.0,1.0,81.9526201990605,2.0
430325,GS MURORA,North,Musanze,Gacaca,RURAL,PUBLIC,Preprimary + Primary + Ordinal Level,45.44378662109375,1.0,1,1.0,64.0,1.0,82.8523269138117,2.0
430326,GS KARAMA,North,Musanze,Gacaca,RURAL,PUBLIC,Preprimary + Primary + Ordinal Level,46.46739196777344,1.0,1,1.0,64.0,0.0,77.0435592854565,1.0
430402,GS GASHAKI,North,Musanze,Gashaki,RURAL,GOVERNMENT_AIDED,Preprimary + Primary + Ordinal Level,59.65293121337891,1.0,1,0.0,58.0,1.0,79.0941177493929,2.0
430403,GS MUSEKERA,,,,,,,76.67731475830078,,0,,,,81.6524800139012,1.0
430404,GS NTARAMA,North,Musanze,Gashaki,RURAL,GOVERNMENT_AIDED,Preprimary + Primary + Ordinal Level + General upper secondary,70.21276092529297,1.0,1,0.0,58.0,0.0,76.0564065710829,2.0
430405,GS RYANDINZI,North,Musanze,Gashaki,RURAL,GOVERNMENT_AIDED,Preprimary + Primary + Ordinal Level + General upper secondary + TVET,54.77239608764648,1.0,1,0.0,58.0,1.0,81.813262227069,2.0
430406,EP KAMATO,,,,,,,42.63565826416016,,0,,,,,
430502,EP GATARAGA,North,Musanze,Gataraga,RURAL,PUBLIC,Preprimary + Primary,61.89495468139648,1.0,1,0.0,64.0,0.0,71.832594005085,1.0
430504,GS RWINZOVU,North,Musanze,Gataraga,RURAL,PUBLIC,Preprimary + Primary + Ordinal Level + General upper secondary,40.0990104675293,1.0,1,0.0,64.0,0.0,62.4880469578372,2.0
430505,EP NYABIREHE,North,Musanze,Gataraga,RURAL,PUBLIC,Preprimary + Primary,44.50373840332031,1.0,1,0.0,64.0,0.0,73.1045782605614,1.0
430506,EP NYARUBARA,North,Musanze,Gataraga,RURAL,GOVERNMENT_AIDED,Preprimary + Primary,52.79279327392578,1.0,1,0.0,58.0,0.0,63.9540990841884,1.0
430510,EP RUSAMBU,North,Musanze,Gataraga,RURAL,GOVERNMENT_AIDED,Preprimary + Primary,38.64306640625,1.0,1,0.0,58.0,0.0,65.3485800648294,1.0
430514,Centre Scolaire Ruhehe,North,Musanze,Gataraga,RURAL,PUBLIC,Preprimary + Primary,38.81019973754883,1.0,1,0.0,64.0,0.0,83.1590877875713,1.0
430517,GS GATOVU,,,,,,,63.21428298950195,,0,,,,75.10083611951335,2.0
430601,GS BIRIRA,North,Musanze,Kimonyi,RURAL,GOVERNMENT_AIDED,Preprimary + Primary + Ordinal Level,69.48774719238281,1.0,1,1.0,58.0,0.0,78.2954025446396,2.0
430602,GS KITABURA  TSS,North,Musanze,Kimonyi,RURAL,PUBLIC,Preprimary + Primary + Ordinal Level + TVET,53.10192108154297,1.0,1,0.0,64.0,0.0,80.19346245898166,2.0
430603,GS KIVUMU,North,Musanze,Kimonyi,RURAL,GOVERNMENT_AIDED,Preprimary + Primary + Ordinal Level,59.95575332641602,1.0,1,1.0,58.0,1.0,81.77186709761006,2.0
430701,CS BISATE,North,Musanze,Kinigi,RURAL,PUBLIC,Preprimary + Primary,58.41766738891602,1.0,1,0.0,64.0,0.0,76.5143050351418,1.0
430704,GS RUSHUBI,North,Musanze,Kinigi,URBAN,GOVERNMENT_AIDED,Preprimary + Primary + Ordinal Level,81.51724243164062,1.0,1,1.0,58.0,0.0,81.06395626488315,2.0
430706,GS KAMPANGA,North,Musanze,Kinigi,RURAL,PUBLIC,Preprimary + Primary + Ordinal Level + General upper secondary,67.51592254638672,1.0,1,1.0,64.0,0.0,87.3660958982551,2.0
430708,NYABITSINDE,,,,,,,24.12280654907227,,0,,,,65.530597260675,1.0
430714,CS NYARUBANDE,North,Musanze,Kinigi,RURAL,PUBLIC,Preprimary + Primary,43.93305587768555,1.0,1,0.0,64.0,0.0,66.6575920934411,1.0
430720,GS KINIGI,North,Musanze,Kinigi,RURAL,PUBLIC,Preprimary + Primary + Ordinal Level + TVET,67.5,1.0,1,0.0,64.0,0.0,79.9927672955975,2.0
430801,GS KABAYA,North,Musanze,Muhoza,URBAN,PUBLIC,Preprimary + Primary + Ordinal Level + General upper secondary,64.26116943359375,1.0,1,0.0,64.0,0.0,81.52312935965605,2.0
430803,EP BWUZURI,North,Musanze,Muhoza,URBAN,GOVERNMENT_AIDED,Preprimary + Primary,45.10739898681641,1.0,1,0.0,58.0,0.0,65.0218170097034,1.0
430810,FATIMA,North,Musanze,Muhoza,URBAN,GOVERNMENT_AIDED,Primary,74.63465118408203,1.0,1,0.0,58.0,0.0,86.0962154564799,1.0
430811,GS GASANZE,North,Musanze,Muhoza,RURAL,GOVERNMENT_AIDED,Preprimary + Primary + Ordinal Level,41.4261474609375,1.0,0,1.0,58.0,1.0,82.13757277255705,2.0
430817,EP KIRYI,North,Musanze,Muhoza,RURAL,GOVERNMENT_AIDED,Preprimary + Primary,53.48837280273438,1.0,1,0.0,58.0,0.0,,
430819,EP MUBONA,North,Musanze,Muhoza,RURAL,PUBLIC,Preprimary + Primary,53.42465591430664,1.0,1,0.0,64.0,0.0,73.4328732534002,1.0
430820,GS MUHOZA I,North,Musanze,Muhoza,URBAN,GOVERNMENT_AIDED,Primary + Ordinal Level + General upper secondary,81.32875061035156,1.0,1,1.0,58.0,1.0,78.5011267723175,2.0
430821,GS MUHOZAII,North,Musanze,Muhoza,URBAN,GOVERNMENT_AIDED,Preprimary + Primary + Ordinal Level + General upper secondary,45.68965530395508,1.0,1,1.0,58.0,0.0,49.287384726056,2.0
430822,NYAMAGUMBA,North,Musanze,Muhoza,URBAN,GOVERNMENT_AIDED,Preprimary + Primary,63.2235107421875,1.0,1,0.0,58.0,0.0,82.763679245283,1.0
430824,REGINA PACIS,North,Musanze,Muhoza,URBAN,PRIVATE,Preprimary + Primary,90.34204864501953,1.0,1,0.0,32.0,0.0,,
430828,SUSAII,North,Musanze,Muhoza,URBAN,PUBLIC,Preprimary + Primary,83.96166229248047,1.0,1,0.0,64.0,0.0,78.3080543234661,1.0
430836,United Nursery and Primary School,North,Musanze,Muhoza,RURAL,PRIVATE,Preprimary + Primary,86.55462646484375,1.0,1,1.0,32.0,0.0,,
430901,GS KABERE,North,Musanze,Muko,RURAL,GOVERNMENT_AIDED,Preprimary + Primary + Ordinal Level,53.91120147705078,1.0,1,1.0,58.0,1.0,82.7181478144458,2.0
430903,GS MUKO,North,Musanze,Muko,RURAL,GOVERNMENT_AIDED,Preprimary + Primary + Ordinal Level + General upper secondary + TVET,69.11262512207031,1.0,1,1.0,58.0,0.0,70.15925656449019,2.0
430906,CS MUBUGA,North,Musanze,Muko,RURAL,GOVERNMENT_AIDED,Preprimary + Primary,49.72145080566406,1.0,1,0.0,58.0,0.0,80.5243345034372,1.0
430907,Centre Scolaire MUGULI,North,Musanze,Muko,RURAL,GOVERNMENT_AIDED,Preprimary + Primary,47.43935012817383,,1,0.0,58.0,0.0,81.840336236091,1.0
430911,EP KANZA,North,Musanze,Muko,RURAL,PUBLIC,Primary,54.24609756469727,1.0,1,0.0,64.0,0.0,64.0099167778413,1.0
431001,EP BUKANE,North,Musanze,Musanze,URBAN,GOVERNMENT_AIDED,Preprimary + Primary,59.16359329223633,1.0,1,0.0,58.0,0.0,82.2965203375367,1.0
431008,GS MUSANZEI,North,Musanze,Musanze,URBAN,GOVERNMENT_AIDED,Preprimary + Primary + Ordinal Level,65.695068359375,1.0,1,0.0,58.0,1.0,78.95510171134725,2.0
431009,GS TERO,North,Musanze,Musanze,RURAL,GOVERNMENT_AIDED,Preprimary + Primary + Ordinal Level + General upper secondary,69.32990264892578,1.0,1,0.0,58.0,0.0,78.9792615219632,2.0
431010,GS MUHE,North,Musanze,Musanze,RURAL,PUBLIC,Preprimary + Primary + Ordinal Level,81.33433532714844,1.0,1,1.0,64.0,0.0,81.01394717001185,2.0
431011,EP MUSANZE II,North,Musanze,Musanze,RURAL,PUBLIC,Preprimary + Primary,66.28982543945312,1.0,1,0.0,64.0,0.0,63.2668912848158,1.0
431012,EP SUSA I,North,Musanze,Musanze,RURAL,GOVERNMENT_AIDED,Preprimary + Primary,36.16071319580078,,1,0.0,58.0,1.0,67.4064670494941,1.0
431016,CS GAHONDOGO,North,Musanze,Musanze,URBAN,GOVERNMENT_AIDED,Preprimary + Primary,58.39622497558594,1.0,1,0.0,58.0,0.0,74.3459352138647,1.0
431019,EP IMENA,North,Musanze,Musanze,RURAL,GOVERNMENT_AIDED,Preprimary + Primary,52.50783538818359,1.0,1,0.0,58.0,0.0,81.3551886792453,1.0
431103,CS MUBAGO,North,Musanze,Nkotsi,RURAL,PUBLIC,Preprimary + Primary,55.4493293762207,1.0,1,0.0,64.0,0.0,,
431104,GS NKURURA,North,Musanze,Nkotsi,RURAL,GOVERNMENT_AIDED,Preprimary + Primary + Ordinal Level,59.81308364868164,1.0,1,0.0,58.0,0.0,72.13245537946426,2.0
431106,CS NYAKINAMA II,North,Musanze,Nkotsi,RURAL,GOVERNMENT_AIDED,Preprimary + Primary,60.60037612915039,1.0,1,0.0,58.0,0.0,81.5613592606854,1.0
431108,CS RUBONA,North,Musanze,Nkotsi,RURAL,GOVERNMENT_AIDED,Preprimary + Primary,65.24822998046875,1.0,1,0.0,58.0,0.0,63.1210022748562,1.0
431109,GS RUGALIKA,North,Musanze,Nkotsi,RURAL,GOVERNMENT_AIDED,Preprimary + Primary + Ordinal Level,50.10526275634766,1.0,1,0.0,58.0,0.0,76.28728879524371,2.0
431112,CS NKURURA,North,Musanze,Nkotsi,RURAL,GOVERNMENT_AIDED,Preprimary + Primary,72.33429718017578,,1,0.0,58.0,0.0,58.346088495615,1.0
431113,GS NYAKINAMA I,North,Musanze,Nkotsi,RURAL,GOVERNMENT_AIDED,Preprimary + Primary + Ordinal Level + General upper secondary + TVET,57.48299407958984,1.0,1,0.0,58.0,0.0,83.29348495239715,2.0
431204,GASIZA PRIMARY SCHOOL,North,Musanze,Nyange,RURAL,GOVERNMENT_AIDED,Preprimary + Primary,22.70408058166504,1.0,1,0.0,58.0,0.0,73.5909784513867,1.0
431205,GS KABARA,North,Musanze,Nyange,RURAL,GOVERNMENT_AIDED,Preprimary + Primary + Ordinal Level,52.39899063110352,1.0,1,1.0,58.0,0.0,78.79766082638855,2.0
431206,GS NYANGE,North,Musanze,Nyange,RURAL,GOVERNMENT_AIDED,Preprimary + Primary + Ordinal Level + General upper secondary,58.62764739990234,1.0,1,0.0,58.0,0.0,76.64991107767256,2.0
431207,GS KAGANO,North,Musanze,Nyange,RURAL,GOVERNMENT_AIDED,Preprimary + Primary + Ordinal Level,61.54791259765625,1.0,1,0.0,58.0,0.0,83.67463113648324,2.0
431209,NINDA PRIMARY SCHOOL,,,,,,,47.03557205200195,,0,,,,83.8957926697029,1.0
431210,EP KAMWUMBA,North,Musanze,Nyange,RURAL,PUBLIC,Preprimary + Primary,58.8815803527832,1.0,1,0.0,64.0,0.0,79.473253862409,1.0
431303,GS REMERA,North,Musanze,Remera,RURAL,GOVERNMENT_AIDED,Preprimary + Primary + Ordinal Level + General upper secondary + TVET + TVET,23.98648643493652,1.0,1,1.0,58.0,0.0,83.1836389449769,1.0
431305,GS Sainte Therese KAMISAVE,North,Musanze,Remera,RURAL,GOVERNMENT_AIDED,Preprimary + Primary + Ordinal Level,45.08196640014648,1.0,1,0.0,58.0,0.0,73.8575217425801,2.0
431309,C S RURAMBO,North,Musanze,Remera,RURAL,PUBLIC,Preprimary + Primary,63.29787445068359,1.0,1,0.0,64.0,0.0,79.2718553459119,1.0
431310,GS Ste Rita MUKONO,North,Musanze,Remera,RURAL,GOVERNMENT_AIDED,Preprimary + Primary + Ordinal Level,25.75757598876953,1.0,1,1.0,58.0,1.0,80.11721919002065,2.0
431311,EP MURWA,North,Musanze,Remera,RURAL,PUBLIC,Preprimary + Primary,41.06280136108398,1.0,1,0.0,64.0,0.0,78.7911082194751,1.0
431401,GS BUMARA,North,Musanze,Rwaza,RURAL,GOVERNMENT_AIDED,Preprimary + Primary + Ordinal Level,86.23548889160156,1.0,1,1.0,58.0,0.0,69.9738228681599,2.0
431406,NYARUBUYE,North,Musanze,Rwaza,RURAL,GOVERNMENT_AIDED,Preprimary + Primary,57.37439346313477,1.0,1,0.0,58.0,0.0,,
431408,RWAZA I,North,Musanze,Rwaza,RURAL,GOVERNMENT_AIDED,Preprimary + Primary,54.8780517578125,1.0,1,0.0,58.0,0.0,76.3769281694803,1.0
431409,RWAZAII,North,Musanze,Rwaza,RURAL,GOVERNMENT_AIDED,Preprimary + Primary,32.78145599365234,1.0,1,0.0,58.0,0.0,74.2133493864626,1.0
431418,Cs Rugali,North,Musanze,Rwaza,RURAL,GOVERNMENT_AIDED,Preprimary + Primary,62.44186019897461,1.0,1,0.0,58.0,0.0,81.0793620742519,1.0
431419,Cs Musezero,,,,,,,73.1739730834961,,0,,,,81.1678147363158,1.0
431502,GS GIKORO  TSS,North,Musanze,Shingiro,RURAL,GOVERNMENT_AIDED,Preprimary + Primary + Ordinal Level + TVET + TVET,55.54171752929688,1.0,1,1.0,58.0,0.0,77.65160121338715,2.0
431503,GS SHINGIRO,North,Musanze,Shingiro,RURAL,GOVERNMENT_AIDED,Preprimary + Primary + Ordinal Level + General upper secondary,42.87962341308594,1.0,1,1.0,58.0,1.0,67.81047868993184,2.0
431504,CS NYAMURIMIRWA,North,Musanze,Cyuve,URBAN,GOVERNMENT_AIDED,Preprimary + Primary,45.50264358520508,1.0,1,0.0,58.0,0.0,72.0295335783959,1.0
431506,MUHINGO,North,Musanze,Shingiro,RURAL,PUBLIC,Preprimary + Primary,45.84352111816406,,1,0.0,64.0,1.0,70.8168814739081,1.0
431508,GS NYAMURIMIRWA,North,Musanze,Shingiro,RURAL,GOVERNMENT_AIDED,Primary + Ordinal Level,57.44680786132812,1.0,1,1.0,58.0,0.0,74.39145178923285,2.0
440104,GS BUSHENYA,North,Burera,Bungwe,RURAL,GOVERNMENT_AIDED,Preprimary + Primary + Ordinal Level,64.17322540283203,1.0,1,0.0,58.0,0.0,75.43753130547636,2.0
440107,GS BUNGWE,North,Burera,Bungwe,URBAN,GOVERNMENT_AIDED,Preprimary + Primary + Ordinal Level + General upper secondary + TVET,65.20269775390625,1.0,1,0.0,58.0,0.0,72.6779894152044,2.0
440110,EP MUDUGALI,North,Burera,Bungwe,RURAL,PUBLIC,Preprimary + Primary,41.58415985107422,1.0,1,0.0,64.0,1.0,,
440112,EP NYABYONDO,North,Burera,Bungwe,RURAL,GOVERNMENT_AIDED,Preprimary + Primary,46.15384674072266,1.0,1,0.0,58.0,1.0,71.8456896551724,1.0
440116,EP TUMBA,North,Burera,Bungwe,RURAL,PUBLIC,Preprimary + Primary,40.30418395996094,1.0,1,0.0,64.0,0.0,75.8382775119617,1.0
440117,EP Mbuga,North,Burera,Bungwe,RURAL,PUBLIC,Preprimary + Primary,47.43589782714844,1.0,1,0.0,64.0,1.0,76.6608490566038,1.0
440118,EP Murambo,North,Burera,Bungwe,RURAL,PUBLIC,Preprimary + Primary,51.44927597045898,1.0,1,0.0,64.0,1.0,74.8343890386343,1.0
440201,EP BUTARO,North,Burera,Butaro,RURAL,PUBLIC,Preprimary + Primary,51.77664947509766,1.0,1,0.0,64.0,1.0,69.0278320156192,1.0
440202,GS BUYANGA,,,,,,,31.8359375,,0,,,,69.80811339261996,2.0
440205,EP GASEBEYA,North,Burera,Butaro,RURAL,GOVERNMENT_AIDED,Preprimary + Primary,50.18181610107422,1.0,1,0.0,58.0,0.0,65.1602590178155,1.0
440207,GS MUHOTORA,North,Burera,Butaro,RURAL,GOVERNMENT_AIDED,Preprimary + Primary + Ordinal Level + General upper secondary,67.36045837402344,1.0,1,0.0,58.0,0.0,72.0892549610954,2.0
440209,GS RUNABA,North,Burera,Butaro,RURAL,GOVERNMENT_AIDED,Preprimary + Primary + Ordinal Level + General upper secondary,41.92546463012695,1.0,1,1.0,58.0,0.0,70.9057214602746,1.0
440210,EP KABYAZA,North,Burera,Butaro,RURAL,PUBLIC,Preprimary + Primary,19.44444465637207,1.0,1,0.0,64.0,0.0,72.0949690676094,1.0
440217,GS NYAMIYAGA,North,Burera,Butaro,RURAL,GOVERNMENT_AIDED,Preprimary + Primary + Ordinal Level,50.0,1.0,0,1.0,58.0,0.0,77.66475547900654,2.0
440220,EP NYAMIYAGA II,,,,,,,16.17647171020508,,0,,,,67.6125345633353,1.0
440223,OASIS OF NATIONS,,,,,,,100.0,,0,,,,,
440301,GS BUTETE,North,Burera,Cyanika,RURAL,GOVERNMENT_AIDED,Preprimary + Primary + Ordinal Level + General upper secondary,47.19887924194336,1.0,1,1.0,58.0,0.0,81.3770264234272,2.0
440303,GS CYANIKA,North,Burera,Cyanika,RURAL,GOVERNMENT_AIDED,Preprimary + Primary + Ordinal Level,48.1064453125,1.0,0,1.0,58.0,0.0,78.822368456159,2.0
440307,GS KAGITEGA,North,Burera,Cyanika,RURAL,GOVERNMENT_AIDED,Preprimary + Primary + Ordinal Level + General upper secondary,34.58823394775391,1.0,1,1.0,58.0,0.0,80.9676498290747,2.0
440311,MUGARAMA,,,,,,,39.68254089355469,,0,,,,71.6479354392746,1.0
440313,RUKO,North,Burera,Cyanika,RURAL,GOVERNMENT_AIDED,Preprimary + Primary,28.12939643859863,1.0,1,0.0,58.0,0.0,80.9301046787634,1.0
440316,CYANIKA II Primary School,North,Burera,Cyanika,RURAL,PUBLIC,Preprimary + Primary,71.32075500488281,1.0,1,0.0,64.0,1.0,77.8841441288939,1.0
440318,EP Munini,North,Burera,Cyanika,RURAL,PUBLIC,Preprimary + Primary,29.89690589904785,1.0,1,0.0,64.0,0.0,71.881020843396,1.0
440319,EP Gasiza,,,,,,,25.33333206176758,,0,,,,71.3135205978713,1.0
440401,EP BYUMBA,North,Burera,Cyeru,RURAL,GOVERNMENT_AIDED,Preprimary + Primary,57.14286041259766,1.0,1,0.0,58.0,0.0,71.3560428666909,1.0
440406,GS JEAN DE LA MENNAIS KIRAMBO,North,Burera,Cyeru,RURAL,GOVERNMENT_AIDED,Preprimary + Primary + Ordinal Level + General upper secondary,40.0,1.0,1,1.0,58.0,0.0,74.4736246169692,1.0
440409,GS RUYANGE I,North,Burera,Cyeru,RURAL,GOVERNMENT_AIDED,Preprimary + Primary + Ordinal Level + TVET,43.65079498291016,1.0,0,1.0,58.0,1.0,75.8489046570201,2.0
440410,EP Amizero,,,,,,,33.68421173095703,,0,,,,71.0333632824199,1.0
440411,EP Irebero,,,,,,,30.07518577575684,,0,,,,,
440503,EP GATETE,North,Burera,Gahunga,RURAL,GOVERNMENT_AIDED,Preprimary + Primary,54.12843704223633,1.0,1,0.0,58.0,1.0,77.9478350366394,1.0
440504,GS GAHUNGA,North,Burera,Gahunga,RURAL,GOVERNMENT_AIDED,Preprimary + Primary + Ordinal Level + General upper secondary,37.80068588256836,1.0,1,0.0,58.0,0.0,76.86023644973679,2.0
440505,EP KABAYA,North,Burera,Gahunga,RURAL,GOVERNMENT_AIDED,Preprimary + Primary,30.69053649902344,1.0,1,0.0,58.0,0.0,74.4328936497609,1.0
440507,EP MUSANZU,North,Burera,Gahunga,RURAL,GOVERNMENT_AIDED,Preprimary + Primary,50.0,1.0,1,0.0,58.0,0.0,67.1995716003724,1.0
440509,GS NYANGWE,North,Burera,Gahunga,RURAL,GOVERNMENT_AIDED,Preprimary + Primary + Ordinal Level,23.81756782531738,1.0,1,1.0,58.0,0.0,80.78096075623799,2.0
440602,EP Rwambogo,North,Burera,Gatebe,RURAL,PUBLIC,Preprimary + Primary,50.74626922607422,1.0,1,0.0,64.0,0.0,,
440603,EP Icyizere,North,Burera,Gatebe,RURAL,PUBLIC,Preprimary + Primary,53.57142639160156,1.0,1,0.0,64.0,0.0,78.9138888888889,1.0
440604,GS RUYANGE II,North,Burera,Gatebe,RURAL,PUBLIC,Preprimary + Primary + Ordinal Level + General upper secondary + TVET,60.60606384277344,1.0,1,0.0,64.0,1.0,75.4808636076752,1.0
440605,GS RWASA,North,Burera,Gatebe,RURAL,GOVERNMENT_AIDED,Preprimary + Primary + Ordinal Level + General upper secondary,28.88198852539062,1.0,1,1.0,58.0,0.0,74.2276446503982,2.0
440606,EP Taba,,,,,,,58.52713012695312,,0,,,,76.2158249158249,1.0
440608,EP GATEBE,North,Burera,Gatebe,RURAL,GOVERNMENT_AIDED,Preprimary + Primary,31.98380470275879,1.0,1,0.0,58.0,0.0,86.0161949685535,1.0
440609,EP GABIRO,,,,,,,73.25581359863281,,0,,,,78.3768493222156,1.0
440703,GS GICURA,North,Burera,Gitovu,RURAL,PUBLIC,Preprimary + Primary + Ordinal Level + General upper secondary,30.22556304931641,1.0,1,1.0,64.0,0.0,74.16313207780286,2.0
440704,GS MUSASA  TSS,North,Burera,Gitovu,RURAL,PUBLIC,Preprimary + Primary + Ordinal Level + TVET,13.55932235717773,1.0,1,1.0,64.0,0.0,73.917315529255,2.0
440709,EP RUHOMBO,,,,,,,54.54545593261719,,0,,,,76.480453290382,1.0
440802,EP GITARE I,North,Burera,Kagogo,RURAL,GOVERNMENT_AIDED,Preprimary + Primary,66.51054382324219,1.0,1,0.0,58.0,1.0,74.7638809758399,1.0
440803,EP Kanaba,North,Burera,Kagogo,RURAL,PUBLIC,Preprimary + Primary,50.0,1.0,1,0.0,64.0,0.0,79.1203703703704,1.0
440804,EP Kayenzi II,,,,,,,33.5793342590332,,0,,,,70.3679817038308,1.0
440806,GS GITARE II  TSS,North,Burera,Kagogo,RURAL,GOVERNMENT_AIDED,Preprimary + Primary + Ordinal Level + General upper secondary + TVET,65.28662109375,1.0,1,1.0,58.0,0.0,79.2032538277719,2.0
440807,GS KAGOGO,North,Burera,Kagogo,RURAL,GOVERNMENT_AIDED,Preprimary + Primary + Ordinal Level + General upper secondary,59.4594612121582,1.0,1,1.0,58.0,0.0,80.06338144717775,2.0
440809,GS KAYENZI,North,Burera,Kagogo,RURAL,GOVERNMENT_AIDED,Preprimary + Primary + Ordinal Level,49.24098587036133,1.0,0,1.0,58.0,0.0,76.35987659942064,2.0
440903,GS KARUGANDA,North,Burera,Kinoni,RURAL,GOVERNMENT_AIDED,Preprimary + Primary + Ordinal Level + General upper secondary,60.86956405639648,1.0,0,1.0,58.0,0.0,73.38528505737645,2.0
440904,GS KINONI,North,Burera,Kinoni,RURAL,GOVERNMENT_AIDED,Preprimary + Primary + Ordinal Level + General upper secondary,31.14285850524902,1.0,1,0.0,58.0,0.0,70.71695616229015,2.0
440908,MWIKO,North,Burera,Kinoni,RURAL,GOVERNMENT_AIDED,Preprimary + Primary,56.96969604492188,1.0,1,0.0,58.0,0.0,75.174927926622,1.0
440915,EP NKUMBA II,North,Burera,Kinoni,RURAL,GOVERNMENT_AIDED,Preprimary + Primary,28.14070320129395,1.0,1,0.0,58.0,0.0,,
441003,GS RUTOVU,North,Burera,Kinyababa,RURAL,GOVERNMENT_AIDED,Preprimary + Primary + Ordinal Level,33.79629516601562,1.0,1,1.0,58.0,0.0,77.98438933574785,2.0
441004,GROUPE SCOLAIRE NYABIZI,North,Burera,Kinyababa,RURAL,GOVERNMENT_AIDED,Preprimary + Primary + Ordinal Level,51.67037963867188,1.0,0,1.0,58.0,1.0,78.07773313264664,2.0
441005,GS KINYABABA,North,Burera,Kinyababa,RURAL,GOVERNMENT_AIDED,Preprimary + Primary + Ordinal Level + General upper secondary + TVET,40.31413650512695,1.0,1,1.0,58.0,0.0,77.43173331525364,2.0
441006,Gs KAGANDA,North,Burera,Kinyababa,RURAL,GOVERNMENT_AIDED,Preprimary + Primary + Ordinal Level,26.70807456970215,1.0,1,0.0,58.0,0.0,74.2897128276085,2.0
441007,Centre Scolaire Murambo,,,,,,,60.38960647583008,,0,,,,74.6660134909747,1.0
441008,Centre scolaire kavumu,,,,,,,40.44117736816406,,0,,,,68.473450192218,1.0
441009,EP Gako,North,Burera,Kinyababa,RURAL,PUBLIC,Preprimary + Primary,36.0,1.0,1,0.0,64.0,0.0,80.8166666666667,1.0
441010,EP Mariko,,,,,,,79.16667175292969,,0,,,,65.3816711590297,1.0
441101,EP Burango,North,Burera,Kivuye,RURAL,PUBLIC,Preprimary + Primary,49.12280654907227,1.0,1,0.0,64.0,0.0,,
441102,GS BUHITA II,North,Burera,Kivuye,RURAL,GOVERNMENT_AIDED,Preprimary + Primary + Ordinal Level,56.57370758056641,1.0,1,1.0,58.0,0.0,77.0963200583484,2.0
441103,EP Mushunga,North,Burera,Kivuye,RURAL,PUBLIC,Preprimary + Primary,69.20821380615234,1.0,1,0.0,64.0,0.0,78.4019230769231,1.0
441105,GS BUTANDI,North,Burera,Kivuye,RURAL,GOVERNMENT_AIDED,Preprimary + Primary + Ordinal Level + General upper secondary,48.25870513916016,1.0,1,1.0,58.0,0.0,66.6752701282423,1.0
441106,GS KIVUYE,North,Burera,Kivuye,RURAL,GOVERNMENT_AIDED,Preprimary + Primary + Ordinal Level + General upper secondary,56.65859603881836,1.0,1,1.0,58.0,0.0,63.00590554031675,2.0
441112,CS RUGARAMBIRO,North,Burera,Kivuye,RURAL,GOVERNMENT_AIDED,Preprimary + Primary,0.0,,1,0.0,58.0,0.0,68.0260240283825,1.0
441113,EP MURWA,North,Burera,Kivuye,RURAL,GOVERNMENT_AIDED,Preprimary + Primary,41.61073684692383,1.0,1,0.0,58.0,1.0,73.7919292633791,1.0
441115,EP BUHITA I,,,,,,,69.81627655029297,,0,,,,67.1997649705978,1.0
441201,CYAVE,North,Burera,Nemba,RURAL,PUBLIC,Preprimary + Primary,34.00673294067383,,1,0.0,64.0,0.0,74.170148005148,1.0
441202,GS KIGEYO,North,Burera,Nemba,RURAL,PUBLIC,Preprimary + Primary + Ordinal Level + General upper secondary,68.30491638183594,1.0,1,1.0,64.0,0.0,83.14855343934785,2.0
441203,GS MUGANO,,,,,,,59.96503067016602,,0,,,,73.5183049025724,2.0
441204,GS RUSHARA  TSS,North,Burera,Nemba,RURAL,PUBLIC,Preprimary + Primary + Ordinal Level + General upper secondary + TVET,34.71074295043945,1.0,1,1.0,64.0,0.0,78.3936808551067,2.0
441205,EP Karambi,North,Burera,Nemba,RURAL,PUBLIC,Preprimary + Primary,32.82442855834961,1.0,1,0.0,64.0,0.0,76.9153257319699,1.0
441208,NEMBA I,,,,,,,31.4285717010498,,0,,,,,
441209,NEMBAII,North,Burera,Nemba,RURAL,PUBLIC,Preprimary + Primary,39.63039016723633,1.0,1,0.0,64.0,0.0,73.847481579799,1.0
441211,RUBONA,North,Burera,Nemba,RURAL,PUBLIC,Preprimary + Primary,19.09090805053711,1.0,1,1.0,64.0,0.0,74.2015999857487,1.0
441302,GS BURERA,North,Burera,Rugarama,RURAL,GOVERNMENT_AIDED,Preprimary + Primary + Ordinal Level,47.94275283813477,1.0,1,0.0,58.0,0.0,75.12336965893391,2.0
441305,EP CYAHI,,,,,,,23.52941131591797,,0,,,,74.1603212105173,1.0
441306,EP GAFUMBA,North,Burera,Rugarama,RURAL,GOVERNMENT_AIDED,Preprimary + Primary,63.6363639831543,1.0,1,0.0,58.0,0.0,75.7430549163982,1.0
441308,GS MAYA II,North,Burera,Rugarama,RURAL,GOVERNMENT_AIDED,Preprimary + Primary + Ordinal Level,53.01205062866211,1.0,1,1.0,58.0,0.0,69.5986273009397,2.0
441310,EP KARANGARA,North,Burera,Rugarama,RURAL,GOVERNMENT_AIDED,Preprimary + Primary,11.11111164093018,1.0,1,0.0,58.0,0.0,68.3628859692694,1.0
441312,EP MAYA I,North,Burera,Rugarama,RURAL,GOVERNMENT_AIDED,Preprimary + Primary,55.57586669921875,1.0,1,0.0,58.0,0.0,74.36592674805772,1.0
441401,GS MUCACA  TSS,North,Burera,Rugengabari,RURAL,PUBLIC,Preprimary + Primary + Ordinal Level + General upper secondary + TVET,26.47058868408203,1.0,1,0.0,64.0,0.0,77.15809018487846,2.0
441403,EP Kabira,,,,,,,18.07692337036133,,0,,,,80.4344745384459,1.0
441406,EP RUGENDABARE,North,Burera,Rugengabari,RURAL,GOVERNMENT_AIDED,Preprimary + Primary,57.92880249023438,1.0,1,0.0,58.0,0.0,,
441408,GS RUSARABUGE,North,Burera,Rugengabari,RURAL,GOVERNMENT_AIDED,Preprimary + Primary + Ordinal Level,38.28671264648438,1.0,1,0.0,58.0,0.0,76.915861539436,2.0
441504,GS GITOVU,North,Burera,Ruhunde,RURAL,PUBLIC,Preprimary + Primary + Ordinal Level,50.05324935913086,1.0,1,0.0,64.0,0.0,76.41283734900091,2.0
441506,GS GASEKE  TSS,,,,,,,43.13186645507812,,0,,,,74.59616963546364,2.0
441507,GS RUSEKERA,North,Burera,Ruhunde,RURAL,PUBLIC,Preprimary + Primary + Ordinal Level + General upper secondary,55.14018630981445,1.0,1,1.0,64.0,1.0,79.3607430041928,2.0
441508,RUHUNDE,North,Burera,Ruhunde,RURAL,PUBLIC,Preprimary + Primary,55.92783737182617,1.0,1,0.0,64.0,0.0,75.5080745341615,1.0
441544,EP GATARE,North,Burera,Ruhunde,RURAL,PUBLIC,Preprimary + Primary,31.95876121520996,1.0,1,0.0,64.0,0.0,74.3245283018868,1.0
441601,EP Munanira,North,Burera,Rusarabuye,RURAL,GOVERNMENT_AIDED,Preprimary + Primary,47.94188690185547,1.0,1,0.0,58.0,0.0,77.7525157232704,1.0
441602,BISAYU,North,Burera,Rusarabuye,RURAL,GOVERNMENT_AIDED,Preprimary + Primary,53.18181991577148,1.0,1,0.0,58.0,1.0,76.7363854975953,1.0
441604,GS NDAGO,North,Burera,Rusarabuye,RURAL,PUBLIC,Preprimary + Primary + Ordinal Level + General upper secondary,47.54420471191406,1.0,1,0.0,64.0,1.0,72.97930640112345,2.0
441605,GS RUHANGA,North,Burera,Rusarabuye,RURAL,PUBLIC,Preprimary + Primary + Ordinal Level + General upper secondary,53.43915176391602,1.0,1,0.0,64.0,1.0,73.97774325015865,2.0
441606,KABONA,North,Burera,Rusarabuye,RURAL,PUBLIC,Preprimary + Primary,73.9495849609375,1.0,1,0.0,64.0,0.0,77.6278672232161,1.0
441611,NYARUNGU,North,Burera,Rusarabuye,RURAL,GOVERNMENT_AIDED,Preprimary + Primary,35.59321975708008,1.0,1,0.0,58.0,0.0,73.3702400613917,1.0
441701,EP Rugezi,North,Burera,Rwerere,RURAL,PUBLIC,Preprimary + Primary,40.13605499267578,1.0,1,0.0,64.0,0.0,84.1916666666667,1.0
441703,EP GACUNDURA,North,Burera,Rwerere,URBAN,GOVERNMENT_AIDED,Preprimary + Primary,51.72413635253906,1.0,1,0.0,58.0,0.0,71.5370051794303,1.0
441706,GS CYAPA,,,,,,,23.44961166381836,,0,,,,72.79041081470905,2.0
441707,GS RUGALI,North,Burera,Rwerere,RURAL,PUBLIC,Preprimary + Primary + Ordinal Level,48.11428451538086,1.0,1,1.0,64.0,0.0,78.11025681325171,2.0
441708,EP BISAGA,North,Burera,Rwerere,RURAL,GOVERNMENT_AIDED,Preprimary + Primary,36.53845977783203,1.0,1,0.0,58.0,0.0,77.4273616186384,1.0
450103,KARUSHYA,North,Gicumbi,Bukure,RURAL,PUBLIC,Preprimary + Primary + Ordinal Level + General upper secondary,60.21179962158203,1.0,1,1.0,64.0,0.0,77.4579401998081,2.0
450110,EP KARAGARI,North,Gicumbi,Bukure,RURAL,GOVERNMENT_AIDED,Preprimary + Primary,66.62515258789062,1.0,1,0.0,58.0,0.0,73.3514150943396,1.0
450112,GSBUKURE,North,Gicumbi,Bukure,RURAL,PUBLIC,Preprimary + Primary + Ordinal Level + General upper secondary,71.05856323242188,1.0,1,0.0,64.0,0.0,72.826771840063,2.0
450113,EP SANCTA MARIA KARAMBO,North,Gicumbi,Bukure,RURAL,GOVERNMENT_AIDED,Preprimary + Primary,74.72527313232422,1.0,1,0.0,58.0,0.0,80.3042452830189,1.0
450115,EP Ruyange,North,Gicumbi,Bukure,RURAL,PUBLIC,Preprimary + Primary,89.47368621826172,1.0,1,0.0,64.0,0.0,70.2961215932914,1.0
450116,EP GASHARU,North,Gicumbi,Bukure,RURAL,PUBLIC,Preprimary + Primary,70.75471496582031,1.0,1,0.0,64.0,0.0,81.1922847538495,1.0
450202,GS BWISIGE,North,Gicumbi,Bwisige,RURAL,GOVERNMENT_AIDED,Preprimary + Primary + Ordinal Level,70.24794006347656,1.0,1,0.0,58.0,0.0,81.54846486609945,2.0
450203,GS GIHUKE,North,Gicumbi,Bwisige,RURAL,GOVERNMENT_AIDED,Preprimary + Primary + Ordinal Level + General upper secondary + TVET,46.81647872924805,1.0,1,1.0,58.0,0.0,76.66908237758585,2.0
450204,GSMUKONO,North,Gicumbi,Bwisige,RURAL,GOVERNMENT_AIDED,Preprimary + Primary + Ordinal Level + General upper secondary,56.9620246887207,1.0,1,1.0,58.0,0.0,80.36665567390014,2.0
450205,NYAMUGARI PR PR,North,Gicumbi,Bwisige,RURAL,GOVERNMENT_AIDED,Preprimary + Primary,47.36842346191406,1.0,1,0.0,58.0,0.0,60.62575608233,1.0
450206,GS NDAYABANA,North,Gicumbi,Bwisige,RURAL,PUBLIC,Preprimary + Primary + Ordinal Level,60.11235809326172,1.0,1,1.0,64.0,0.0,75.7942807192807,1.0
450207,EP Ruhuha,,,,,,,82.97872924804688,,0,,,,81.8627358490566,1.0
450301,GS BYUMBA EAR,North,Gicumbi,Byumba,URBAN,GOVERNMENT_AIDED,Preprimary + Primary + Ordinal Level + General upper secondary,58.90410995483398,1.0,1,0.0,58.0,1.0,73.97885905799134,2.0
450304,GS Byumba Inyange,North,Gicumbi,Byumba,URBAN,GOVERNMENT_AIDED,Preprimary + Primary + Ordinal Level + General upper secondary,54.56255722045898,1.0,1,1.0,58.0,0.0,77.3382412467068,2.0
450308,GS GACURABWENGE,North,Gicumbi,Byumba,URBAN,PUBLIC,Preprimary + Primary + Ordinal Level,67.71160125732422,1.0,1,1.0,64.0,0.0,72.28195486150425,2.0
450311,KIBALI,North,Gicumbi,Byumba,RURAL,PUBLIC,Preprimary + Primary + Ordinal Level,63.88059997558594,1.0,1,1.0,64.0,0.0,69.7033523066327,2.0
450316,NYANDE,North,Gicumbi,Byumba,RURAL,GOVERNMENT_AIDED,Preprimary + Primary,64.10256958007812,1.0,1,0.0,58.0,1.0,64.562271638215,1.0
450323,GS BYUMBA CATHOLIQUE,North,Gicumbi,Byumba,URBAN,GOVERNMENT_AIDED,Preprimary + Primary + Ordinal Level,68.67646789550781,1.0,1,1.0,58.0,0.0,87.63811728395065,2.0
450329,EP Rugandu EAR,North,Gicumbi,Byumba,RURAL,GOVERNMENT_AIDED,Preprimary + Primary,64.56808471679688,,1,0.0,58.0,0.0,80.1803667500189,1.0
450330,CPEC St Babeth,North,Gicumbi,Byumba,URBAN,GOVERNMENT_AIDED,Preprimary + Primary + Ordinal Level + TVET,66.52360534667969,1.0,1,1.0,58.0,0.0,,
450401,EP MUKONO EAR,North,Gicumbi,Cyumba,RURAL,GOVERNMENT_AIDED,Preprimary + Primary,49.42528533935547,1.0,1,0.0,58.0,0.0,56.3188035641513,1.0
450404,G S CYUMBA,North,Gicumbi,Cyumba,RURAL,PUBLIC,Preprimary + Primary + Ordinal Level + General upper secondary,60.15132522583008,1.0,1,1.0,64.0,0.0,83.38902067228975,2.0
450406,GS RUKIZI EAR,North,Gicumbi,Cyumba,RURAL,GOVERNMENT_AIDED,Preprimary + Primary + Ordinal Level + General upper secondary,53.27869033813477,1.0,1,1.0,58.0,0.0,67.3476924701549,2.0
450410,EP MUKONO CATH,North,Gicumbi,Cyumba,RURAL,GOVERNMENT_AIDED,Preprimary + Primary,97.77777862548828,1.0,1,0.0,58.0,0.0,70.6710559017995,1.0
450501,G S TANDA,North,Gicumbi,Giti,RURAL,GOVERNMENT_AIDED,Preprimary + Primary + Ordinal Level,74.23494720458984,1.0,1,0.0,58.0,0.0,78.78222270943755,2.0
450502,GATOBOTOBO PS,North,Gicumbi,Giti,RURAL,GOVERNMENT_AIDED,Preprimary + Primary,83.33332824707031,1.0,1,0.0,58.0,0.0,73.8511006289308,1.0
450503,GS GITI,North,Gicumbi,Giti,RURAL,GOVERNMENT_AIDED,Preprimary + Primary + Ordinal Level + General upper secondary,57.72496032714844,1.0,1,0.0,58.0,0.0,77.07151843174465,2.0
450504,GS KAGOGO,North,Gicumbi,Giti,RURAL,PUBLIC,Preprimary + Primary + Ordinal Level,67.19999694824219,1.0,1,1.0,64.0,1.0,70.6764545491726,1.0
450506,EP Kogere,North,Gicumbi,Giti,RURAL,PUBLIC,Preprimary + Primary,74.25149536132812,1.0,1,0.0,64.0,0.0,77.115823509414,1.0
450603,G S MUHONDO,North,Gicumbi,Kageyo,RURAL,PUBLIC,Preprimary + Primary + Ordinal Level + General upper secondary,54.16666793823242,1.0,1,0.0,64.0,1.0,64.83436550070664,2.0
450604,GS GICUMBI,North,Gicumbi,Kageyo,RURAL,PUBLIC,Preprimary + Primary + Ordinal Level,34.16149139404297,1.0,1,1.0,64.0,0.0,77.03164831390114,2.0
450606,GS KAGEYO,North,Gicumbi,Kageyo,RURAL,PUBLIC,Preprimary + Primary + Ordinal Level + General upper secondary,69.68421173095703,1.0,1,1.0,64.0,0.0,76.80834091521945,2.0
450615,EP Horezo,North,Gicumbi,Kageyo,RURAL,PUBLIC,Preprimary + Primary,45.1456298828125,1.0,1,0.0,64.0,0.0,74.2250446050225,1.0
450703,G S BUGOMBA,North,Gicumbi,Kaniga,RURAL,GOVERNMENT_AIDED,Preprimary + Primary + Ordinal Level + General upper secondary,85.625,1.0,1,1.0,58.0,0.0,76.61960489190051,2.0
450704,G S KANIGA,North,Gicumbi,Kaniga,RURAL,PUBLIC,Preprimary + Primary + Ordinal Level,33.33333587646484,1.0,1,0.0,64.0,0.0,75.77829173349335,2.0
450705,G S KIZINGA,North,Gicumbi,Kaniga,RURAL,PUBLIC,Preprimary + Primary + Ordinal Level + General upper secondary,56.33803176879883,1.0,1,0.0,64.0,1.0,75.12857107802715,2.0
450706,G S MULINDI,North,Gicumbi,Kaniga,RURAL,PUBLIC,Preprimary + Primary + Ordinal Level + General upper secondary,60.84906005859375,1.0,1,0.0,64.0,0.0,78.44124138753875,2.0
450708,EP MUYANGE,North,Gicumbi,Kaniga,RURAL,PUBLIC,Preprimary + Primary,75.16778564453125,1.0,1,0.0,64.0,0.0,80.1419749329366,1.0
450709,EP Gatoma,North,Gicumbi,Kaniga,RURAL,PUBLIC,Preprimary + Primary,47.61904907226562,1.0,1,0.0,64.0,0.0,69.0050765332329,1.0
450712,EP KANYARUYONGA,North,Gicumbi,Kaniga,RURAL,GOVERNMENT_AIDED,Preprimary + Primary,69.56521606445312,1.0,1,0.0,58.0,0.0,79.3396431501231,1.0
450801,KAGOROGORO GS,North,Gicumbi,Manyagiro,RURAL,GOVERNMENT_AIDED,Preprimary + Primary + Ordinal Level + General upper secondary,72.76264190673828,1.0,1,1.0,58.0,0.0,75.5618565450497,2.0
450803,BUSHINGAMUHETO PS,North,Gicumbi,Manyagiro,RURAL,GOVERNMENT_AIDED,Preprimary + Primary,76.07913970947266,1.0,1,0.0,58.0,0.0,70.7977697446114,1.0
450805,MANYAGIRO GS  TSS,North,Gicumbi,Manyagiro,RURAL,GOVERNMENT_AIDED,Preprimary + Primary + Ordinal Level + TVET,58.54922485351562,1.0,1,0.0,58.0,0.0,71.3179438799517,2.0
450806,GS MAFUREBO,North,Gicumbi,Manyagiro,RURAL,GOVERNMENT_AIDED,Preprimary + Primary + Ordinal Level,52.96803665161133,1.0,1,1.0,58.0,0.0,80.3449449171702,1.0
450807,GS Mugera,North,Gicumbi,Manyagiro,RURAL,PUBLIC,Preprimary + Primary + Ordinal Level,29.29292869567871,1.0,1,1.0,64.0,0.0,81.79348551906205,2.0
450808,GS Nyiravugiza,North,Gicumbi,Manyagiro,RURAL,PUBLIC,Preprimary + Primary + Ordinal Level,38.125,1.0,1,1.0,64.0,0.0,60.36245407089226,2.0
450903,GS MIYOVE,North,Gicumbi,Miyove,RURAL,GOVERNMENT_AIDED,Preprimary + Primary + Ordinal Level + General upper secondary + TVET,89.49153137207031,1.0,1,1.0,58.0,0.0,75.25237334454096,2.0
450905,EP MUBUGA,North,Gicumbi,Miyove,RURAL,PUBLIC,Preprimary + Primary,48.41437530517578,1.0,1,0.0,64.0,1.0,70.4796527903301,1.0
450907,GS MUKAKA,North,Gicumbi,Miyove,RURAL,GOVERNMENT_AIDED,Preprimary + Primary + Ordinal Level,42.85714340209961,1.0,1,0.0,58.0,0.0,75.30918190887084,2.0
450908,EP RUMULI CATHOLIQUE,North,Gicumbi,Miyove,RURAL,GOVERNMENT_AIDED,Preprimary + Primary,62.96295928955078,1.0,1,0.0,58.0,0.0,73.3275157232704,1.0
450909,GS RUMULI,North,Gicumbi,Miyove,RURAL,PUBLIC,Preprimary + Primary + Ordinal Level,85.39823150634766,1.0,1,0.0,64.0,0.0,74.6248683386591,2.0
450912,GS TETERO,North,Gicumbi,Miyove,RURAL,PUBLIC,Preprimary + Primary + Ordinal Level,29.00432968139648,1.0,1,0.0,64.0,1.0,76.0234805880246,2.0
450914,EP IKIREZI,North,Gicumbi,Miyove,RURAL,PUBLIC,Preprimary + Primary,74.0484390258789,1.0,1,0.0,64.0,0.0,75.3486713128223,1.0
451001,GS MUGINA II,North,Gicumbi,Mukarange,RURAL,GOVERNMENT_AIDED,Preprimary + Primary + Ordinal Level,38.15789413452148,1.0,1,0.0,58.0,0.0,67.0693344101239,1.0
451002,GS KIRUHURA,North,Gicumbi,Mukarange,RURAL,GOVERNMENT_AIDED,Preprimary + Primary + Ordinal Level,81.78294372558594,1.0,1,0.0,58.0,0.0,77.7931478555421,2.0
451003,GS MUKARANGE,North,Gicumbi,Mukarange,RURAL,GOVERNMENT_AIDED,Preprimary + Primary + Ordinal Level + General upper secondary,56.89149475097656,1.0,1,0.0,58.0,1.0,76.84642919801999,2.0
451004,GS NYAGAKIZI,North,Gicumbi,Mukarange,RURAL,GOVERNMENT_AIDED,Preprimary + Primary + Ordinal Level + General upper secondary,67.95774841308594,1.0,1,1.0,58.0,0.0,79.3760839788155,2.0
451005,EP Cyamuganga,North,Gicumbi,Mukarange,RURAL,GOVERNMENT_AIDED,Preprimary + Primary,47.34982299804688,1.0,1,0.0,58.0,0.0,,
451006,EP Mutarama,North,Gicumbi,Mukarange,RURAL,PUBLIC,Preprimary + Primary,63.98809432983398,1.0,1,0.0,64.0,0.0,76.2481302056774,1.0
451103,GS MUKO,North,Gicumbi,Muko,RURAL,PUBLIC,Preprimary + Primary + Ordinal Level + General upper secondary,72.17124938964844,1.0,1,1.0,64.0,0.0,65.907768808647,2.0
451104,GS MWENDO,North,Gicumbi,Muko,RURAL,PUBLIC,Preprimary + Primary + Ordinal Level + General upper secondary,59.45485305786133,1.0,1,0.0,64.0,0.0,71.33381993629145,2.0
451105,KIGOMA PS,North,Gicumbi,Muko,RURAL,PUBLIC,Preprimary + Primary,63.42105102539062,1.0,1,0.0,64.0,0.0,77.2833098879171,1.0
451107,NGANGE,North,Gicumbi,Muko,RURAL,GOVERNMENT_AIDED,Preprimary + Primary,71.76470947265625,1.0,1,0.0,58.0,0.0,,
451108,GS RUGARAGARA,North,Gicumbi,Muko,RURAL,PUBLIC,Preprimary + Primary + Ordinal Level,48.24561309814453,1.0,1,1.0,64.0,0.0,80.4776951736396,1.0
451203,G S MUTANDI,North,Gicumbi,Mutete,RURAL,PUBLIC,Preprimary + Primary + Ordinal Level,63.33333206176758,1.0,1,0.0,64.0,0.0,73.64652443745355,2.0
451204,GS GASEKE,North,Gicumbi,Mutete,RURAL,PUBLIC,Preprimary + Primary + Ordinal Level + General upper secondary,57.74277877807617,1.0,1,1.0,64.0,1.0,72.94795446699715,2.0
451208,KAVUMU PS,North,Gicumbi,Mutete,RURAL,PUBLIC,Preprimary + Primary,69.02655029296875,1.0,1,0.0,64.0,1.0,68.2483630857845,1.0
451211,MUTETE PS,North,Gicumbi,Mutete,RURAL,GOVERNMENT_AIDED,Preprimary + Primary,66.90821075439453,,1,0.0,58.0,0.0,73.7168167792934,1.0
451212,GS NYAMABUYE,North,Gicumbi,Mutete,RURAL,PUBLIC,Preprimary + Primary + Ordinal Level,65.76728057861328,1.0,1,0.0,64.0,0.0,79.98657670077975,2.0
451213,Groupe Scolaire RUHONDO II,North,Gicumbi,Mutete,RURAL,GOVERNMENT_AIDED,Preprimary + Primary + Ordinal Level,42.9378547668457,1.0,1,0.0,58.0,0.0,76.5430340418589,1.0
451214,EP NGANDO,,,,,,,60.21020889282227,,0,,,,76.5750397439652,1.0
451301,GS KAGAMBA,North,Gicumbi,Nyamiyaga,RURAL,GOVERNMENT_AIDED,Preprimary + Primary + Ordinal Level + General upper secondary,56.33803176879883,1.0,1,1.0,58.0,0.0,,
451304,GS MUGINA I,North,Gicumbi,Nyamiyaga,RURAL,GOVERNMENT_AIDED,Preprimary + Primary + Ordinal Level,48.10379028320312,1.0,1,1.0,58.0,0.0,74.79818118499875,2.0
451305,GS NYINAWIMANA,North,Gicumbi,Nyamiyaga,RURAL,GOVERNMENT_AIDED,Preprimary + Primary + Ordinal Level + General upper secondary,35.71428680419922,1.0,1,1.0,58.0,0.0,79.41212267281435,2.0
451306,GS RUNANGA,North,Gicumbi,Nyamiyaga,RURAL,PUBLIC,Preprimary + Primary + Ordinal Level,42.67399215698242,1.0,1,1.0,64.0,1.0,61.34979600891126,2.0
451307,KIGWA PRIMARY SCHOOL,North,Gicumbi,Nyamiyaga,RURAL,PUBLIC,Preprimary + Primary,48.03921508789062,1.0,1,0.0,64.0,0.0,77.5457785401182,1.0
451401,EP CYANKARANKA,North,Gicumbi,Nyankenke,RURAL,PUBLIC,Preprimary + Primary,55.09065246582031,1.0,1,0.0,64.0,0.0,71.0486951252638,1.0
451403,G S KINISHYA,North,Gicumbi,Nyankenke,RURAL,PUBLIC,Preprimary + Primary + Ordinal Level + TVET,59.04685211181641,1.0,1,0.0,64.0,1.0,73.95264013083306,2.0
451404,GS RWAGIHURA,North,Gicumbi,Nyankenke,RURAL,GOVERNMENT_AIDED,Preprimary + Primary + Ordinal Level,70.47618865966797,,1,0.0,58.0,0.0,74.2364430468204,2.0
451405,EP RUSASA,North,Gicumbi,Nyankenke,RURAL,GOVERNMENT_AIDED,Preprimary + Primary,44.27244567871094,1.0,1,0.0,58.0,0.0,77.2649088856636,1.0
451406,GS KIGOGO,North,Gicumbi,Nyankenke,RURAL,GOVERNMENT_AIDED,Preprimary + Primary + Ordinal Level,62.20994567871094,1.0,1,0.0,58.0,0.0,74.0855670360387,2.0
451407,EP Nyankenke,North,Gicumbi,Nyankenke,RURAL,PUBLIC,Preprimary + Primary,60.58520126342773,1.0,1,0.0,64.0,0.0,79.0150162291672,1.0
451502,G S RUBAYA  TSS,North,Gicumbi,Rubaya,RURAL,GOVERNMENT_AIDED,Preprimary + Primary + Ordinal Level + General upper secondary + TVET,43.73522567749023,1.0,1,0.0,58.0,0.0,72.5047595437904,1.0
451505,EP KABEZA,North,Gicumbi,Rubaya,RURAL,PUBLIC,Preprimary + Primary,59.77011489868164,1.0,1,0.0,64.0,0.0,68.9360587002096,1.0
451509,GS GISHAMBASHAYO,North,Gicumbi,Rubaya,RURAL,PUBLIC,Preprimary + Primary + Ordinal Level,64.20454406738281,1.0,1,1.0,64.0,0.0,64.9066306878624,1.0
451510,EP Kagugo,North,Gicumbi,Rubaya,RURAL,GOVERNMENT_AIDED,Preprimary + Primary,40.99098968505859,1.0,1,0.0,58.0,0.0,72.3823464626264,1.0
451602,GS CYEYA,North,Gicumbi,Rukomo,RURAL,GOVERNMENT_AIDED,Preprimary + Primary + Ordinal Level,52.60416793823242,1.0,1,0.0,58.0,0.0,68.69200112895135,2.0
451605,G S BISIKA,North,Gicumbi,Rukomo,RURAL,GOVERNMENT_AIDED,Preprimary + Primary + Ordinal Level + General upper secondary,72.39057159423828,1.0,1,0.0,58.0,1.0,65.90246234891475,2.0
451608,GS MABARE,North,Gicumbi,Rukomo,RURAL,GOVERNMENT_AIDED,Preprimary + Primary + Ordinal Level,67.49481964111328,,1,0.0,58.0,0.0,66.68651432269226,2.0
451610,GS MESHERO,North,Gicumbi,Rukomo,URBAN,GOVERNMENT_AIDED,Preprimary + Primary + Ordinal Level,60.04872131347656,1.0,1,1.0,58.0,0.0,75.51677045297976,2.0
451611,GS MUNYINYA  TSS,North,Gicumbi,Rukomo,RURAL,GOVERNMENT_AIDED,Preprimary + Primary + Ordinal Level + TVET,70.88607788085938,1.0,1,0.0,58.0,0.0,76.35841029362935,2.0
451612,RUMARANGOGA,North,Gicumbi,Rukomo,RURAL,GOVERNMENT_AIDED,Preprimary + Primary,88.57142639160156,1.0,1,0.0,58.0,0.0,,
451615,EP Kabeza,North,Gicumbi,Rukomo,RURAL,PUBLIC,Preprimary + Primary,74.26901245117188,1.0,1,0.0,64.0,0.0,66.7130824425103,1.0
451616,EP Rusumo,,,,,,,54.41860580444336,,0,,,,68.4116151478656,1.0
451703,G S GITEGA,North,Gicumbi,Rushaki,RURAL,GOVERNMENT_AIDED,Preprimary + Primary + Ordinal Level,64.08163452148438,1.0,1,0.0,58.0,0.0,75.53370015555754,2.0
451706,GS MUYUMBU,North,Gicumbi,Rushaki,RURAL,GOVERNMENT_AIDED,Preprimary + Primary + Ordinal Level + General upper secondary,77.62645721435547,1.0,1,0.0,58.0,0.0,72.5118741162663,2.0
451707,KARAMBI PS,North,Gicumbi,Rushaki,RURAL,GOVERNMENT_AIDED,Preprimary + Primary,34.78260803222656,1.0,1,0.0,58.0,0.0,73.7931292679638,1.0
451708,KARAMBO,North,Gicumbi,Rushaki,RURAL,PUBLIC,Preprimary + Primary,51.51515197753906,1.0,1,0.0,64.0,1.0,48.0671383647799,1.0
451709,NGABIRA PS,North,Gicumbi,Rushaki,RURAL,GOVERNMENT_AIDED,Preprimary + Primary,51.21951293945312,1.0,1,0.0,58.0,1.0,63.659893565554,1.0
451710,EP RUSHAKI,North,Gicumbi,Rushaki,RURAL,GOVERNMENT_AIDED,Preprimary + Primary,52.07100677490234,1.0,1,0.0,58.0,0.0,,
451804,G S KIRWA,North,Gicumbi,Rutare,RURAL,PUBLIC,Preprimary + Primary + Ordinal Level + General upper secondary,57.93103408813477,1.0,1,1.0,64.0,0.0,84.33823773880515,2.0
451822,GS NYAGATOMA,North,Gicumbi,Rutare,RURAL,PUBLIC,Preprimary + Primary + Ordinal Level,73.19953155517578,1.0,1,1.0,64.0,0.0,77.9855033775955,2.0
451823,GS KABIRA,North,Gicumbi,Rutare,RURAL,PUBLIC,Preprimary + Primary + Ordinal Level,46.2365608215332,1.0,1,1.0,64.0,0.0,67.336104875702,2.0
451824,GS KINJOJO,North,Gicumbi,Rutare,RURAL,PUBLIC,Preprimary + Primary + Ordinal Level,57.1734504699707,1.0,1,0.0,64.0,0.0,75.3626492564702,2.0
451825,EP MUREHE,North,Gicumbi,Rutare,RURAL,PUBLIC,Preprimary + Primary,67.54717254638672,1.0,1,0.0,64.0,0.0,84.4312856023548,1.0
451906,MUTI PS,North,Gicumbi,Ruvune,RURAL,PUBLIC,Preprimary + Primary,53.00546264648438,1.0,1,0.0,64.0,0.0,69.6787735849057,1.0
451907,EP NYABIHU,North,Gicumbi,Ruvune,RURAL,GOVERNMENT_AIDED,Preprimary + Primary,50.14164352416992,1.0,1,0.0,58.0,0.0,67.8154752773943,1.0
451908,NYARURAMA,North,Gicumbi,Ruvune,RURAL,PUBLIC,Preprimary + Primary + Ordinal Level,54.79999923706055,1.0,1,1.0,64.0,0.0,82.2481545845746,1.0
451910,GS RUHONDO,North,Gicumbi,Ruvune,RURAL,GOVERNMENT_AIDED,Preprimary + Primary + Ordinal Level + General upper secondary,53.42742156982422,1.0,1,0.0,58.0,0.0,78.45486923485271,2.0
451912,EP BUSHWAGARA,North,Gicumbi,Ruvune,RURAL,PUBLIC,Preprimary + Primary,63.18181610107422,1.0,1,0.0,64.0,0.0,67.9789199739753,1.0
451914,EP BULIMBI,North,Gicumbi,Ruvune,RURAL,GOVERNMENT_AIDED,Preprimary + Primary,41.17647171020508,1.0,1,0.0,58.0,0.0,,
451915,EP Nyarwina,North,Gicumbi,Ruvune,RURAL,GOVERNMENT_AIDED,Preprimary + Primary,75.77639770507812,1.0,1,0.0,58.0,0.0,78.2935252378649,1.0
451916,EP Burambo,North,Gicumbi,Ruvune,RURAL,GOVERNMENT_AIDED,Preprimary + Primary,61.90476226806641,,1,0.0,58.0,1.0,64.0269766397125,1.0
451917,EP REBERO,North,Gicumbi,Ruvune,RURAL,PUBLIC,Preprimary + Primary,46.52406311035156,1.0,1,0.0,64.0,1.0,,
452001,GS GITOMA,North,Gicumbi,Rwamiko,RURAL,GOVERNMENT_AIDED,Preprimary + Primary + Ordinal Level,56.49546813964844,,1,0.0,58.0,0.0,76.30124026212141,2.0
452002,GS RWAMIKO,North,Gicumbi,Rwamiko,RURAL,PUBLIC,Preprimary + Primary + Ordinal Level + General upper secondary,44.76684188842773,1.0,1,0.0,64.0,0.0,74.02971131567006,2.0
452003,GS RWESERO,North,Gicumbi,Rwamiko,RURAL,GOVERNMENT_AIDED,Preprimary + Primary + Ordinal Level,57.69230651855469,1.0,1,1.0,58.0,0.0,81.44712293399866,2.0
452004,GS NYANZA,North,Gicumbi,Rwamiko,RURAL,GOVERNMENT_AIDED,Preprimary + Primary + Ordinal Level,51.94805145263672,1.0,1,0.0,58.0,0.0,66.4469238874001,1.0
452006,EP Rugarama EAR,,,,,,,41.42011642456055,,0,,,,76.5016284723832,1.0
452101,GS BUSHARA,North,Gicumbi,Shangasha,RURAL,GOVERNMENT_AIDED,Preprimary + Primary + Ordinal Level,62.18905639648438,1.0,1,1.0,58.0,0.0,67.7087386550013,1.0
452102,GS NYABISHAMBI  TSS,North,Gicumbi,Shangasha,RURAL,PUBLIC,Preprimary + Primary + Ordinal Level + General upper secondary + TVET,58.13953399658203,1.0,1,0.0,64.0,1.0,76.11117658384505,2.0
452103,KITAZIGURWA,North,Gicumbi,Shangasha,RURAL,PUBLIC,Preprimary + Primary,46.03174591064453,1.0,1,0.0,64.0,0.0,58.2330215556631,1.0
452106,SHANGASHA,North,Gicumbi,Shangasha,RURAL,PUBLIC,Preprimary + Primary + Ordinal Level + General upper secondary,46.76470565795898,1.0,1,0.0,64.0,1.0,78.26442789108211,2.0
452107,EP Jeunesse,North,Gicumbi,Shangasha,RURAL,GOVERNMENT_AIDED,Preprimary + Primary,49.60630035400391,1.0,1,0.0,58.0,0.0,72.2391509433962,1.0
510102,GS  NYAMIRAMA,East,Rwamagana,Fumbwe,RURAL,PUBLIC,Preprimary + Primary + Ordinal Level,68.5,1.0,1,0.0,64.0,0.0,81.9965647036402,1.0
510103,GS JANJAGIRO,East,Rwamagana,Fumbwe,RURAL,GOVERNMENT_AIDED,Preprimary + Primary + Ordinal Level + General upper secondary + TVET,52.72496795654297,1.0,1,0.0,58.0,0.0,80.5874001409789,2.0
510104,GS NYAGASAMBU,East,Rwamagana,Fumbwe,RURAL,PUBLIC,Preprimary + Primary + Ordinal Level + General upper secondary,68.15189361572266,1.0,1,0.0,64.0,1.0,84.10645893952213,3.0
510107,NYAGASAMBU VISION SCHOOL,,,,,,,92.62820434570312,,0,,,,,
510108,GS SASABIRAGO,East,Rwamagana,Fumbwe,RURAL,PUBLIC,Preprimary + Primary + Ordinal Level,49.51768493652344,1.0,1,0.0,64.0,1.0,79.1111743990806,2.0
510109,EP RUGENGE,East,Rwamagana,Fumbwe,RURAL,PUBLIC,Preprimary + Primary,58.54213714599609,,1,0.0,64.0,0.0,76.5257412398922,1.0
510202,GS GAHENGERI,East,Rwamagana,Gahengeri,RURAL,PUBLIC,Preprimary + Primary + Ordinal Level + General upper secondary,76.18270874023438,1.0,1,1.0,64.0,0.0,66.6503703794898,1.0
510204,GS RWERI,,,,,,,70.72503662109375,,0,,,,80.5902923480364,2.0
510205,EP KIBARE,East,Rwamagana,Gahengeri,RURAL,PUBLIC,Preprimary + Primary,71.10894775390625,1.0,1,0.0,64.0,0.0,74.7862682767939,1.0
510207,GS NYINAWAJAMBO(RUHITA),East,Rwamagana,Gahengeri,RURAL,PRIVATE,Preprimary + Primary + Ordinal Level,88.8888931274414,1.0,1,0.0,32.0,0.0,,
510208,Runyinya PS,East,Rwamagana,Gahengeri,RURAL,GOVERNMENT_AIDED,Preprimary + Primary,64.80582427978516,1.0,1,0.0,58.0,0.0,86.4766357204129,1.0
510209,Rwamashyongoshyo PS,East,Rwamagana,Gahengeri,RURAL,GOVERNMENT_AIDED,Preprimary + Primary,79.33374786376953,1.0,1,0.0,58.0,0.0,81.3614225750146,1.0
510210,GS RUNYINYA,East,Rwamagana,Gahengeri,RURAL,PUBLIC,Preprimary + Primary + Ordinal Level,83.19783020019531,1.0,1,0.0,64.0,0.0,80.72406787249555,2.0
510301,EP NYAGAHINGA,East,Rwamagana,Gishali,RURAL,PUBLIC,Preprimary + Primary,67.79661560058594,1.0,1,0.0,64.0,0.0,75.8475511625415,1.0
510304,GS GATI,East,Rwamagana,Gishali,RURAL,GOVERNMENT_AIDED,Preprimary + Primary + Ordinal Level,83.38926696777344,1.0,1,1.0,58.0,0.0,74.72747872162675,2.0
510305,GS GISHARI,East,Rwamagana,Gishali,RURAL,GOVERNMENT_AIDED,Preprimary + Primary + Ordinal Level + General upper secondary,62.55379867553711,1.0,1,1.0,58.0,1.0,78.24029223704635,2.0
510307,GS RUHUNDA,East,Rwamagana,Gishali,RURAL,GOVERNMENT_AIDED,Preprimary + Primary + Ordinal Level + General upper secondary,86.12903594970703,1.0,1,0.0,58.0,0.0,77.4648598266873,2.0
510310,GS NYARUGARI,East,Rwamagana,Gishali,RURAL,GOVERNMENT_AIDED,Preprimary + Primary + Ordinal Level,79.94100189208984,1.0,1,1.0,58.0,1.0,81.07725575263879,2.0
510313,GS Kavumu,East,Rwamagana,Gishali,RURAL,PUBLIC,Preprimary + Primary + Ordinal Level,61.37930679321289,1.0,1,0.0,64.0,1.0,78.1219432821495,2.0
510403,EICG,,,,,,,81.81818389892578,,0,,,,88.84199352551894,2.0
510404,GS KARENGE,East,Rwamagana,Karenge,RURAL,PUBLIC,Preprimary + Primary + Ordinal Level + General upper secondary,55.88025283813477,1.0,1,1.0,64.0,0.0,84.46902847814705,2.0
510405,EP BYIMANA,East,Rwamagana,Karenge,RURAL,PUBLIC,Preprimary + Primary,62.28813552856445,1.0,0,1.0,64.0,1.0,81.8137241689128,1.0
510406,GS KANGAMBA,East,Rwamagana,Karenge,RURAL,PUBLIC,Preprimary + Primary + Ordinal Level + General upper secondary,71.01449584960938,,1,0.0,64.0,0.0,74.42137543526434,2.0
510407,GS NYAMATETE,,,,,,,70.44673919677734,,0,,,,80.9949318037965,2.0
510408,EP NTEBE,East,Rwamagana,Karenge,RURAL,PUBLIC,Preprimary + Primary,69.35166931152344,1.0,1,0.0,64.0,0.0,83.4509828291904,1.0
510503,EP RUTONDE ANGLICAN SCHOOL,East,Rwamagana,Kigabiro,RURAL,GOVERNMENT_AIDED,Primary,43.85026550292969,1.0,1,0.0,58.0,0.0,90.3607265806024,1.0
510509,GS RUTONDE,East,Rwamagana,Kigabiro,RURAL,GOVERNMENT_AIDED,Preprimary + Primary + Ordinal Level + General upper secondary,48.41549301147461,1.0,1,1.0,58.0,0.0,83.48206958028734,2.0
510510,GS RWAMAGANA PROTESTANT,East,Rwamagana,Kigabiro,URBAN,GOVERNMENT_AIDED,Preprimary + Primary + Ordinal Level + General upper secondary,82.08092498779297,1.0,1,0.0,58.0,1.0,82.1213957323105,2.0
510512,GS SOVU,East,Rwamagana,Kigabiro,RURAL,GOVERNMENT_AIDED,Preprimary + Primary + Ordinal Level + General upper secondary,75.98097229003906,1.0,1,1.0,58.0,0.0,76.3851686681594,2.0
510517,RWAMAGANA A,East,Rwamagana,Kigabiro,URBAN,GOVERNMENT_AIDED,Preprimary + Primary + Ordinal Level + General upper secondary,70.89946746826172,1.0,1,1.0,58.0,0.0,80.2422426827961,2.0
510519,EP RWAMAGANA ISLAMIQUE,East,Rwamagana,Kigabiro,URBAN,GOVERNMENT_AIDED,Preprimary + Primary,74.24483489990234,1.0,1,0.0,58.0,0.0,81.2277078085616,1.0
510529,EP RWAMAGANA CATHORIQUE,East,Rwamagana,Kigabiro,URBAN,GOVERNMENT_AIDED,Preprimary + Primary,75.34136962890625,1.0,1,0.0,58.0,0.0,,
510531,Complexe Scolaire Saint Tarcisius,East,Rwamagana,Kigabiro,URBAN,PRIVATE,Preprimary + Primary,100.0,1.0,1,0.0,32.0,0.0,,
510532,MADUC BRIGHT ACADEMY,East,Rwamagana,Kigabiro,RURAL,PRIVATE,Preprimary + Primary,97.5,,1,0.0,32.0,0.0,,
510601,EP MURAMBI B,East,Rwamagana,Muhazi,RURAL,PUBLIC,Preprimary + Primary,53.33333587646484,1.0,1,0.0,64.0,0.0,78.0341277722608,1.0
510602,GS KABARE,East,Rwamagana,Muhazi,RURAL,GOVERNMENT_AIDED,Preprimary + Primary + Ordinal Level + General upper secondary,66.5306167602539,1.0,1,1.0,58.0,0.0,78.9774973112724,2.0
510603,GS KITAZIGURWA,East,Rwamagana,Muhazi,RURAL,GOVERNMENT_AIDED,Preprimary + Primary + Ordinal Level + General upper secondary,64.91646575927734,1.0,1,1.0,58.0,0.0,79.07406342622116,2.0
510604,GS MURAMBI,East,Rwamagana,Muhazi,RURAL,GOVERNMENT_AIDED,Preprimary + Primary + Ordinal Level,40.60283660888672,1.0,1,1.0,58.0,0.0,83.58971473490705,2.0
510605,GS NSINDA,East,Rwamagana,Muhazi,RURAL,PUBLIC,Preprimary + Primary + Ordinal Level,64.59626770019531,1.0,1,1.0,64.0,0.0,77.1242319746424,2.0
510606,GS NYARUSANGE,East,Rwamagana,Muhazi,RURAL,GOVERNMENT_AIDED,Preprimary + Primary + Ordinal Level + General upper secondary,52.2935791015625,1.0,1,0.0,58.0,0.0,78.59202050243685,2.0
510701,EP AURORA GIOVANNINI,East,Rwamagana,Munyaga,RURAL,GOVERNMENT_AIDED,Preprimary + Primary,63.47518157958984,1.0,1,0.0,58.0,0.0,81.7221931825209,1.0
510702,EP KADUHA Protestant,,,,,,,54.4871826171875,,0,,,,67.6794501619973,1.0
510704,GS NKUNGU,East,Rwamagana,Munyaga,RURAL,GOVERNMENT_AIDED,Preprimary + Primary + Ordinal Level + General upper secondary,63.86138916015625,1.0,1,0.0,58.0,0.0,79.9511080214199,1.0
510705,GS MUNYAGA Protestant,East,Rwamagana,Munyaga,RURAL,GOVERNMENT_AIDED,Preprimary + Primary + Ordinal Level,55.88235092163086,1.0,1,1.0,58.0,0.0,79.6510838736447,2.0
510706,EP ZINGA,East,Rwamagana,Munyaga,RURAL,GOVERNMENT_AIDED,Preprimary + Primary,37.7358512878418,1.0,1,0.0,58.0,0.0,78.7915094339623,1.0
510802,GS NKOMANGWA,East,Rwamagana,Munyiginya,RURAL,PUBLIC,Preprimary + Primary + Ordinal Level,70.44673919677734,1.0,1,1.0,64.0,0.0,77.941956188001,2.0
510804,GS BWANA,,,,,,,47.76119232177734,,0,,,,73.06203485769345,2.0
510805,EP NYARUBUYE Catholique,East,Rwamagana,Munyiginya,RURAL,GOVERNMENT_AIDED,Preprimary + Primary,63.33333206176758,1.0,1,0.0,58.0,1.0,72.9079174256223,1.0
510806,GS MUNYIGINYA,East,Rwamagana,Munyiginya,RURAL,PUBLIC,Preprimary + Primary + Ordinal Level + General upper secondary + TVET,68.16901397705078,1.0,1,0.0,64.0,1.0,79.47128334247935,2.0
510807,GS NYARUBUYE Adventiste,East,Rwamagana,Munyiginya,RURAL,GOVERNMENT_AIDED,Preprimary + Primary + Ordinal Level,82.41205596923828,1.0,1,1.0,58.0,0.0,74.60708660974875,2.0
510901,EP NYAKILIBA,East,Rwamagana,Musha,RURAL,GOVERNMENT_AIDED,Preprimary + Primary,74.45886993408203,1.0,1,0.0,58.0,0.0,82.4604257377842,1.0
510903,EP Duha,East,Rwamagana,Musha,RURAL,PUBLIC,Preprimary + Primary,62.57928085327148,1.0,1,0.0,64.0,0.0,83.3002589734975,1.0
510904,EP NYABISINDU,East,Rwamagana,Musha,RURAL,PUBLIC,Preprimary + Primary,67.1009750366211,1.0,1,0.0,64.0,0.0,66.3720518867924,1.0
510905,EP BUDAHANDA,East,Rwamagana,Musha,RURAL,PUBLIC,Preprimary + Primary,68.21192169189453,1.0,1,0.0,64.0,0.0,75.1515134406644,1.0
510908,GS DUHA,East,Rwamagana,Musha,RURAL,PUBLIC,Preprimary + Primary + Ordinal Level + General upper secondary,65.5838394165039,1.0,1,0.0,64.0,1.0,77.0725603111236,1.0
510910,GS RUTOMA,East,Rwamagana,Musha,RURAL,PUBLIC,Preprimary + Primary + Ordinal Level,54.16666793823242,1.0,1,0.0,64.0,0.0,80.53536108713226,2.0
510913,GS RUSISIRO,East,Rwamagana,Musha,RURAL,PUBLIC,Preprimary + Primary + Ordinal Level,75.44910430908203,1.0,1,0.0,64.0,0.0,82.10375082948275,2.0
511002,GS BUJYUJYU,East,Rwamagana,Muyumbu,RURAL,PUBLIC,Preprimary + Primary + Ordinal Level + General upper secondary,74.58786010742188,1.0,1,1.0,64.0,1.0,74.85352448317735,2.0
511003,EP GITARAGA,East,Rwamagana,Muyumbu,RURAL,PUBLIC,Primary,41.34615325927734,1.0,1,0.0,64.0,0.0,73.6022418340434,1.0
511004,GS MUYUMBU B,East,Rwamagana,Muyumbu,RURAL,PUBLIC,Preprimary + Primary + Ordinal Level,73.44795227050781,1.0,1,1.0,64.0,0.0,81.3308665280606,2.0
511006,GS MUYUMBU,East,Rwamagana,Muyumbu,RURAL,PUBLIC,Preprimary + Primary + Ordinal Level + General upper secondary,59.67828750610352,1.0,1,0.0,64.0,1.0,79.0139015925406,2.0
511007,GS MURAMA,East,Rwamagana,Muyumbu,RURAL,PUBLIC,Preprimary + Primary + Ordinal Level + General upper secondary,65.7657699584961,1.0,1,1.0,64.0,0.0,78.47250697555575,2.0
511027,LAND MARK JUNIOR SCHOOL,East,Rwamagana,Muyumbu,RURAL,PRIVATE,Preprimary + Primary,96.36363220214844,1.0,1,0.0,32.0,0.0,,
511101,GS BICUMBI,East,Rwamagana,Mwulire,RURAL,PUBLIC,Preprimary + Primary + Ordinal Level + General upper secondary,63.17891311645508,1.0,1,1.0,64.0,1.0,79.34605549301196,2.0
511102,EP KABUYA,East,Rwamagana,Mwulire,RURAL,GOVERNMENT_AIDED,Preprimary + Primary,59.85915756225586,1.0,1,0.0,58.0,0.0,,
511103,GS CYIMBAZI  TSS,East,Rwamagana,Mwulire,RURAL,PUBLIC,Preprimary + Primary + Ordinal Level + General upper secondary + TVET,61.44578552246094,1.0,1,0.0,64.0,0.0,,
511104,GS MWULIRE I,East,Rwamagana,Mwulire,RURAL,PUBLIC,Preprimary + Primary + Ordinal Level + General upper secondary,47.67857360839844,1.0,1,1.0,64.0,0.0,78.4484526857118,2.0
511105,GS MWULIRE II,East,Rwamagana,Mwulire,RURAL,GOVERNMENT_AIDED,Preprimary + Primary + Ordinal Level,79.96237182617188,1.0,1,1.0,58.0,0.0,82.22244812248265,2.0
511201,GS BIHEMBE,East,Rwamagana,Nyakaliro,RURAL,PUBLIC,Preprimary + Primary + Ordinal Level + General upper secondary,47.62979888916016,1.0,1,1.0,64.0,0.0,67.0133584373339,1.0
511202,EP NGARAMA,,,,,,,67.62178039550781,,0,,,,,
511203,GS GISHORE,East,Rwamagana,Nyakaliro,RURAL,PUBLIC,Preprimary + Primary + Ordinal Level,45.41522598266602,1.0,1,1.0,64.0,0.0,78.19678517221905,2.0
511204,GS NYAKARIRO  TSS,East,Rwamagana,Nyakaliro,RURAL,PUBLIC,Preprimary + Primary + Ordinal Level + TVET,74.530517578125,1.0,1,1.0,64.0,0.0,81.42934729806106,2.0
511205,GS MATYAZO,East,Rwamagana,Nyakaliro,RURAL,PUBLIC,Preprimary + Primary + Ordinal Level + General upper secondary,60.58569717407227,1.0,1,1.0,64.0,1.0,68.59347934187045,2.0
511206,EP MUBUMBWE,East,Rwamagana,Nyakaliro,RURAL,GOVERNMENT_AIDED,Preprimary + Primary,61.42131805419922,1.0,1,0.0,58.0,0.0,78.1786284943163,1.0
511209,GS GATARE,East,Rwamagana,Nyakaliro,RURAL,PUBLIC,Preprimary + Primary + Ordinal Level,50.91324615478516,1.0,1,1.0,64.0,0.0,76.62899920666605,2.0
511210,TUBAFASHE ACADEMY SCHOOL,East,Rwamagana,Nyakaliro,RURAL,PRIVATE,Preprimary + Primary,100.0,1.0,1,1.0,32.0,0.0,,
511302,EP KIGARAMA,East,Rwamagana,Nzige,RURAL,PUBLIC,Preprimary + Primary,34.66135406494141,1.0,1,0.0,64.0,1.0,82.0022827859306,1.0
511303,GS AKANZU,East,Rwamagana,Nzige,RURAL,PUBLIC,Preprimary + Primary + Ordinal Level + General upper secondary + TVET,50.22727203369141,1.0,1,0.0,64.0,0.0,75.3065323730032,2.0
511304,GS RUGUNGA,East,Rwamagana,Nzige,RURAL,PUBLIC,Preprimary + Primary + Ordinal Level,74.26068115234375,1.0,1,0.0,64.0,0.0,83.35766625352531,2.0
511305,GS RUGARAMA,East,Rwamagana,Nzige,RURAL,GOVERNMENT_AIDED,Preprimary + Primary + Ordinal Level,58.76132965087891,1.0,1,0.0,58.0,0.0,82.04748493367646,2.0
511310,FREE METHODIST SCHOOL,East,Rwamagana,Nzige,RURAL,PRIVATE,Preprimary + Primary,94.87179565429688,1.0,1,0.0,32.0,0.0,,
511401,GS KARAMBI,East,Rwamagana,Rubona,RURAL,PUBLIC,Preprimary + Primary + Ordinal Level,56.78160858154297,1.0,1,1.0,64.0,0.0,82.5828609323919,2.0
511404,GS BYINZA,East,Rwamagana,Rubona,RURAL,GOVERNMENT_AIDED,Preprimary + Primary + Ordinal Level,50.47393417358398,1.0,1,1.0,58.0,0.0,84.00153216633825,2.0
511407,GS MABARE,East,Rwamagana,Rubona,RURAL,GOVERNMENT_AIDED,Preprimary + Primary + Ordinal Level + General upper secondary,51.75983428955078,1.0,1,0.0,58.0,0.0,81.2016199259244,1.0
511408,GS NAWE,East,Rwamagana,Rubona,RURAL,GOVERNMENT_AIDED,Preprimary + Primary + Ordinal Level + General upper secondary,54.60526275634766,1.0,1,1.0,58.0,0.0,79.7078303541097,2.0
511409,GS RUBONA,East,Rwamagana,Rubona,RURAL,GOVERNMENT_AIDED,Preprimary + Primary + Ordinal Level + General upper secondary,75.9285659790039,1.0,1,1.0,58.0,0.0,79.41012541656244,2.0
520104,GS MUKAMA,East,Nyagatare,GATUNDA,RURAL,PUBLIC,Preprimary + Primary + Ordinal Level + General upper secondary,32.81807327270508,1.0,1,0.0,64.0,0.0,75.97845594035815,2.0
520105,GS MUTUMBA,East,Nyagatare,GATUNDA,RURAL,PUBLIC,Preprimary + Primary + Ordinal Level + General upper secondary,33.29032516479492,1.0,1,1.0,64.0,0.0,80.2210712859167,1.0
520106,GS RWEBARE,East,Nyagatare,GATUNDA,RURAL,PUBLIC,Preprimary + Primary + Ordinal Level + General upper secondary,44.65154266357422,1.0,1,1.0,64.0,0.0,75.4811444571069,2.0
520107,G S KARAMBI,East,Nyagatare,GATUNDA,RURAL,PUBLIC,Preprimary + Primary + Ordinal Level + General upper secondary,57.54310607910156,1.0,1,0.0,64.0,0.0,74.61723245134765,2.0
520110,GS RWENSHEKE,East,Nyagatare,GATUNDA,RURAL,GOVERNMENT_AIDED,Preprimary + Primary + Ordinal Level,45.23809432983398,1.0,1,1.0,58.0,0.0,72.958711162588,2.0
520111,UMUTARA DEAF SCHOOL,East,Nyagatare,GATUNDA,RURAL,PRIVATE,Preprimary + Primary + TVET,42.45283126831055,1.0,1,0.0,32.0,0.0,,
520112,GS REBERO,East,Nyagatare,GATUNDA,RURAL,PUBLIC,Preprimary + Primary + Ordinal Level,63.41463470458984,1.0,1,0.0,64.0,1.0,74.1631019060126,2.0
520113,GS CYAGAJU,East,Nyagatare,GATUNDA,RURAL,PUBLIC,Preprimary + Primary + Ordinal Level,45.42683029174805,1.0,1,0.0,64.0,1.0,84.2135109008828,1.0
520114,NYAMIREMBE Primary School,East,Nyagatare,GATUNDA,RURAL,PUBLIC,Preprimary + Primary,42.20430374145508,1.0,1,0.0,64.0,0.0,81.2682263034888,1.0
520116,EP NYARUREMA,,,,,,,38.72180557250977,,0,,,,83.8993626322038,1.0
520201,GS BUSHARA,East,Nyagatare,KARAMA,RURAL,PUBLIC,Preprimary + Primary + Ordinal Level + General upper secondary,62.2047233581543,1.0,0,1.0,64.0,0.0,68.53908109870099,2.0
520202,G S KABUGA,,,,,,,68.72852325439453,,0,,,,76.2889133670707,2.0
520203,GS GIKAGATI,East,Nyagatare,KARAMA,RURAL,PUBLIC,Preprimary + Primary + Ordinal Level + General upper secondary,58.07692337036133,1.0,1,0.0,64.0,0.0,70.48289035615095,2.0
520204,GS NDEGO  TSS,East,Nyagatare,KARAMA,RURAL,PUBLIC,Preprimary + Primary + Ordinal Level + TVET + TVET,46.9653205871582,1.0,1,0.0,64.0,0.0,84.9619969745546,1.0
520206,GIKUNDAMVURA PS,East,Nyagatare,KARAMA,RURAL,PUBLIC,Preprimary + Primary,43.55179595947266,1.0,1,0.0,64.0,1.0,80.2530478955007,1.0
520207,CYENKWANZI PS,East,Nyagatare,KARAMA,RURAL,PUBLIC,Preprimary + Primary,45.97701263427734,1.0,1,0.0,64.0,0.0,77.0344104410858,1.0
520304,AKAYANGE PS,,,,,,,78.94737243652344,,0,,,,70.0260651247718,1.0
520306,GS MUSENYI,East,Nyagatare,KARANGAZI,RURAL,PUBLIC,Preprimary + Primary + Ordinal Level + General upper secondary,41.87192153930664,1.0,1,0.0,64.0,0.0,66.3894470563046,1.0
520309,GS RUBAGABAGA,East,Nyagatare,KARANGAZI,RURAL,PUBLIC,Preprimary + Primary + Ordinal Level + General upper secondary,44.64285659790039,1.0,1,1.0,64.0,0.0,74.5611725100414,1.0
520310,KABIRIZI PS,,,,,,,65.03759765625,,0,,,,72.0236623486342,1.0
520311,GS RWISIRABO,East,Nyagatare,KARANGAZI,RURAL,PUBLIC,Preprimary + Primary + Ordinal Level + General upper secondary,54.83871078491211,1.0,1,1.0,64.0,0.0,81.62358224652425,2.0
520313,GS KAMATE,,,,,,,38.41059494018555,,0,,,,58.348075544302,1.0
520319,KARANGAZI PRIMARY SCHOOL,,,,,,,40.68965530395508,,0,,,,68.7675123236444,1.0
520321,GS KIZIRAKOME,East,Nyagatare,KARANGAZI,RURAL,PUBLIC,Primary + Ordinal Level,54.44444274902344,1.0,1,1.0,64.0,0.0,64.8432788559444,2.0
520340,Kairos Nursey and Primary,,,,,,,73.33333587646484,,0,,,,68.4188679245283,1.0
520349,GS Rwabiharamba,East,Nyagatare,KARANGAZI,RURAL,PUBLIC,Preprimary + Primary + Ordinal Level + General upper secondary,67.94871520996094,1.0,1,1.0,64.0,0.0,78.5547247568679,1.0
520350,GS NDAMA,,,,,,,66.77489471435547,,0,,,,74.6688771117175,1.0
520351,GS SHIMWAPAUL,East,Nyagatare,KARANGAZI,RURAL,PUBLIC,Preprimary + Primary + Ordinal Level + General upper secondary,54.74254608154297,1.0,1,1.0,64.0,0.0,83.2996864486103,1.0
520352,KARAMA I PS,,,,,,,69.66292572021484,,0,,,,74.2576770080699,1.0
520357,KARAMA II PS,,,,,,,77.0053482055664,,0,,,,60.5406322409798,1.0
520358,NKOMA PS,,,,,,,69.28783416748047,,0,,,,80.7768867924528,1.0
520360,IMBONI PS,,,,,,,67.61006164550781,,0,,,,,
520362,UMUCYO PS,,,,,,,74.11764526367188,,0,,,,77.9024109014675,1.0
520364,INDATWA PS,,,,,,,78.37837982177734,,0,,,,64.1403189577718,1.0
520402,GS KATABAGEMU,,,,,,,62.37942123413086,,0,,,,81.0754294235194,1.0
520403,GS NYAKIGANDO  TSS,East,Nyagatare,KATABAGEMU,RURAL,PUBLIC,Preprimary + Primary + Ordinal Level + General upper secondary + TVET,71.95767211914062,1.0,1,0.0,64.0,0.0,78.26466625835644,2.0
520404,GS RUTOMA,,,,,,,67.464111328125,,0,,,,66.98362322196115,2.0
520410,G S RUBIRA,East,Nyagatare,KATABAGEMU,RURAL,GOVERNMENT_AIDED,Preprimary + Primary + Ordinal Level,55.85366058349609,1.0,1,1.0,58.0,0.0,69.38506059949461,2.0
520417,G S KADUHA,,,,,,,75.7879638671875,,0,,,,74.7946944565816,1.0
520424,GS NEZERWA,,,,,,,34.38735198974609,,0,,,,78.7498507371952,1.0
520425,GS UMUBANO,East,Nyagatare,KATABAGEMU,RURAL,PUBLIC,Preprimary + Primary + Ordinal Level,27.04918098449707,1.0,1,1.0,64.0,0.0,76.614004366927,1.0
520426,GS URUGWIRO,,,,,,,35.95890426635742,,0,,,,76.5621706899176,1.0
520427,IREMBO PS,,,,,,,57.69230651855469,,0,,,,,
520428,UMURAGE PS,,,,,,,88.5350341796875,,0,,,,76.8416068998492,1.0
520501,G S CYONDO,East,Nyagatare,KIYOMBE,RURAL,PUBLIC,Preprimary + Primary + Ordinal Level,39.44444274902344,1.0,1,1.0,64.0,0.0,82.97080951701696,2.0
520502,GSGITENGA,East,Nyagatare,KIYOMBE,RURAL,PUBLIC,Preprimary + Primary + Ordinal Level,49.43820190429688,1.0,1,0.0,64.0,0.0,69.9880779277792,2.0
520503,GSKABAREII,East,Nyagatare,KIYOMBE,RURAL,GOVERNMENT_AIDED,Preprimary + Primary + Ordinal Level + General upper secondary,48.47715759277344,1.0,1,1.0,58.0,0.0,72.6345146300431,2.0
520505,KIYOMBE PS,East,Nyagatare,KIYOMBE,RURAL,GOVERNMENT_AIDED,Preprimary + Primary,74.46807861328125,1.0,1,0.0,58.0,0.0,,
520506,GS NKANA,East,Nyagatare,KIYOMBE,RURAL,PUBLIC,Preprimary + Primary + Ordinal Level,54.31893539428711,1.0,1,0.0,64.0,0.0,81.1985556813263,1.0
520507,TOVU,East,Nyagatare,KIYOMBE,RURAL,PUBLIC,Preprimary + Primary,39.62848281860352,1.0,1,0.0,64.0,1.0,75.8274997721265,1.0
520604,GS KAGITUMBA,East,Nyagatare,MATIMBA,RURAL,PUBLIC,Preprimary + Primary + Ordinal Level + General upper secondary,38.91213607788086,1.0,1,1.0,64.0,0.0,84.3343269810232,1.0
520610,GS MITAYAYO,East,Nyagatare,MATIMBA,RURAL,PUBLIC,Preprimary + Primary + Ordinal Level,62.79682922363281,1.0,1,0.0,64.0,0.0,72.326277286,1.0
520613,GS NTOMA,East,Nyagatare,MATIMBA,RURAL,PUBLIC,Preprimary + Primary + Ordinal Level + General upper secondary,63.32378387451172,1.0,1,0.0,64.0,0.0,75.12549937715156,2.0
520615,RWENTANGA PS,East,Nyagatare,MATIMBA,RURAL,PUBLIC,Preprimary + Primary,50.7042236328125,1.0,1,0.0,64.0,0.0,,
520629,GS MATIMBA,East,Nyagatare,MATIMBA,URBAN,PUBLIC,Preprimary + Primary + Ordinal Level + General upper secondary,58.73362350463867,1.0,1,1.0,64.0,0.0,77.3654935698931,1.0
520631,NYABWISHONGWEZI PS,,,,,,,65.46112060546875,,0,,,,71.6099988015403,1.0
520701,GS ISANGANO,East,Nyagatare,MIMURI,RURAL,PUBLIC,Preprimary + Primary + Ordinal Level,29.96515655517578,1.0,1,1.0,64.0,0.0,82.6080923237711,1.0
520703,GS CYABAYAGA  TSS,East,Nyagatare,MIMURI,RURAL,PUBLIC,Preprimary + Primary + Ordinal Level + General upper secondary + TVET,49.05660629272461,1.0,1,1.0,64.0,0.0,81.06292915038131,2.0
520704,GS GAKOMA,East,Nyagatare,MIMURI,RURAL,PUBLIC,Preprimary + Primary + Ordinal Level + General upper secondary + TVET,52.5125617980957,1.0,1,0.0,64.0,1.0,75.7336285902045,1.0
520706,GS MAHWA,East,Nyagatare,MIMURI,RURAL,PUBLIC,Preprimary + Primary + Ordinal Level,47.84205627441406,1.0,1,1.0,64.0,0.0,80.359623297884,2.0
520708,MIMULI ADVENTIST PRIMARY SCHOOL,East,Nyagatare,MIMURI,RURAL,PRIVATE,Preprimary + Primary,92.59259033203125,1.0,1,0.0,32.0,0.0,,
520710,G S NYARUZIBA,East,Nyagatare,MIMURI,RURAL,PUBLIC,Preprimary + Primary + Ordinal Level,64.30062866210938,1.0,1,1.0,64.0,0.0,77.33506432305714,2.0
520711,GS INDANGAMIRWA,East,Nyagatare,MIMURI,RURAL,PUBLIC,Preprimary + Primary + Ordinal Level,40.23769378662109,1.0,1,1.0,64.0,0.0,84.9104553029081,1.0
520712,IMENA PS,East,Nyagatare,MIMURI,RURAL,PUBLIC,Preprimary + Primary,75.56390380859375,1.0,1,0.0,64.0,1.0,81.7108490566038,1.0
520801,GS BUFUNDA,East,Nyagatare,MUKAMA,RURAL,PUBLIC,Preprimary + Primary + Ordinal Level + General upper secondary + TVET,72.03539276123047,1.0,0,1.0,64.0,0.0,83.5250818161349,1.0
520802,GS NYAKAGARAMA I,,,,,,,42.76315689086914,,0,,,,78.4550853052533,2.0
520803,EP GASHAHI,East,Nyagatare,MUKAMA,RURAL,GOVERNMENT_AIDED,Preprimary + Primary,60.4395637512207,,1,0.0,58.0,0.0,78.7470649895178,1.0
520804,GS GISHORORO,East,Nyagatare,MUKAMA,RURAL,PUBLIC,Preprimary + Primary + Ordinal Level + General upper secondary,50.09940338134766,1.0,1,1.0,64.0,1.0,82.3031959689647,1.0
520805,GS HUNGA,East,Nyagatare,MUKAMA,RURAL,GOVERNMENT_AIDED,Preprimary + Primary + Ordinal Level + General upper secondary,52.04917907714844,1.0,0,1.0,58.0,0.0,76.724820199794,2.0
520806,EP KABONGOYA,,,,,,,48.9361686706543,,0,,,,72.1504142242624,1.0
520807,EP RUGARAMA I,,,,,,,57.80780792236328,,0,,,,83.8096718271247,1.0
520808,EP KAGINA,East,Nyagatare,MUKAMA,RURAL,PUBLIC,Preprimary + Primary,33.52941131591797,1.0,1,0.0,64.0,0.0,74.5406085330614,1.0
520809,GS GIHENGERI,East,Nyagatare,MUKAMA,RURAL,PUBLIC,Preprimary + Primary + Ordinal Level,48.10126876831055,1.0,1,1.0,64.0,0.0,73.3358421452761,1.0
520904,GS NYAMIYONGA,,,,,,,73.46939086914062,,0,,,,63.8772594853012,1.0
520907,G S KIJOJO,,,,,,,31.9727897644043,,0,,,,81.1164672393243,1.0
520910,UMUCYO NUSERY SCHOOL,,,,,,,100.0,,0,,,,,
520915,REBERO II PS,East,Nyagatare,MUSHERI,RURAL,PUBLIC,Preprimary + Primary,56.03448104858398,1.0,1,0.0,64.0,0.0,81.3017621567725,1.0
520919,HUMURE PS P,,,,,,,43.36283111572266,,0,,,,78.0179093125095,1.0
521003,G S BURUMBA,East,Nyagatare,NYAGATARE,RURAL,PUBLIC,Preprimary + Primary + Ordinal Level,53.17460250854492,1.0,1,1.0,64.0,0.0,63.95607692547689,2.0
521006,GS NYAGATARE,East,Nyagatare,NYAGATARE,URBAN,PUBLIC,Preprimary + Primary + Ordinal Level + General upper secondary + Proffessional Secondary,51.91257095336914,1.0,1,1.0,64.0,0.0,82.1037966438157,1.0
521007,GS GAKIRAGE,East,Nyagatare,NYAGATARE,RURAL,PUBLIC,Preprimary + Primary + Ordinal Level,47.13513565063477,1.0,1,0.0,64.0,0.0,84.2725362499179,1.0
521017,G S NKERENKE,East,Nyagatare,NYAGATARE,RURAL,PUBLIC,Preprimary + Primary + Ordinal Level,69.5386734008789,1.0,1,1.0,64.0,0.0,74.9407592344471,1.0
521019,NSHEKE,East,Nyagatare,NYAGATARE,URBAN,PUBLIC,Preprimary + Primary,53.7396125793457,1.0,1,0.0,64.0,1.0,,
521022,RUGENDO PS,East,Nyagatare,NYAGATARE,RURAL,PUBLIC,Preprimary + Primary,57.34071731567383,1.0,1,0.0,64.0,0.0,72.0578214906998,1.0
521023,RUTARAKA PRIMARY SCHOOL,East,Nyagatare,NYAGATARE,RURAL,PUBLIC,Preprimary + Primary,50.0,1.0,1,0.0,64.0,0.0,74.425218142671,1.0
521026,MORNING STAR,East,Nyagatare,NYAGATARE,URBAN,PRIVATE,Preprimary + Primary,90.8396987915039,1.0,1,0.0,32.0,0.0,,
521045,St PAUL NURSERY AND PRIMARY SCHOOL,East,Nyagatare,NYAGATARE,RURAL,PRIVATE,Preprimary + Primary,88.67924499511719,1.0,1,0.0,32.0,0.0,,
521054,G S RUHUHA,East,Nyagatare,NYAGATARE,RURAL,PUBLIC,Preprimary + Primary + Ordinal Level,31.07426071166992,1.0,0,1.0,64.0,0.0,76.7836265320875,1.0
521055,KABARE PS,,,,,,,31.76470756530762,,0,,,,77.9558001397624,1.0
521056,KIBOGA PS,East,Nyagatare,NYAGATARE,RURAL,PUBLIC,Preprimary + Primary,50.21644973754883,1.0,1,0.0,64.0,0.0,77.1330919255448,1.0
521069,ALPHA ACADEMY NURSERY AND PRIMARY SCHOOL,East,Nyagatare,NYAGATARE,RURAL,PRIVATE,Preprimary + Primary,66.01941680908203,1.0,1,0.0,32.0,0.0,,
521102,GS NYAKAGARAMA,East,Nyagatare,RUKOMO,RURAL,PUBLIC,Preprimary + Primary + Ordinal Level,23.67601203918457,1.0,1,1.0,64.0,0.0,76.7635513862372,1.0
521103,GS RUKOMO,East,Nyagatare,RUKOMO,RURAL,PUBLIC,Preprimary + Primary + Ordinal Level + General upper secondary + TVET,49.34497833251953,1.0,1,0.0,64.0,1.0,81.81952751617581,2.0
521104,GS RURENGE,East,Nyagatare,RUKOMO,RURAL,GOVERNMENT_AIDED,Preprimary + Primary + Ordinal Level + General upper secondary,58.11965942382812,1.0,1,1.0,58.0,0.0,80.67942900487989,2.0
521106,SAINT ANNE PS,East,Nyagatare,RUKOMO,RURAL,PRIVATE,Preprimary + Primary + Ordinal Level,97.79005432128906,1.0,1,1.0,32.0,0.0,,
521107,GS NYAMIRAMBO,,,,,,,42.125,,0,,,,75.9929291431726,1.0
521108,G S RUKOMO II,East,Nyagatare,RUKOMO,RURAL,PUBLIC,Preprimary + Primary + Ordinal Level,62.84329223632812,1.0,1,1.0,64.0,0.0,77.353114460041,1.0
521109,GASHENYI PS,East,Nyagatare,RUKOMO,RURAL,PUBLIC,Preprimary + Primary,69.8689956665039,1.0,1,0.0,64.0,0.0,80.110099177552,1.0
521110,GS GAHURURA,East,Nyagatare,RUKOMO,RURAL,PUBLIC,Preprimary + Primary + Ordinal Level,35.86956405639648,1.0,1,1.0,64.0,0.0,86.7094936348189,1.0
521112,RUREMBO PS,,,,,,,47.18416976928711,,0,,,,70.0189489840661,1.0
521201,CYENJOJO PS,East,Nyagatare,RWEMPASHA,RURAL,PUBLIC,Preprimary + Primary,49.71098327636719,1.0,0,1.0,64.0,0.0,69.1165094339623,1.0
521205,GICWAMBA PS,,,,,,,29.62962913513184,,0,,,,,
521206,GS BWEYA,East,Nyagatare,RWEMPASHA,RURAL,PUBLIC,Preprimary + Primary + Ordinal Level + General upper secondary,16.35220146179199,1.0,0,1.0,64.0,0.0,61.2084177596513,1.0
521207,GS KABARE I,East,Nyagatare,RWEMPASHA,RURAL,PUBLIC,Preprimary + Primary + Ordinal Level + TVET,45.0704231262207,1.0,1,1.0,64.0,0.0,70.8015025059051,1.0
521208,GS RWEMPASHA,,,,,,,57.59999847412109,,0,,,,71.40934872099545,2.0
521209,KAZAZA PS,East,Nyagatare,RWEMPASHA,RURAL,PUBLIC,Preprimary + Primary,67.61363983154297,1.0,1,0.0,64.0,0.0,79.0286889211417,1.0
521210,MASHAKA PS,East,Nyagatare,RWEMPASHA,RURAL,PUBLIC,Preprimary + Primary,87.16813659667969,1.0,1,0.0,64.0,0.0,84.1387316561845,1.0
521211,GS NYENDO,East,Nyagatare,RWEMPASHA,RURAL,PUBLIC,Preprimary + Primary + Ordinal Level + General upper secondary,48.48484802246094,1.0,1,1.0,64.0,0.0,71.1158934545936,1.0
521220,GICWAMBA BLESSING,,,,,,,70.73170471191406,,0,,,,,
521226,GS KAZAZA ll,East,Nyagatare,RWEMPASHA,RURAL,PUBLIC,Preprimary + Primary + Ordinal Level,56.55737686157227,,1,0.0,64.0,0.0,68.4460540412707,1.0
521230,BUBARE PS,East,Nyagatare,RWEMPASHA,RURAL,PUBLIC,Preprimary + Primary,54.54545593261719,1.0,1,0.0,64.0,0.0,73.0993525712172,1.0
521231,GS MASHAKA,,,,,,,29.45205497741699,,0,,,,71.6010512563425,1.0
521233,URUMURI PS,East,Nyagatare,RWEMPASHA,RURAL,PUBLIC,Preprimary + Primary,80.30303192138672,1.0,1,0.0,64.0,0.0,65.4165094339623,1.0
521302,CHRISTIAN LIFE ACADEMY,East,Nyagatare,RWIMIYAGA,RURAL,PRIVATE,Preprimary + Primary,98.9795913696289,,1,0.0,32.0,0.0,,
521303,GS BWERA,,,,,,,41.66666412353516,,0,,,,84.0415950237537,1.0
521304,GS GAKAGATI,,,,,,,70.55555725097656,,0,,,,77.4146752309293,1.0
521305,GS GATEBE,,,,,,,44.32432174682617,,0,,,,66.2449013612308,1.0
521306,GS GACUNDEZI,East,Nyagatare,RWIMIYAGA,RURAL,PUBLIC,Preprimary + Primary + Ordinal Level + General upper secondary,53.64706039428711,1.0,1,1.0,64.0,0.0,80.1205858905247,1.0
521307,GS KABEZA,East,Nyagatare,RWIMIYAGA,RURAL,GOVERNMENT_AIDED,Preprimary + Primary + Ordinal Level + Proffessional Secondary,45.73643493652344,1.0,1,1.0,58.0,0.0,76.28323901544044,2.0
521308,GS NYARUPFUBIRE,,,,,,,29.4252872467041,,0,,,,59.4086241370814,1.0
521309,GS RWIMIYAGA,East,Nyagatare,RWIMIYAGA,URBAN,PUBLIC,Preprimary + Primary + Ordinal Level + General upper secondary,67.73778533935547,1.0,1,1.0,64.0,1.0,69.8116521748808,1.0
521310,MARY HILL ACADEMY,East,Nyagatare,RWIMIYAGA,RURAL,PRIVATE,Preprimary + Primary,100.0,,1,0.0,32.0,0.0,,
521328,GS KANOMBE ll,East,Nyagatare,RWIMIYAGA,RURAL,PUBLIC,Preprimary + Primary + Ordinal Level,38.20224761962891,,1,0.0,64.0,1.0,79.8058411569896,1.0
521329,GS NYAKAGANDO,East,Nyagatare,RWIMIYAGA,RURAL,PUBLIC,Primary + Ordinal Level,43.05732727050781,1.0,1,0.0,64.0,0.0,76.4703419422907,1.0
521330,GS NYENYERI,,,,,,,82.2085952758789,,0,,,,80.0171043713079,1.0
521331,RUBIRA  II PS,,,,,,,38.38862609863281,,0,,,,68.4301619162318,1.0
521332,GAKAGATI I PS,,,,,,,62.03904724121094,,0,,,,80.6572060829922,1.0
521353,KIREBE PS,,,,,,,76.42857360839844,,0,,,,78.2665094339623,1.0
521401,GS RUNYINYA,East,Nyagatare,TABAGWE,RURAL,PUBLIC,Preprimary + Primary + Ordinal Level + General upper secondary,53.92404937744141,1.0,1,0.0,64.0,0.0,65.9343114333972,2.0
521402,GS SHONGA,East,Nyagatare,TABAGWE,RURAL,PUBLIC,Preprimary + Primary + Ordinal Level + General upper secondary,44.24379348754883,1.0,1,1.0,64.0,0.0,73.6897860812727,1.0
521403,GS TABAGWE,East,Nyagatare,TABAGWE,RURAL,PUBLIC,Preprimary + Primary + Ordinal Level + General upper secondary,70.64220428466797,1.0,1,1.0,64.0,0.0,87.5101953637506,2.0
521404,G S KABIRIZI,East,Nyagatare,TABAGWE,RURAL,PUBLIC,Preprimary + Primary + Ordinal Level,46.9444465637207,,1,0.0,64.0,0.0,81.52583947933334,2.0
521405,Nyabitekeri PS,,,,,,,53.38027954101562,,0,,,,76.0360672570915,1.0
521406,G S NYAGASIGATI,East,Nyagatare,TABAGWE,RURAL,PUBLIC,Preprimary + Primary + Ordinal Level,28.31325149536133,1.0,1,1.0,64.0,0.0,73.6539402552256,1.0
521413,GS NYAGATOMA,East,Nyagatare,TABAGWE,RURAL,PUBLIC,Preprimary + Primary + Ordinal Level,55.75326156616211,,1,0.0,64.0,0.0,72.2747582078503,1.0
521414,KIGANDO   PS,East,Nyagatare,TABAGWE,RURAL,PUBLIC,Preprimary + Primary,40.49843978881836,1.0,1,0.0,64.0,0.0,79.8536360767341,1.0
521415,GISHURO PS,East,Nyagatare,TABAGWE,RURAL,GOVERNMENT_AIDED,Preprimary + Primary,66.10169219970703,1.0,1,0.0,58.0,0.0,66.3179226893229,1.0
521419,RUTARE PS,,,,,,,51.57894515991211,,0,,,,80.7067268252666,1.0
530101,GROUPE SCOLAIRE GASANGE,East,Gatsibo,Gasange,RURAL,GOVERNMENT_AIDED,Preprimary + Primary + Ordinal Level + General upper secondary,76.85873413085938,1.0,1,1.0,58.0,0.0,68.64561242671375,2.0
530103,GAHARA AEBR PS,East,Gatsibo,Gasange,RURAL,GOVERNMENT_AIDED,Preprimary + Primary,73.46939086914062,1.0,1,0.0,58.0,1.0,57.7515203565703,1.0
530104,GROUPE SCOLAIRE GATEGERO,East,Gatsibo,Gasange,RURAL,GOVERNMENT_AIDED,Preprimary + Primary + Ordinal Level,43.16069030761719,1.0,1,1.0,58.0,0.0,62.3251075783498,1.0
530106,GS Viro,East,Gatsibo,Gasange,RURAL,PUBLIC,Preprimary + Primary + Ordinal Level,65.31100463867188,1.0,1,1.0,64.0,0.0,65.084046637307,1.0
530107,GS GIHETA  TSS,East,Gatsibo,Gasange,RURAL,PUBLIC,Preprimary + Primary + Ordinal Level + TVET,77.1962661743164,1.0,1,1.0,64.0,0.0,73.17261500606625,2.0
530203,GS Mugera,East,Gatsibo,Gatsibo,RURAL,GOVERNMENT_AIDED,Preprimary + Primary + Ordinal Level,44.71831130981445,1.0,1,0.0,58.0,1.0,62.73305435122531,2.0
530205,GS Gatsibo,East,Gatsibo,Gatsibo,RURAL,GOVERNMENT_AIDED,Preprimary + Primary + Ordinal Level + General upper secondary,50.1298713684082,1.0,1,1.0,58.0,0.0,68.41926187989495,2.0
530206,Manishya PS,East,Gatsibo,Gatsibo,RURAL,GOVERNMENT_AIDED,Preprimary + Primary,60.43360137939453,1.0,1,0.0,58.0,0.0,67.9338321405335,1.0
530209,Nyagahanga PS,East,Gatsibo,Gatsibo,RURAL,GOVERNMENT_AIDED,Preprimary + Primary,79.72972869873047,1.0,1,0.0,58.0,0.0,68.9556644847959,1.0
530212,GS NYABICWAMBA,East,Gatsibo,Gatsibo,RURAL,PUBLIC,Preprimary + Primary + Ordinal Level,56.12960052490234,1.0,1,1.0,64.0,0.0,66.8650543110121,2.0
530215,GS NYABIHEKE,East,Gatsibo,Gatsibo,RURAL,PUBLIC,Preprimary + Primary + Ordinal Level + General upper secondary,69.17040252685547,1.0,1,1.0,64.0,0.0,75.0309720173181,2.0
530220,NPS-INYENYERI MUGERA,East,Gatsibo,Gatsibo,RURAL,PRIVATE,Preprimary + Primary,94.0,1.0,1,0.0,32.0,0.0,,
530222,GS Gatungo,East,Gatsibo,Gatsibo,RURAL,PUBLIC,Preprimary + Primary + Ordinal Level,64.01383972167969,1.0,1,1.0,64.0,0.0,75.0951832637448,2.0
530223,Kamasapfu PS,,,,,,,60.00000381469727,,0,,,,73.978249475891,1.0
530224,Nyakibande PS,,,,,,,63.47438812255859,,0,,,,67.5958595387841,1.0
530225,GS Nyamuduha,East,Gatsibo,Gatsibo,RURAL,PUBLIC,Preprimary + Primary + Ordinal Level + General upper secondary,55.75221252441406,1.0,1,1.0,64.0,0.0,60.61015142786205,2.0
530301,GS Cyabusheshe,East,Gatsibo,Gitoki,RURAL,GOVERNMENT_AIDED,Preprimary + Primary + Ordinal Level,69.71428680419922,,1,1.0,58.0,0.0,74.60326212710685,2.0
530304,GS Nyakayaga,East,Gatsibo,Gitoki,RURAL,GOVERNMENT_AIDED,Preprimary + Primary + Ordinal Level,58.23699188232422,1.0,1,1.0,58.0,0.0,71.34857182282354,2.0
530305,GS Nyamirama,East,Gatsibo,Gitoki,RURAL,GOVERNMENT_AIDED,Preprimary + Primary + Ordinal Level + General upper secondary,47.95144271850586,1.0,1,1.0,58.0,1.0,70.40093578797345,2.0
530307,GS GAKIRI,East,Gatsibo,Gitoki,RURAL,GOVERNMENT_AIDED,Preprimary + Primary + Ordinal Level,51.99034881591797,1.0,1,0.0,58.0,0.0,70.95332822857775,2.0
530312,Mukarange GS,,,,,,,63.26034164428711,,0,,,,75.30969398296625,2.0
530317,GS Tsima,,,,,,,49.4505500793457,,0,,,,74.75051710877865,2.0
530318,GS KARUBUNGO,East,Gatsibo,Gitoki,RURAL,GOVERNMENT_AIDED,Preprimary + Primary + Ordinal Level + TVET,74.5794448852539,1.0,1,0.0,58.0,0.0,66.0912381730285,2.0
530322,Rushashi PS,East,Gatsibo,Gitoki,RURAL,PUBLIC,Preprimary + Primary,83.33332824707031,,1,0.0,64.0,0.0,70.6349464244119,1.0
530323,GS Isangano,East,Gatsibo,Gitoki,RURAL,PUBLIC,Preprimary + Primary + Ordinal Level + General upper secondary,58.29015350341797,1.0,1,1.0,64.0,0.0,70.6524649375868,2.0
530324,GS Kivuba,East,Gatsibo,Gitoki,RURAL,PUBLIC,Preprimary + Primary + Ordinal Level + General upper secondary,66.44444274902344,,1,0.0,64.0,0.0,72.38759719995615,2.0
530402,GS BIHINGA,East,Gatsibo,Kabarore,RURAL,PUBLIC,Preprimary + Primary + Ordinal Level + General upper secondary + Proffessional Secondary,72.77227783203125,1.0,1,0.0,64.0,0.0,72.46593233073361,2.0
530403,GS KIBONDO,East,Gatsibo,Kabarore,RURAL,PUBLIC,Preprimary + Primary + Ordinal Level + General upper secondary,73.2064437866211,1.0,1,0.0,64.0,0.0,78.98266628735475,2.0
530405,GS Gatoki,East,Gatsibo,Kabarore,RURAL,PUBLIC,Preprimary + Primary + Ordinal Level,59.25925827026367,1.0,1,0.0,64.0,0.0,69.12705816778146,2.0
530407,GS Ruhuha,East,Gatsibo,Kabarore,RURAL,PUBLIC,Preprimary + Primary + Ordinal Level,53.04709243774414,1.0,1,1.0,64.0,0.0,66.13780257918145,2.0
530411,GS Nyabikiri,East,Gatsibo,Kabarore,RURAL,PUBLIC,Preprimary + Primary + Ordinal Level + General upper secondary,49.33333587646484,1.0,1,1.0,64.0,0.0,66.37413247622385,2.0
530412,GS Nyarubuye,East,Gatsibo,Kabarore,RURAL,GOVERNMENT_AIDED,Preprimary + Primary + Ordinal Level,52.03883743286133,1.0,1,1.0,58.0,0.0,79.2931361766845,2.0
530416,GS SIMBWA,East,Gatsibo,Kabarore,RURAL,GOVERNMENT_AIDED,Preprimary + Primary + Ordinal Level,41.85185241699219,1.0,1,1.0,58.0,1.0,75.7084905660377,1.0
530417,GS KARENGE,East,Gatsibo,Kabarore,RURAL,PUBLIC,Preprimary + Primary + Ordinal Level,78.10218811035156,1.0,1,0.0,64.0,0.0,68.95804663145574,2.0
530418,GS NYABIKIRI MODEL,East,Gatsibo,Kabarore,RURAL,PUBLIC,Preprimary + Primary + Ordinal Level,66.58415985107422,1.0,1,0.0,64.0,0.0,70.5266820876796,2.0
530419,MARIMBA PRIMARY SCHOOL,East,Gatsibo,Kabarore,RURAL,PUBLIC,Preprimary + Primary,76.75585174560547,,1,0.0,64.0,0.0,70.7705411487305,1.0
530422,GS Rutenderi,East,Gatsibo,Kabarore,RURAL,PUBLIC,Preprimary + Primary + Ordinal Level,75.0,,1,1.0,64.0,0.0,79.1784747112704,2.0
530423,Kabarore Vision PS,East,Gatsibo,Kabarore,RURAL,PUBLIC,Preprimary + Primary,53.33333587646484,1.0,1,0.0,64.0,0.0,69.6526228488493,1.0
530424,Kabeza PS,East,Gatsibo,Kabarore,RURAL,PUBLIC,Preprimary + Primary,44.70588302612305,1.0,1,0.0,64.0,0.0,65.3661117434147,1.0
530425,Simbwa B PS,East,Gatsibo,Kabarore,RURAL,PUBLIC,Preprimary + Primary,61.63521957397461,,1,0.0,64.0,1.0,76.6732810058444,1.0
530426,GS Nyabikiri-Ngarama,East,Gatsibo,Kabarore,RURAL,PUBLIC,Preprimary + Primary + Ordinal Level,41.47509765625,1.0,1,0.0,64.0,0.0,74.8184947768281,1.0
530428,RUHUHA GREEN STAR FOUNDATION,,,,,,,54.54545593261719,,0,,,,,
530501,GISIZA EAR PRIMARY SCHOOL,East,Gatsibo,Kageyo,RURAL,GOVERNMENT_AIDED,Preprimary + Primary,63.8629264831543,1.0,1,0.0,58.0,1.0,70.5614779874214,1.0
530503,GS GITEBWE,East,Gatsibo,Kageyo,RURAL,GOVERNMENT_AIDED,Preprimary + Primary + Ordinal Level,67.8765869140625,1.0,1,0.0,58.0,0.0,73.40681413679124,1.0
530504,GS GITUZA,East,Gatsibo,Kageyo,RURAL,GOVERNMENT_AIDED,Preprimary + Primary + Ordinal Level,26.34146118164062,1.0,1,0.0,58.0,0.0,62.4676524044873,1.0
530506,GS Kageyo,East,Gatsibo,Kageyo,RURAL,GOVERNMENT_AIDED,Preprimary + Primary + Ordinal Level + General upper secondary,40.21352386474609,1.0,1,1.0,58.0,0.0,68.68473023232045,2.0
530507,GS Nyarubuye-Kageyo,East,Gatsibo,Kageyo,RURAL,GOVERNMENT_AIDED,Preprimary + Primary + Ordinal Level + General upper secondary,83.04597473144531,1.0,1,1.0,58.0,0.0,66.3798508965214,2.0
530508,GS Kintu,East,Gatsibo,Kageyo,RURAL,GOVERNMENT_AIDED,Preprimary + Primary + Ordinal Level,72.53885650634766,1.0,1,0.0,58.0,0.0,67.04637634858655,2.0
530509,Nyagisozi PS,,,,,,,70.62146759033203,,0,,,,70.4930678565309,1.0
530510,Busetsa PS,,,,,,,78.33333587646484,,0,,,,60.0704402515723,1.0
530511,Kinyana PS,,,,,,,66.94214630126953,,0,,,,56.9894977310072,1.0
530606,GS GAKENKE,East,Gatsibo,Kiramuruzi,RURAL,PUBLIC,Preprimary + Primary + Ordinal Level,47.82608795166016,1.0,1,0.0,64.0,0.0,61.831159944283,2.0
530607,Gakoni adventiste,East,Gatsibo,Kiramuruzi,RURAL,GOVERNMENT_AIDED,Preprimary + Primary,48.19277191162109,1.0,1,0.0,58.0,0.0,69.737478866572,1.0
530609,GS Nyabisindu,East,Gatsibo,Kiramuruzi,RURAL,GOVERNMENT_AIDED,Preprimary + Primary + Ordinal Level + General upper secondary,76.94703674316406,1.0,1,1.0,58.0,0.0,71.4236177462586,2.0
530611,GS KIRAMURUZI,East,Gatsibo,Kiramuruzi,RURAL,GOVERNMENT_AIDED,Preprimary + Primary + Ordinal Level,80.24390411376953,1.0,1,0.0,58.0,1.0,67.26687648508715,2.0
530612,GS Ntete,East,Gatsibo,Kiramuruzi,RURAL,PUBLIC,Preprimary + Primary + Ordinal Level,44.40154266357422,1.0,1,1.0,64.0,0.0,69.13572715638955,2.0
530616,GS GAKONI CATHOLIC,East,Gatsibo,Kiramuruzi,RURAL,GOVERNMENT_AIDED,Preprimary + Primary + Ordinal Level,61.59999847412109,1.0,1,0.0,58.0,0.0,57.6860891263643,2.0
530619,KIRAMRUZI MODERN SCHOOL,,,,,,,45.08196640014648,,0,,,,77.733071278826,1.0
530653,KARABA PRIMARY SCHOOL,East,Gatsibo,Kiramuruzi,RURAL,PUBLIC,Preprimary + Primary,74.89361572265625,1.0,1,0.0,64.0,0.0,79.3491709548313,1.0
530654,GS Akabuga,East,Gatsibo,Kiramuruzi,RURAL,GOVERNMENT_AIDED,Preprimary + Primary + Ordinal Level + General upper secondary,50.37878799438477,1.0,1,1.0,58.0,0.0,72.85738516472264,2.0
530655,Gashya PS,East,Gatsibo,Kiramuruzi,RURAL,PUBLIC,Preprimary + Primary,80.95238494873047,1.0,1,0.0,64.0,0.0,50.2063002293111,1.0
530702,GS KIZIGURO  TSS,East,Gatsibo,Kiziguro,RURAL,GOVERNMENT_AIDED,Preprimary + Primary + Ordinal Level + TVET,100.0,1.0,1,1.0,58.0,0.0,61.5514242570846,1.0
530703,GS RUBONA,East,Gatsibo,Kiziguro,RURAL,PUBLIC,Preprimary + Primary + Ordinal Level + General upper secondary,67.03296661376953,1.0,1,1.0,64.0,1.0,64.575328890027,2.0
530711,Murambi II PS,,,,,,,63.86093521118164,,0,,,,59.7576054520865,1.0
530714,GS GISHYA,East,Gatsibo,Kiziguro,RURAL,PUBLIC,Preprimary + Primary + Ordinal Level,73.49607849121094,1.0,1,1.0,64.0,0.0,69.67752365963115,2.0
530715,GS GORORA,East,Gatsibo,Kiziguro,RURAL,GOVERNMENT_AIDED,Preprimary + Primary + Ordinal Level,44.07252502441406,1.0,1,1.0,58.0,0.0,74.4790295927185,1.0
530717,GS MULINGA,East,Gatsibo,Kiziguro,RURAL,GOVERNMENT_AIDED,Preprimary + Primary + Ordinal Level,73.17756652832031,1.0,1,0.0,58.0,1.0,80.45092399992879,2.0
530718,RUKUNGU PRIMARY SCHOOL,East,Gatsibo,Kiziguro,RURAL,PUBLIC,Preprimary + Primary,70.0,,1,0.0,64.0,0.0,,
530719,GS Ryarubamba,East,Gatsibo,Kiziguro,RURAL,PUBLIC,Preprimary + Primary + Ordinal Level,50.45207595825195,1.0,1,1.0,64.0,1.0,75.3797437679985,1.0
530721,Agakomeye PS,East,Gatsibo,Kiziguro,RURAL,PUBLIC,Preprimary + Primary,76.15062713623047,1.0,1,0.0,64.0,0.0,61.6193118756937,1.0
530801,Mamfu EAR PS,East,Gatsibo,Muhura,RURAL,GOVERNMENT_AIDED,Preprimary + Primary,62.64150619506836,1.0,1,0.0,58.0,0.0,74.9165365430492,1.0
530802,G S Mamfu Cath,East,Gatsibo,Muhura,RURAL,GOVERNMENT_AIDED,Preprimary + Primary + Ordinal Level + General upper secondary,56.95793151855469,1.0,1,1.0,58.0,0.0,66.8000900750811,2.0
530803,GS BibareMuhura,East,Gatsibo,Muhura,RURAL,GOVERNMENT_AIDED,Preprimary + Primary + Ordinal Level + General upper secondary,79.58477783203125,1.0,1,1.0,58.0,0.0,70.1656506764587,1.0
530805,GS Muhura  Taba,,,,,,,51.44230651855469,,0,,,,63.2991008721969,1.0
530807,MERE DE LA DIVINE PROVIDENCE NS,East,Gatsibo,Muhura,RURAL,PRIVATE,Preprimary + Primary + Ordinal Level,94.81481170654297,1.0,1,0.0,32.0,0.0,,
530810,Muhura EAR PRIMARY SCHOOL,East,Gatsibo,Muhura,RURAL,GOVERNMENT_AIDED,Preprimary + Primary,78.06874084472656,1.0,1,0.0,58.0,0.0,78.3278498032218,1.0
530812,Muhura Catholic PS,East,Gatsibo,Muhura,RURAL,GOVERNMENT_AIDED,Preprimary + Primary,37.12121200561523,1.0,1,0.0,58.0,1.0,60.3568134171908,1.0
530814,RUMULI PS,East,Gatsibo,Muhura,RURAL,PUBLIC,Preprimary + Primary,86.76470184326172,1.0,1,0.0,64.0,0.0,50.6878248357103,1.0
530818,Agasharu PS,East,Gatsibo,Muhura,RURAL,PUBLIC,Preprimary + Primary,66.21621704101562,,1,0.0,64.0,0.0,59.8856194469402,1.0
530819,Gakorokombe PS,East,Gatsibo,Muhura,RURAL,PUBLIC,Preprimary + Primary,74.29718780517578,1.0,1,0.0,64.0,0.0,63.6907333623982,1.0
530820,GS Karama,East,Gatsibo,Muhura,RURAL,PUBLIC,Preprimary + Primary + Ordinal Level,68.98551177978516,1.0,1,1.0,64.0,0.0,70.82683484033029,2.0
530901,GS Rwimitereri,,,,,,,38.93805313110352,,0,,,,65.99463135553755,2.0
530902,GS Gitaburaza,,,,,,,45.79945755004883,,0,,,,47.5755294738656,2.0
530903,GS Murambi I,East,Gatsibo,Murambi,RURAL,PUBLIC,Preprimary + Primary + Ordinal Level,45.08816146850586,1.0,1,0.0,64.0,0.0,68.3590737780558,2.0
530904,Nyamiyaga PS,East,Gatsibo,Murambi,RURAL,PUBLIC,Preprimary + Primary,46.62162017822266,1.0,1,0.0,64.0,0.0,69.8671383647799,1.0
530906,GS RWANKUBA,East,Gatsibo,Murambi,RURAL,GOVERNMENT_AIDED,Preprimary + Primary + Ordinal Level,37.95309066772461,1.0,1,0.0,58.0,1.0,65.2001792376647,2.0
530907,GS NYAGATOVU,East,Gatsibo,Murambi,RURAL,PUBLIC,Preprimary + Primary + Ordinal Level,51.20000076293945,,1,0.0,64.0,0.0,68.2298735322531,2.0
530909,Byimana PS,East,Gatsibo,Murambi,RURAL,PUBLIC,Preprimary + Primary,61.47186279296875,1.0,1,0.0,64.0,0.0,,
531003,GS BIBARE  NGARAMA,East,Gatsibo,Ngarama,URBAN,GOVERNMENT_AIDED,Preprimary + Primary + Ordinal Level,68.47432708740234,,1,1.0,58.0,1.0,70.1343910356371,2.0
531004,GS BUSHYANGUHE,East,Gatsibo,Ngarama,RURAL,GOVERNMENT_AIDED,Preprimary + Primary + Ordinal Level + General upper secondary,66.53144073486328,1.0,1,1.0,58.0,0.0,57.35306056843355,2.0
531005,IMMACULEE CONCEPTION,East,Gatsibo,Ngarama,URBAN,PRIVATE,Preprimary + Primary,100.0,1.0,1,0.0,32.0,0.0,,
531006,NGARAMA PS ADEPR,East,Gatsibo,Ngarama,RURAL,GOVERNMENT_AIDED,Preprimary + Primary,72.03742218017578,1.0,1,0.0,58.0,0.0,67.8111974866655,1.0
531010,NYARURAMBI PS,East,Gatsibo,Ngarama,RURAL,GOVERNMENT_AIDED,Preprimary + Primary,28.22966575622559,1.0,1,0.0,58.0,0.0,71.3116634075014,1.0
531011,BUGAMBA PS,,,,,,,52.38095474243164,,0,,,,68.2528309689904,1.0
531013,GS Nyarubungo,East,Gatsibo,Ngarama,RURAL,PUBLIC,Preprimary + Primary + Ordinal Level,47.36842346191406,1.0,1,1.0,64.0,1.0,68.04022220996416,2.0
531015,GS Burambira,East,Gatsibo,Ngarama,RURAL,PUBLIC,Preprimary + Primary + Ordinal Level,64.55398559570312,,1,0.0,64.0,0.0,73.0910070585541,2.0
531101,GS GIHENGERI,East,Gatsibo,Nyagihanga,RURAL,PUBLIC,Preprimary + Primary + Ordinal Level + General upper secondary,47.33606719970703,1.0,1,1.0,64.0,0.0,66.0681251564921,2.0
531103,GS Gishikiri,East,Gatsibo,Nyagihanga,RURAL,PUBLIC,Preprimary + Primary + Ordinal Level,64.31227111816406,1.0,1,0.0,64.0,1.0,69.7413468331458,1.0
531104,GITINDA PS,East,Gatsibo,Nyagihanga,RURAL,GOVERNMENT_AIDED,Preprimary + Primary,49.24924850463867,1.0,1,0.0,58.0,1.0,68.031746031746,1.0
531105,GS Kagera,East,Gatsibo,Nyagihanga,RURAL,PUBLIC,Preprimary + Primary + Ordinal Level + General upper secondary,60.67415618896484,1.0,1,0.0,64.0,0.0,62.6081321097568,2.0
531106,GS Karama Nyagihanga  TSS,East,Gatsibo,Nyagihanga,RURAL,PUBLIC,Preprimary + Primary + Ordinal Level + General upper secondary + TVET,53.33333587646484,1.0,1,1.0,64.0,0.0,75.07437993493716,2.0
531107,GS Kibare,East,Gatsibo,Nyagihanga,RURAL,PUBLIC,Preprimary + Primary + Ordinal Level,50.61728286743164,,1,0.0,64.0,0.0,63.44903970522535,2.0
531108,Rugogwe,East,Gatsibo,Nyagihanga,RURAL,GOVERNMENT_AIDED,Preprimary + Primary + Ordinal Level + General upper secondary,77.1889419555664,1.0,1,0.0,58.0,0.0,73.29269519661446,2.0
531109,EP Mayange,East,Gatsibo,Nyagihanga,RURAL,PUBLIC,Preprimary + Primary,53.35320281982422,1.0,1,0.0,64.0,0.0,67.8312290913957,1.0
531110,Kamiseke PS,East,Gatsibo,Nyagihanga,RURAL,PUBLIC,Preprimary + Primary,63.51351165771484,,1,0.0,64.0,0.0,66.9250181270787,1.0
531201,Bugarura EAR PS,East,Gatsibo,Remera,RURAL,GOVERNMENT_AIDED,Preprimary + Primary,66.76300811767578,1.0,1,0.0,58.0,0.0,68.6574611165049,1.0
531203,GS BUGARURA,East,Gatsibo,Remera,RURAL,PUBLIC,Preprimary + Primary + Ordinal Level + General upper secondary + TVET,69.3717269897461,1.0,1,0.0,64.0,0.0,81.5523867772943,2.0
531204,GS Humure,,,,,,,68.472900390625,,0,,,,76.61614444449876,2.0
531205,GS Kirwa,East,Gatsibo,Remera,RURAL,GOVERNMENT_AIDED,Preprimary + Primary + Ordinal Level + General upper secondary,69.18238830566406,,1,1.0,58.0,0.0,67.9210589343119,1.0
531206,GS Nyagasozi,East,Gatsibo,Remera,RURAL,GOVERNMENT_AIDED,Preprimary + Primary + Ordinal Level,74.28571319580078,1.0,1,1.0,58.0,0.0,66.28738082326464,2.0
531207,GS Bushobora,East,Gatsibo,Remera,RURAL,PUBLIC,Preprimary + Primary + Ordinal Level,48.41571807861328,1.0,1,1.0,64.0,0.0,76.35326494025635,2.0
531208,GS Gasabo,East,Gatsibo,Remera,RURAL,PUBLIC,Preprimary + Primary + Ordinal Level + General upper secondary,62.16216278076172,1.0,1,1.0,64.0,0.0,73.1422013133229,2.0
531301,GS Bright Vision,East,Gatsibo,Rugarama,RURAL,PUBLIC,Preprimary + Primary + Ordinal Level + General upper secondary,80.73394012451172,1.0,1,0.0,64.0,0.0,76.6805442183518,2.0
531302,GS NYAGASIGA,East,Gatsibo,Rugarama,RURAL,GOVERNMENT_AIDED,Preprimary + Primary + Ordinal Level + General upper secondary + TVET,55.58312606811523,1.0,1,0.0,58.0,0.0,74.45950576431031,2.0
531304,Kanyangese,East,Gatsibo,Rugarama,RURAL,GOVERNMENT_AIDED,Preprimary + Primary,40.98360443115234,1.0,1,0.0,58.0,0.0,71.7243413750803,1.0
531305,Matare,East,Gatsibo,Rugarama,RURAL,GOVERNMENT_AIDED,Preprimary + Primary,57.87671279907227,,1,0.0,58.0,0.0,73.1138127710608,1.0
531306,GS MATUNGURU,East,Gatsibo,Rugarama,RURAL,PUBLIC,Preprimary + Primary + Ordinal Level,35.52311325073242,1.0,1,1.0,64.0,0.0,69.2407316955589,1.0
531308,ELEZER ACADEMY,East,Gatsibo,Rugarama,RURAL,PRIVATE,Preprimary + Primary,100.0,1.0,1,0.0,32.0,0.0,,
531310,GS Rugarama,East,Gatsibo,Rugarama,RURAL,PUBLIC,Preprimary + Primary + Ordinal Level + General upper secondary,38.16425323486328,,1,1.0,64.0,0.0,76.9320814846368,2.0
531311,REMERA PS,East,Gatsibo,Rugarama,RURAL,GOVERNMENT_AIDED,Preprimary + Primary,42.08809280395508,1.0,1,0.0,58.0,1.0,73.7605033036332,1.0
531312,GS Remera II,East,Gatsibo,Rugarama,RURAL,PUBLIC,Preprimary + Primary + Ordinal Level,44.15954208374023,1.0,1,0.0,64.0,0.0,75.0726694867941,2.0
531313,Nyamirambo PS,East,Gatsibo,Rugarama,RURAL,GOVERNMENT_AIDED,Preprimary + Primary,78.78787994384766,,1,0.0,58.0,0.0,70.0651353568499,1.0
531314,Gitsimba PS,East,Gatsibo,Rugarama,RURAL,PUBLIC,Preprimary + Primary,51.17370986938477,1.0,1,0.0,64.0,0.0,79.9778301886792,1.0
531322,GIHUTA EAR PRIMARY SCHOOL,East,Gatsibo,Rugarama,RURAL,GOVERNMENT_AIDED,Preprimary + Primary,43.49112701416016,1.0,1,0.0,58.0,0.0,79.8632075471698,1.0
531401,GS MUNINI  TSS,East,Gatsibo,Rwimbogo,RURAL,PUBLIC,Preprimary + Primary + Ordinal Level + TVET,59.61038970947266,1.0,1,1.0,64.0,0.0,79.9293059702528,1.0
531402,GS RWIKINIRO,East,Gatsibo,Rwimbogo,RURAL,PUBLIC,Preprimary + Primary + Ordinal Level + General upper secondary,30.48327255249023,1.0,1,1.0,64.0,0.0,68.43415288826435,2.0
531407,GS RWIMBOGO,East,Gatsibo,Rwimbogo,RURAL,GOVERNMENT_AIDED,Preprimary + Primary + Ordinal Level,40.29304122924805,1.0,1,1.0,58.0,0.0,71.7145982042093,1.0
531408,NYAMATETE PS,East,Gatsibo,Rwimbogo,RURAL,PUBLIC,Preprimary + Primary,57.45257568359375,1.0,1,0.0,64.0,0.0,70.4035730280195,1.0
531410,GS KABEZA,East,Gatsibo,Rwimbogo,RURAL,PUBLIC,Preprimary + Primary + Ordinal Level,56.02272796630859,1.0,1,0.0,64.0,1.0,79.40032134201644,2.0
531412,GS NDAMA,East,Gatsibo,Rwimbogo,RURAL,PUBLIC,Preprimary + Primary + Ordinal Level,49.17012405395508,1.0,1,1.0,64.0,0.0,80.03071269149845,2.0
531413,GS AKAGERA,,,,,,,47.91666412353516,,0,,,,80.1467330538085,2.0
531414,KABUSUNZU PS,,,,,,,37.99283218383789,,0,,,,79.0440950384347,1.0
531415,Nyamatete B PS,East,Gatsibo,Rwimbogo,RURAL,PUBLIC,Preprimary + Primary,43.24324417114258,,1,0.0,64.0,0.0,67.3351700971984,1.0
531416,Kiburara PS,East,Gatsibo,Rwimbogo,RURAL,PUBLIC,Preprimary + Primary,47.72727203369141,1.0,1,0.0,64.0,0.0,80.0436582809224,1.0
540101,EP GAHINI,East,Kayonza,Gahini,URBAN,GOVERNMENT_AIDED,Preprimary + Primary,64.643798828125,1.0,1,0.0,58.0,1.0,84.8478280567104,1.0
540104,GS NYAMIYAGA,East,Kayonza,Gahini,RURAL,PUBLIC,Preprimary + Primary + Ordinal Level,77.04917907714844,1.0,1,1.0,64.0,1.0,,
540105,EP RWINKUBA,East,Kayonza,Gahini,RURAL,GOVERNMENT_AIDED,Preprimary + Primary,59.15178680419922,1.0,1,0.0,58.0,0.0,,
540106,EP TSIMA,,,,,,,63.25300979614258,,0,,,,,
540108,GS JURU  TSS,East,Kayonza,Gahini,RURAL,GOVERNMENT_AIDED,Preprimary + Primary + Ordinal Level + TVET,73.52941131591797,1.0,1,0.0,58.0,0.0,80.8902178574202,2.0
540109,GS NYAGAHANDAGAZA,East,Kayonza,Gahini,RURAL,GOVERNMENT_AIDED,Preprimary + Primary + Ordinal Level + General upper secondary,86.0465087890625,1.0,1,0.0,58.0,0.0,79.76879474344679,2.0
540115,EP RUKORE,East,Kayonza,Gahini,RURAL,PUBLIC,Preprimary + Primary,57.14286041259766,,1,0.0,64.0,0.0,,
540117,EP GISENGA,,,,,,,34.66666793823242,,0,,,,,
540118,EP KIYANJA,,,,,,,38.21656036376953,,0,,,,,
540204,GS ADELAIDE,East,Kayonza,Kabare,RURAL,GOVERNMENT_AIDED,Preprimary + Primary + Ordinal Level + TVET,73.67601013183594,1.0,1,0.0,58.0,0.0,,
540205,EP RUBIMBA,East,Kayonza,Kabare,RURAL,PUBLIC,Preprimary + Primary,67.20930480957031,,1,0.0,64.0,0.0,78.2418149281357,1.0
540206,EP RWAGATERA,East,Kayonza,Kabare,RURAL,PUBLIC,Preprimary + Primary,84.0095443725586,1.0,1,0.0,64.0,0.0,,
540207,GS KIBURARA,East,Kayonza,Kabare,RURAL,GOVERNMENT_AIDED,Preprimary + Primary + Ordinal Level + General upper secondary,77.89855194091797,1.0,1,0.0,58.0,0.0,80.6486743124923,1.0
540208,GS RUSHENYI,,,,,,,87.98616790771484,,0,,,,80.9079784190531,1.0
540209,GSKABARE II,,,,,,,68.13186645507812,,0,,,,78.3698953090588,1.0
540210,EP KIBIMBA,East,Kayonza,Kabare,RURAL,PUBLIC,Preprimary + Primary,60.38960647583008,1.0,1,0.0,64.0,0.0,82.6602201257862,1.0
540213,EP RUGUNGA,East,Kayonza,Kabare,RURAL,PUBLIC,Preprimary + Primary,70.04830932617188,,1,0.0,64.0,1.0,,
540214,EP UMUNEZERO,,,,,,,67.22689056396484,,0,,,,,
540215,EP KAMARASHAVU,East,Kayonza,Kabare,RURAL,PUBLIC,Preprimary + Primary,64.99162292480469,1.0,1,0.0,64.0,1.0,83.6753374668469,1.0
540216,EP NYARUSANGE,East,Kayonza,Kabare,RURAL,PUBLIC,Preprimary + Primary,53.3980598449707,,1,0.0,64.0,0.0,,
540302,EP CYINZOVU,East,Kayonza,Kabarondo,RURAL,GOVERNMENT_AIDED,Preprimary + Primary,63.60543823242188,1.0,1,0.0,58.0,1.0,,
540303,EP KABARONDO A,East,Kayonza,Kabarondo,RURAL,GOVERNMENT_AIDED,Preprimary + Primary,62.83618927001953,1.0,1,0.0,58.0,1.0,,
540304,GS RUBIRA,,,,,,,47.89643859863281,,0,,,,,
540305,EP RUSAVE,,,,,,,58.20105743408203,,0,,,,,
540308,GS KABARONDO B,East,Kayonza,Kabarondo,URBAN,GOVERNMENT_AIDED,Primary + Ordinal Level + General upper secondary,44.71931457519531,1.0,1,1.0,58.0,0.0,74.0019756861259,1.0
540312,KABARONDO VISIONJ,East,Kayonza,Kabarondo,RURAL,PRIVATE,Preprimary + Primary,100.0,1.0,1,0.0,32.0,0.0,,
540315,EP RUGWAGWA,,,,,,,73.12252807617188,,0,,,,64.846890573886,1.0
540406,ORPCARE,East,Kayonza,Mukarange,URBAN,PRIVATE,Preprimary + Primary + Ordinal Level,98.6531982421875,1.0,1,0.0,32.0,0.0,,
540408,GS RUTARE,East,Kayonza,Mukarange,RURAL,PUBLIC,Preprimary + Primary + Ordinal Level,37.04917907714844,1.0,1,0.0,64.0,0.0,85.1432061746904,1.0
540412,GS MUKARANGE CATH,East,Kayonza,Mukarange,URBAN,GOVERNMENT_AIDED,Preprimary + Primary + Ordinal Level + General upper secondary + TVET,65.39509582519531,1.0,1,0.0,58.0,0.0,86.13823749414628,2.0
540428,GS MUKARANGE PROTESTANT,East,Kayonza,Mukarange,URBAN,GOVERNMENT_AIDED,Primary + Ordinal Level,67.17267608642578,1.0,1,0.0,58.0,0.0,82.2091893780573,1.0
540429,EP NYABUBARE,East,Kayonza,Mukarange,RURAL,GOVERNMENT_AIDED,Preprimary + Primary,43.61702346801758,1.0,1,0.0,58.0,0.0,,
540430,EPMburabuturo,,,,,,,52.27272415161133,,0,,,,,
540431,GS Kayonza,East,Kayonza,Mukarange,URBAN,GOVERNMENT_AIDED,Preprimary + Primary + Ordinal Level,52.24416351318359,1.0,1,1.0,58.0,1.0,82.1507232657453,1.0
540434,PRIDE FUTURE ACADEMY,East,Kayonza,Mukarange,RURAL,PRIVATE,Preprimary + Primary,91.30435180664062,1.0,1,0.0,32.0,0.0,,
540441,EP RUGENDABARI,,,,,,,59.38037490844727,,0,,,,75.9989427925578,1.0
540456,GS  KABUNGO,East,Kayonza,Mukarange,RURAL,PUBLIC,Primary + Ordinal Level,55.58086776733398,,1,0.0,64.0,1.0,77.1182958915199,1.0
540457,EP GISUBIZO,East,Kayonza,Mukarange,RURAL,PUBLIC,Preprimary + Primary,72.10401916503906,1.0,1,0.0,64.0,0.0,,
540459,ECOLE PAROISSIALE DE MUKARANGE (EPAMU),East,Kayonza,Mukarange,URBAN,PRIVATE,Preprimary + Primary,100.0,1.0,1,1.0,32.0,0.0,,
540464,Joyful nursery and primary school,East,Kayonza,Mukarange,RURAL,PRIVATE,Preprimary + Primary,100.0,1.0,1,1.0,32.0,0.0,,
540501,EP MURAMA,East,Kayonza,Murama,RURAL,PUBLIC,Preprimary + Primary,58.04877853393555,1.0,1,0.0,64.0,0.0,,
540504,GS MUKO II,East,Kayonza,Murama,RURAL,GOVERNMENT_AIDED,Preprimary + Primary + Ordinal Level + General upper secondary,36.28691864013672,,1,0.0,58.0,0.0,77.70335974360285,2.0
540505,GS SHYANDA,East,Kayonza,Murama,RURAL,GOVERNMENT_AIDED,Preprimary + Primary + Ordinal Level,49.31034469604492,1.0,1,1.0,58.0,0.0,,
540509,EP MUVANDIMWE,East,Kayonza,Murama,RURAL,PUBLIC,Preprimary + Primary,56.77965927124023,1.0,1,0.0,64.0,1.0,75.3638039893584,1.0
540510,GS MUKO I,East,Kayonza,Murama,RURAL,GOVERNMENT_AIDED,Preprimary + Primary + Ordinal Level,59.18032455444336,1.0,1,1.0,58.0,0.0,75.6001760571559,1.0
540511,GS SERESI,East,Kayonza,Murama,RURAL,GOVERNMENT_AIDED,Preprimary + Primary + Ordinal Level,64.51990509033203,1.0,1,0.0,58.0,0.0,,
540512,EP NYAKANAZI,,,,,,,60.21126556396484,,0,,,,,
540601,EP CYAMBURARA,East,Kayonza,Murundi,RURAL,PUBLIC,Preprimary + Primary,68.71035766601562,,1,0.0,64.0,0.0,82.0069227964634,1.0
540603,EP GACACA,East,Kayonza,Murundi,RURAL,GOVERNMENT_AIDED,Preprimary + Primary,94.59458923339844,1.0,1,0.0,58.0,0.0,,
540604,EP RWEZA,,,,,,,76.45051574707031,,0,,,,77.9166990910869,1.0
540605,EP RWISHEKE,East,Kayonza,Murundi,RURAL,GOVERNMENT_AIDED,Preprimary + Primary,80.43955993652344,1.0,1,0.0,58.0,0.0,,
540607,GS BUHABWA  TSS,East,Kayonza,Murundi,RURAL,PUBLIC,Preprimary + Primary + Ordinal Level + General upper secondary + TVET,60.9375,1.0,1,1.0,64.0,0.0,82.153673939488,1.0
540608,GS KARAMBI,East,Kayonza,Murundi,RURAL,PUBLIC,Primary + Ordinal Level + General upper secondary,42.71844482421875,1.0,1,0.0,64.0,0.0,82.1242306017744,1.0
540609,GS GAKOMA A,,,,,,,71.6783218383789,,0,,,,,
540610,GS RWAKABANDA,East,Kayonza,Murundi,RURAL,GOVERNMENT_AIDED,Preprimary + Primary + Ordinal Level,85.64397430419922,1.0,1,0.0,58.0,0.0,80.1865955439855,1.0
540611,EP RYAMANYONI,East,Kayonza,Murundi,RURAL,GOVERNMENT_AIDED,Preprimary + Primary,59.40439224243164,1.0,1,1.0,58.0,0.0,,
540612,GS GAKOMA B,,,,,,,86.84210968017578,,0,,,,,
540613,EPMIYAGA,East,Kayonza,Murundi,RURAL,PUBLIC,Preprimary + Primary,72.8476791381836,,1,0.0,64.0,0.0,,
540614,EP RUSHENYI,East,Kayonza,Murundi,RURAL,PUBLIC,Preprimary + Primary,53.344482421875,,1,0.0,64.0,0.0,82.1827435667058,1.0
540615,EP RYAKIRENZI,,,,,,,58.79629898071289,,0,,,,,
540616,EP MAHUMBEZI,,,,,,,54.83871078491211,,0,,,,,
540617,EP MUCUCU,,,,,,,53.27102661132812,,0,,,,,
540620,BETHEL CHRISTIAN ACADEMY,East,Kayonza,Murundi,RURAL,PRIVATE,Primary,87.83783721923828,1.0,1,0.0,32.0,0.0,,
540702,EP KAGEYO,,,,,,,53.99159622192383,,0,,,,80.2135300757942,1.0
540703,GS MIGERA,East,Kayonza,Mwiri,RURAL,GOVERNMENT_AIDED,Preprimary + Primary + Ordinal Level + TVET,69.95074462890625,1.0,1,0.0,58.0,0.0,,
540704,NYAKABUNGO,East,Kayonza,Mwiri,RURAL,GOVERNMENT_AIDED,Preprimary + Primary,68.03069305419922,1.0,1,0.0,58.0,1.0,76.137106918239,1.0
540705,GS RWISIRABO,East,Kayonza,Mwiri,RURAL,PUBLIC,Preprimary + Primary + Ordinal Level + General upper secondary,81.35592651367188,,1,0.0,64.0,0.0,86.8152728706188,2.0
540706,GS NYAMUGARI,,,,,,,37.29216003417969,,0,,,,70.06377200246325,2.0
540707,GS NYAWERA,East,Kayonza,Mwiri,RURAL,GOVERNMENT_AIDED,Preprimary + Primary + Ordinal Level + General upper secondary,41.41104125976562,1.0,1,1.0,58.0,1.0,82.343141220637,1.0
540711,EP GASARABWAYI,East,Kayonza,Mwiri,RURAL,PUBLIC,Preprimary + Primary,60.74342727661133,1.0,1,0.0,64.0,0.0,,
540712,EP RWISIRABO,East,Kayonza,Mwiri,RURAL,PUBLIC,Preprimary + Primary,43.12267684936523,1.0,1,0.0,64.0,0.0,,
540713,EP GITEGA,East,Kayonza,Mwiri,RURAL,PUBLIC,Preprimary + Primary,84.03755950927734,,1,0.0,64.0,1.0,,
540801,EP AMAHORO ADEPR,,,,,,,81.30081176757812,,0,,,,78.764279954846,1.0
540802,EP BYIMANA,East,Kayonza,Ndego,RURAL,PUBLIC,Preprimary + Primary,44.48275756835938,,1,0.0,64.0,0.0,74.2268867924528,1.0
540803,EP NDEGO I,,,,,,,61.52449798583984,,0,,,,,
540805,GS NDEGO II,East,Kayonza,Ndego,RURAL,PUBLIC,Preprimary + Primary + Ordinal Level + General upper secondary,83.1497802734375,,1,0.0,64.0,0.0,76.7391914801081,1.0
540806,EP KARAMBI,East,Kayonza,Ndego,RURAL,PUBLIC,Preprimary + Primary,73.38402557373047,,1,0.0,64.0,0.0,,
540807,Hope Community School,East,Kayonza,Ndego,RURAL,GOVERNMENT_AIDED,Preprimary + Primary,97.33333587646484,,1,0.0,58.0,1.0,,
540903,EP NYAMIRAMA KAB,East,Kayonza,Nyamirama,RURAL,GOVERNMENT_AIDED,Preprimary + Primary,77.73359680175781,1.0,1,0.0,58.0,0.0,79.2648689150109,1.0
540907,GS GIKAYA,East,Kayonza,Nyamirama,RURAL,GOVERNMENT_AIDED,Preprimary + Primary + Ordinal Level + General upper secondary,39.04494476318359,1.0,1,1.0,58.0,0.0,76.57774850763344,2.0
540908,GS NYAGASAMBU,East,Kayonza,Nyamirama,RURAL,PUBLIC,Preprimary + Primary + Ordinal Level + General upper secondary,60.40061569213867,1.0,1,1.0,64.0,1.0,83.2564581232968,1.0
540911,EP NYAMIRAMA ADEPR,,,,,,,57.61589431762695,,0,,,,77.6468706582523,1.0
540914,EP SHYOGO,East,Kayonza,Nyamirama,RURAL,GOVERNMENT_AIDED,Preprimary + Primary,36.72130966186523,1.0,1,0.0,58.0,1.0,69.0310718802753,1.0
540917,EP NYARUNAZI,,,,,,,34.42623138427734,,0,,,,,
540918,EP INDATWA,,,,,,,59.59409332275391,,0,,,,,
540919,GS  ICYIZERE,,,,,,,58.50091552734375,,0,,,,81.16970238954795,2.0
540920,Nyamirama Anglican Parents School,East,Kayonza,Nyamirama,RURAL,PRIVATE,Preprimary + Primary,92.85713958740234,1.0,1,0.0,32.0,0.0,,
540922,CINDI'S HOPE ACADEMY KAYONZA,East,Kayonza,Nyamirama,RURAL,PRIVATE,Preprimary + Primary,99.08257293701172,1.0,1,0.0,32.0,0.0,,
541002,EP KAWANGIRE PROT,East,Kayonza,Rukara,RURAL,GOVERNMENT_AIDED,Preprimary + Primary,72.0136489868164,1.0,1,0.0,58.0,0.0,,
541005,EP RUKARA PROT,East,Kayonza,Rukara,RURAL,GOVERNMENT_AIDED,Preprimary + Primary,41.71428680419922,1.0,1,0.0,58.0,0.0,,
541006,GS RWIMISHINYA,East,Kayonza,Rukara,RURAL,GOVERNMENT_AIDED,Preprimary + Primary + Ordinal Level,61.39187622070312,1.0,1,1.0,58.0,0.0,,
541016,G S Kawangire Cath,East,Kayonza,Rukara,RURAL,GOVERNMENT_AIDED,Preprimary + Primary + Ordinal Level + General upper secondary,62.95546340942383,1.0,1,1.0,58.0,0.0,,
541018,GS MUZIZI,East,Kayonza,Rukara,RURAL,GOVERNMENT_AIDED,Preprimary + Primary + Ordinal Level + General upper secondary,66.02739715576172,1.0,1,1.0,58.0,1.0,75.5063205928216,1.0
541019,EP MUMURI,East,Kayonza,Rukara,RURAL,PUBLIC,Preprimary + Primary,60.69958877563477,1.0,1,0.0,64.0,0.0,,
541020,EP KINUNGA,East,Kayonza,Rukara,RURAL,PUBLIC,Preprimary + Primary,36.71875,1.0,1,0.0,64.0,0.0,,
541021,GOODLIFE FOR CHILDREN CHRISTIAN ACADEMY (GCCA),East,Kayonza,Rukara,RURAL,PRIVATE,Preprimary + Primary,86.84210968017578,1.0,1,1.0,32.0,0.0,,
541023,RUKARA MODEL SCHOOL,East,Kayonza,Gahini,RURAL,PUBLIC,Preprimary + Primary + Ordinal Level + General upper secondary,58.13953399658203,1.0,1,1.0,64.0,0.0,,
541102,BUGAMBIRA,,,,,,,53.9594841003418,,0,,,,81.6247383859204,1.0
541103,EP RUYONZA,East,Kayonza,Ruramira,RURAL,GOVERNMENT_AIDED,Preprimary + Primary,56.45161437988281,1.0,1,0.0,58.0,0.0,,
541108,EP RURAMIRA,,,,,,,40.55117797851562,,0,,,,58.7821277077509,1.0
541110,Sunlight Academy,East,Kayonza,Ruramira,RURAL,PRIVATE,Preprimary + Primary,95.5882339477539,1.0,1,0.0,32.0,0.0,,
541111,EP NKAMBA,East,Kayonza,Ruramira,RURAL,PUBLIC,Preprimary + Primary,29.81455039978027,1.0,1,0.0,64.0,0.0,,
541201,EP NKONDO I,East,Kayonza,Rwinkwavu,RURAL,PUBLIC,Preprimary + Primary,65.35796356201172,1.0,1,1.0,64.0,1.0,74.7783516797668,1.0
541204,GS RWINKWAVU,East,Kayonza,Rwinkwavu,RURAL,PUBLIC,Preprimary + Primary + Ordinal Level,86.85782623291016,1.0,1,1.0,64.0,0.0,59.4050005441771,2.0
541205,GS GIHINGA,East,Kayonza,Rwinkwavu,RURAL,PUBLIC,Preprimary + Primary + Ordinal Level + General upper secondary,78.57733154296875,1.0,1,1.0,64.0,1.0,83.44913220486845,2.0
541211,GS NKONDO II,East,Kayonza,Rwinkwavu,RURAL,PUBLIC,Preprimary + Primary + Ordinal Level,83.06092071533203,1.0,1,1.0,64.0,1.0,79.02352235372845,2.0
541215,GSGISHANDA,East,Kayonza,Rwinkwavu,RURAL,PUBLIC,Preprimary + Primary + Ordinal Level + General upper secondary,60.36495971679688,1.0,1,0.0,64.0,0.0,83.9093632765285,1.0
541216,EP ABADAHIGWA,East,Kayonza,Rwinkwavu,RURAL,PUBLIC,Preprimary + Primary,68.37060546875,1.0,1,0.0,64.0,0.0,,
541217,EP AMAREMBO,East,Kayonza,Rwinkwavu,RURAL,PUBLIC,Preprimary + Primary,99.07120513916016,,1,0.0,64.0,0.0,75.4110174034702,1.0
550101,BUTANGA,East,Kirehe,Gahara,RURAL,PUBLIC,Preprimary + Primary,60.12658309936523,1.0,1,0.0,64.0,0.0,81.1683964830168,1.0
550102,BUTEZI,East,Kirehe,Gahara,RURAL,PUBLIC,Preprimary + Primary,79.96219635009766,1.0,1,1.0,64.0,1.0,82.0176774483378,1.0
550103,GS GAHARA  TSS,East,Kirehe,Gahara,RURAL,PUBLIC,Preprimary + Primary + Ordinal Level + General upper secondary + TVET + TVET,46.42184829711914,1.0,1,0.0,64.0,1.0,77.27205722633676,2.0
550104,GS GASHONGORA,East,Kirehe,Gahara,RURAL,GOVERNMENT_AIDED,Preprimary + Primary + Ordinal Level,66.90141296386719,1.0,1,1.0,58.0,0.0,84.7106906681495,1.0
550105,GS MUGOGO,East,Kirehe,Gahara,RURAL,GOVERNMENT_AIDED,Preprimary + Primary + Ordinal Level + General upper secondary,57.0230598449707,1.0,1,1.0,58.0,0.0,83.41809468286229,2.0
550106,IRAMA,East,Kirehe,Gahara,RURAL,GOVERNMENT_AIDED,Preprimary + Primary + Ordinal Level,68.96551513671875,1.0,1,1.0,58.0,0.0,85.2042452830188,1.0
550107,GS KABAGERA,East,Kirehe,Gahara,RURAL,PUBLIC,Preprimary + Primary + Ordinal Level,69.30380249023438,1.0,1,1.0,64.0,0.0,86.3631107339959,1.0
550108,GS MUHERO,East,Kirehe,Gahara,RURAL,PUBLIC,Preprimary + Primary + Ordinal Level + General upper secondary,74.84939575195312,1.0,1,1.0,64.0,0.0,81.623630869721,1.0
550111,EP MUYANGE,,,,,,,69.054443359375,,0,,,,76.9503494060098,1.0
550112,EP RUBIMBA,East,Kirehe,Gahara,RURAL,PUBLIC,Preprimary + Primary,39.34010314941406,1.0,1,0.0,64.0,0.0,79.1784274086993,1.0
550113,EP KIJUMBURA,East,Kirehe,Gahara,RURAL,PUBLIC,Preprimary + Primary,67.93892669677734,1.0,1,0.0,64.0,0.0,79.6882075471698,1.0
550114,EP RWIMONDO,East,Kirehe,Gahara,RURAL,PUBLIC,Preprimary + Primary,45.28925704956055,1.0,1,0.0,64.0,0.0,85.8238170110812,1.0
550115,EP AMAHORO,,,,,,,54.30463409423828,,0,,,,79.4172725878202,1.0
550116,GBBA BUTANGA,East,Kirehe,Gahara,RURAL,PRIVATE,Preprimary + Primary,100.0,1.0,1,0.0,32.0,0.0,,
550202,GS CURAZO,East,Kirehe,Gatore,RURAL,GOVERNMENT_AIDED,Preprimary + Primary + Ordinal Level + General upper secondary,67.53048706054688,1.0,1,0.0,58.0,0.0,74.181784460616,2.0
550203,CYUNUZI,East,Kirehe,Gatore,RURAL,GOVERNMENT_AIDED,Preprimary + Primary + Ordinal Level,57.62045288085938,1.0,1,0.0,58.0,0.0,80.5615352115689,2.0
550204,GS GATORE,East,Kirehe,Gatore,RURAL,GOVERNMENT_AIDED,Preprimary + Primary + Ordinal Level + General upper secondary,60.3658561706543,1.0,1,1.0,58.0,0.0,82.00687957685685,2.0
550205,GS RWANTONDE,East,Kirehe,Gatore,RURAL,GOVERNMENT_AIDED,Preprimary + Primary + Ordinal Level + General upper secondary + TVET,66.01941680908203,1.0,1,1.0,58.0,0.0,83.6856083042666,2.0
550207,GS REBERO,East,Kirehe,Gatore,RURAL,PUBLIC,Preprimary + Primary + Ordinal Level,63.21839141845703,1.0,1,1.0,64.0,0.0,85.33082852900074,2.0
550208,EP INDATWA,East,Kirehe,Gatore,RURAL,PUBLIC,Preprimary + Primary,56.12648010253906,1.0,1,0.0,64.0,0.0,,
550209,EP MUGANZA,East,Kirehe,Gatore,RURAL,PUBLIC,Preprimary + Primary,70.5,,1,0.0,64.0,0.0,87.9666436570026,1.0
550210,EP RUGINA,East,Kirehe,Gatore,RURAL,PUBLIC,Preprimary + Primary,29.92126083374023,1.0,1,0.0,64.0,0.0,75.2518867924528,1.0
550301,GS GASENYI,East,Kirehe,Kigarama,RURAL,PUBLIC,Preprimary + Primary + Ordinal Level,82.14971160888672,1.0,1,1.0,64.0,0.0,80.4379804606894,1.0
550302,KIGARAMA,East,Kirehe,Kigarama,RURAL,GOVERNMENT_AIDED,Preprimary + Primary + Ordinal Level + General upper secondary,60.5,1.0,1,1.0,58.0,0.0,75.00265304127015,2.0
550303,GS NYANKURAZO  TSS,,,,,,,68.0,,0,,,,76.09909154437455,2.0
550304,GS Cyanya,East,Kirehe,Kigarama,RURAL,PUBLIC,Preprimary + Primary + Ordinal Level,63.09192276000977,1.0,1,1.0,64.0,0.0,84.0373051681706,1.0
550305,EP KIMESHU,,,,,,,61.42856979370117,,0,,,,82.3292452830188,1.0
550307,EP NYAGAHANGA,East,Kirehe,Kigarama,RURAL,PUBLIC,Preprimary + Primary,51.24760437011719,,1,0.0,64.0,0.0,80.1792452830189,1.0
550308,EP NYABUBARE II,East,Kirehe,Kigarama,RURAL,PUBLIC,Preprimary + Primary,58.09859085083008,1.0,1,0.0,64.0,0.0,76.3905660377358,1.0
550309,EP Kagera,East,Kirehe,Kigarama,RURAL,PUBLIC,Preprimary + Primary,73.10126495361328,,1,0.0,64.0,0.0,80.0155660377358,1.0
550402,GS GATARAMA,East,Kirehe,Kigina,RURAL,PUBLIC,Preprimary + Primary + Ordinal Level,64.23766326904297,1.0,1,0.0,64.0,0.0,78.8484848484849,1.0
550405,GS RUGARAMA II,East,Kirehe,Kigina,RURAL,GOVERNMENT_AIDED,Preprimary + Primary + Ordinal Level + General upper secondary,33.68643951416016,,1,0.0,58.0,0.0,77.9411634981162,1.0
550407,RWANTERU Parent,East,Kirehe,Kigina,RURAL,PRIVATE,Preprimary + Primary,85.18518829345703,1.0,1,0.0,32.0,0.0,,
550408,GS Kigina,East,Kirehe,Kigina,RURAL,PUBLIC,Preprimary + Primary + Ordinal Level + General upper secondary,76.7660903930664,1.0,1,1.0,64.0,1.0,78.57372567157715,2.0
550412,EP KIMEYA,,,,,,,47.63948440551758,,0,,,,79.1866923956547,1.0
550413,EP RWAMAKARA,East,Kirehe,Kigina,RURAL,PUBLIC,Preprimary + Primary,60.71428680419922,1.0,1,0.0,64.0,0.0,,
550414,EP NYAGASOZI,East,Kirehe,Kigina,RURAL,PUBLIC,Preprimary + Primary,77.69230651855469,1.0,1,0.0,64.0,0.0,78.9204878978464,1.0
550415,EP MUGISENYI,East,Kirehe,Kigina,RURAL,PUBLIC,Preprimary + Primary,61.90476226806641,1.0,1,0.0,64.0,1.0,83.2882075471698,1.0
550503,GS KADUHA,East,Kirehe,Kirehe,RURAL,PUBLIC,Preprimary + Primary + Ordinal Level,50.55762100219727,1.0,1,1.0,64.0,1.0,77.01525755422131,2.0
550504,GS KIREHE,East,Kirehe,Kirehe,RURAL,GOVERNMENT_AIDED,Preprimary + Primary + Ordinal Level + General upper secondary,40.92088317871094,1.0,1,1.0,58.0,0.0,78.64177392017734,2.0
550505,GS NYABIGEGA,East,Kirehe,Kirehe,RURAL,PUBLIC,Preprimary + Primary + Ordinal Level + General upper secondary,60.93590927124023,1.0,1,1.0,64.0,0.0,75.5718058603115,2.0
550506,GS NYAKARAMBI,East,Kirehe,Kirehe,RURAL,PUBLIC,Preprimary + Primary + Ordinal Level + General upper secondary + TVET,72.28739166259766,1.0,1,1.0,64.0,0.0,80.54963498071605,2.0
550507,GS RWESERO,East,Kirehe,Kirehe,RURAL,PUBLIC,Preprimary + Primary + Ordinal Level,38.51640701293945,1.0,1,0.0,64.0,1.0,73.8240608852545,1.0
550508,UTUNYANGE VISION SCHOOL,East,Kirehe,Kirehe,RURAL,PRIVATE,Preprimary + Primary,100.0,1.0,1,0.0,32.0,0.0,,
550509,EP KAMASARO,East,Kirehe,Kirehe,RURAL,PUBLIC,Preprimary + Primary,65.43209838867188,1.0,1,0.0,64.0,0.0,85.1066462689104,1.0
550601,GS PAYSANNAT D,East,Kirehe,Mahama,RURAL,GOVERNMENT_AIDED,Preprimary + Primary + Ordinal Level + General upper secondary,50.25328826904297,1.0,1,0.0,58.0,0.0,76.86859707089195,2.0
550602,GS PAYSANNAT LA,East,Kirehe,Mahama,RURAL,PUBLIC,Preprimary + Primary + Ordinal Level + General upper secondary,49.33797836303711,1.0,1,0.0,64.0,0.0,80.44045504051914,2.0
550603,GS SARUHEMBE,East,Kirehe,Mahama,RURAL,PUBLIC,Preprimary + Primary + Ordinal Level,60.78431701660156,,1,0.0,64.0,0.0,81.7768788313032,1.0
550604,HAPPY YEARS KINDERGARTEN AND PRIMARY,East,Kirehe,Mahama,RURAL,PRIVATE,Preprimary + Primary,95.0,1.0,1,0.0,32.0,0.0,,
550605,GS  PAYSANNAT L B,East,Kirehe,Mahama,RURAL,PUBLIC,Primary + Ordinal Level + General upper secondary,45.32099914550781,1.0,1,0.0,64.0,0.0,85.0750306607967,1.0
550606,GS  PAYSANNAT LC,East,Kirehe,Mahama,RURAL,PUBLIC,Primary + Ordinal Level + General upper secondary,46.90976333618164,1.0,1,1.0,64.0,0.0,81.715739450147,2.0
550607,GS  PAYSANNAT L D,East,Kirehe,Mahama,RURAL,PUBLIC,Primary + Ordinal Level + General upper secondary + TVET,39.88589477539062,1.0,1,1.0,64.0,0.0,80.87235932980951,2.0
550608,GS  PAYSANNAT L E,East,Kirehe,Mahama,RURAL,PUBLIC,Primary + Ordinal Level + General upper secondary,61.44913482666016,1.0,1,0.0,64.0,1.0,81.1261978713843,2.0
550609,EP KAMOMBO,East,Kirehe,Mahama,RURAL,PUBLIC,Preprimary + Primary,58.27645111083984,1.0,1,0.0,64.0,0.0,80.6948113207547,1.0
550610,EP MWOGA,East,Kirehe,Mahama,RURAL,PUBLIC,Preprimary + Primary,75.98944091796875,1.0,1,0.0,64.0,1.0,80.2518867924528,1.0
550612,Ecole Santo Karoli Mahama,East,Kirehe,Mahama,RURAL,PRIVATE,Preprimary + Primary,100.0,1.0,1,0.0,32.0,0.0,,
550701,GS MUSHONGI,East,Kirehe,Mpanga,RURAL,PUBLIC,Preprimary + Primary + Ordinal Level,49.18478012084961,1.0,1,1.0,64.0,0.0,84.6169811320755,1.0
550702,GS MURAMBI1,,,,,,,51.71232986450195,,0,,,,81.9260671239783,2.0
550703,GS NYAKABUNGO,East,Kirehe,Mpanga,RURAL,GOVERNMENT_AIDED,Preprimary + Primary + Ordinal Level + General upper secondary,62.10317611694336,1.0,1,1.0,58.0,0.0,73.5810494275117,1.0
550704,EP IBANDA,East,Kirehe,Mpanga,RURAL,PUBLIC,Preprimary + Primary,60.36671447753906,1.0,1,0.0,64.0,1.0,82.9882075471698,1.0
550705,GS KANKOBWA,East,Kirehe,Mpanga,RURAL,GOVERNMENT_AIDED,Preprimary + Primary + Ordinal Level + General upper secondary,73.57222747802734,1.0,1,1.0,58.0,1.0,80.6665427776907,1.0
550706,GS MPANGA  TSS,East,Kirehe,Mpanga,RURAL,PUBLIC,Preprimary + Primary + Ordinal Level + TVET + TVET,41.00156402587891,1.0,1,0.0,64.0,0.0,81.91310137457046,2.0
550707,GS NYAWERA,East,Kirehe,Mpanga,RURAL,PUBLIC,Preprimary + Primary + Ordinal Level + General upper secondary,66.25,1.0,1,0.0,64.0,1.0,81.72797496333456,2.0
550708,EP GITEGA,East,Kirehe,Mpanga,RURAL,PUBLIC,Preprimary + Primary,42.27642440795898,,1,0.0,64.0,1.0,74.9745283018868,1.0
550709,EP NYAKABANDE II,East,Kirehe,Mpanga,RURAL,PUBLIC,Preprimary + Primary,79.39189147949219,1.0,1,0.0,64.0,0.0,71.6672819164545,1.0
550710,EP Agasasa,,,,,,,78.01046752929688,,0,,,,75.8977786698782,1.0
550712,EP RURAMBI,,,,,,,75.0,,0,,,,,
550713,NEW HOPE NURSERY AND PRIMARY SCHOOL,East,Kirehe,Mpanga,RURAL,PRIVATE,Preprimary + Primary,93.20388793945312,1.0,1,0.0,32.0,0.0,,
550801,GS GACUBA,East,Kirehe,Musaza,RURAL,GOVERNMENT_AIDED,Preprimary + Primary + Ordinal Level,66.35388946533203,1.0,1,1.0,58.0,0.0,81.1305472334148,2.0
550804,GS MURAMBI2,East,Kirehe,Musaza,RURAL,GOVERNMENT_AIDED,Preprimary + Primary + Ordinal Level,60.45895767211914,1.0,1,1.0,58.0,0.0,84.8785538969501,1.0
550805,GS MUSAZA,East,Kirehe,Musaza,RURAL,GOVERNMENT_AIDED,Preprimary + Primary + Ordinal Level + General upper secondary,56.15079498291016,1.0,1,1.0,58.0,1.0,85.03186126583095,2.0
550807,GS NYAKIRIBA,East,Kirehe,Musaza,RURAL,GOVERNMENT_AIDED,Preprimary + Primary + Ordinal Level,55.68181991577148,1.0,1,0.0,58.0,0.0,78.80222671904164,2.0
550809,GS RUGANGO,East,Kirehe,Musaza,RURAL,GOVERNMENT_AIDED,Preprimary + Primary + Ordinal Level + General upper secondary,60.79836654663086,1.0,1,1.0,58.0,0.0,79.2861116033631,1.0
550810,EP RUBUYE,,,,,,,51.51515197753906,,0,,,,79.1987973077348,1.0
550811,EP NGANDA,,,,,,,68.48739624023438,,0,,,,79.2884171907757,1.0
550812,EP RWAMUSHONGORE,East,Kirehe,Musaza,RURAL,PUBLIC,Preprimary + Primary,48.57143020629883,1.0,1,0.0,64.0,0.0,81.6506059211536,1.0
550901,GS BISAGARA,,,,,,,53.0201301574707,,0,,,,85.1291113304356,1.0
550902,GS KARAMBI,East,Kirehe,Mushikiri,RURAL,PUBLIC,Preprimary + Primary + Ordinal Level,64.73213958740234,1.0,1,0.0,64.0,0.0,81.2424482188726,2.0
550903,GS MUSHIKIRI,East,Kirehe,Mushikiri,RURAL,PUBLIC,Preprimary + Primary + Ordinal Level + General upper secondary + TVET,41.18704986572266,1.0,1,1.0,64.0,0.0,82.8754632324743,2.0
550904,GS RUGARAMA1,,,,,,,50.17421722412109,,0,,,,85.3594413271947,2.0
550905,GS Rwanyamuhanga,East,Kirehe,Mushikiri,RURAL,GOVERNMENT_AIDED,Preprimary + Primary + Ordinal Level,69.59314727783203,1.0,1,1.0,58.0,0.0,86.19835682118176,2.0
550906,EP RUGWIRO,East,Kirehe,Mushikiri,RURAL,PUBLIC,Preprimary + Primary,72.89879608154297,1.0,1,0.0,64.0,0.0,79.4186991869919,1.0
550907,EP NYAKABANDE I,East,Kirehe,Mushikiri,RURAL,PUBLIC,Preprimary + Primary,78.02037811279297,1.0,1,0.0,64.0,0.0,86.6806603773585,1.0
550908,EP CYAMIGURWA,East,Kirehe,Mushikiri,RURAL,PUBLIC,Preprimary + Primary,71.42857360839844,1.0,1,1.0,64.0,0.0,72.4686414986316,1.0
551002,GS CYAMBWE,East,Kirehe,Nasho,RURAL,PUBLIC,Preprimary + Primary + Ordinal Level + General upper secondary,71.6253433227539,1.0,1,1.0,64.0,0.0,81.397219139228,2.0
551003,GS RUGOMA,East,Kirehe,Nasho,RURAL,PUBLIC,Preprimary + Primary + Ordinal Level + General upper secondary,43.51852035522461,1.0,1,0.0,64.0,0.0,84.3088481727871,2.0
551004,MUKOMA,East,Kirehe,Nasho,RURAL,GOVERNMENT_AIDED,Preprimary + Primary,57.30336761474609,1.0,1,0.0,58.0,0.0,84.7712264150943,1.0
551005,NTARUKA,East,Kirehe,Nasho,RURAL,GOVERNMENT_AIDED,Preprimary + Primary,55.02512359619141,1.0,1,0.0,58.0,0.0,71.1911949685535,1.0
551006,GS NYABUBARE I,,,,,,,51.78571319580078,,0,,,,79.1165094339623,1.0
551008,GS NASHO,East,Kirehe,Nasho,RURAL,PUBLIC,Preprimary + Primary + Ordinal Level,61.27659606933594,,1,0.0,64.0,0.0,78.9768867924528,1.0
551010,EP REBEZO,East,Kirehe,Nasho,RURAL,PUBLIC,Preprimary + Primary,73.42657470703125,1.0,1,0.0,64.0,0.0,87.4962264150943,1.0
551011,EP RWINYANGE,East,Kirehe,Nasho,RURAL,PUBLIC,Preprimary + Primary,77.743896484375,,1,0.0,64.0,0.0,76.6245283018868,1.0
551101,GS BUKORA,East,Kirehe,Nyamugari,RURAL,PUBLIC,Preprimary + Primary + Ordinal Level,62.63237762451172,1.0,1,1.0,64.0,0.0,83.0959982602985,1.0
551103,GS KIYANZI  TSS,East,Kirehe,Nyamugari,RURAL,PUBLIC,Preprimary + Primary + Ordinal Level + TVET,75.82017517089844,1.0,1,1.0,64.0,0.0,88.3147267999183,2.0
551104,GS PAYSANNAT G,East,Kirehe,Nyamugari,RURAL,GOVERNMENT_AIDED,Preprimary + Primary + Ordinal Level + General upper secondary,73.89859008789062,1.0,1,1.0,58.0,0.0,84.25825663445315,2.0
551106,GS RUSUMO,East,Kirehe,Nyamugari,RURAL,GOVERNMENT_AIDED,Preprimary + Primary + Ordinal Level + General upper secondary,84.93589782714844,1.0,1,1.0,58.0,0.0,87.09079338402441,2.0
551107,GS MUMARARUNGU,,,,,,,67.13710021972656,,0,,,,77.0891551929288,1.0
551111,EP RUMURI,East,Kirehe,Nyamugari,RURAL,PUBLIC,Preprimary + Primary,70.9531021118164,1.0,1,0.0,64.0,0.0,86.6882075471698,1.0
551112,EP KANSHONGWE,,,,,,,53.14136123657227,,0,,,,72.8716981132075,1.0
551113,EP KABUNGELI,East,Kirehe,Nyamugari,RURAL,PUBLIC,Preprimary + Primary,72.39130401611328,1.0,1,0.0,64.0,1.0,81.2632075471698,1.0
551114,EP KAZIZI,East,Kirehe,Nyamugari,RURAL,PUBLIC,Preprimary + Primary,60.58732986450195,1.0,1,0.0,64.0,0.0,80.8962264150943,1.0
551115,EP KABUGA,East,Kirehe,Nyamugari,RURAL,PUBLIC,Preprimary + Primary,48.10996627807617,,1,0.0,64.0,0.0,82.0268867924528,1.0
551202,GS  NYABITARE,East,Kirehe,Nyarubuye,RURAL,GOVERNMENT_AIDED,Preprimary + Primary + Ordinal Level + General upper secondary,52.50836181640625,1.0,1,1.0,58.0,0.0,87.4977128903772,1.0
551203,GS NYAMATEKE,,,,,,,62.76346588134766,,0,,,,88.871948291353,1.0
551204,GS MIGONGO  TSS,East,Kirehe,Nyarubuye,RURAL,PUBLIC,Preprimary + Primary + Ordinal Level + General upper secondary + TVET + TVET,58.2716064453125,1.0,1,1.0,64.0,0.0,79.62295353939194,2.0
551205,Nyarubuye Parents School,East,Kirehe,Nyarubuye,RURAL,PRIVATE,Preprimary + Primary,96.875,1.0,1,0.0,32.0,0.0,,
551206,EP MAREBA,,,,,,,79.28082275390625,,0,,,,84.7995283018868,1.0
551207,EP REMERA,,,,,,,71.77033233642578,,0,,,,86.5245283018868,1.0
551208,EP KAGABIRO,,,,,,,75.0,,0,,,,87.7018867924528,1.0
560101,BITARE PS,,,,,,,67.12158966064453,,0,,,,78.6227757324743,1.0
560102,GSKANSANA,East,Ngoma,Gashanda,RURAL,GOVERNMENT_AIDED,Preprimary + Primary + Ordinal Level + General upper secondary + TVET,74.8299331665039,1.0,1,0.0,58.0,0.0,76.7080583091078,1.0
560103,GASHANDA GS,East,Ngoma,Gashanda,RURAL,PUBLIC,Preprimary + Primary + Ordinal Level,72.05720520019531,1.0,1,0.0,64.0,1.0,69.21684568123754,2.0
560105,MUNEGE PS,,,,,,,71.38728332519531,,0,,,,80.3561320754717,1.0
560106,EP RWINKUBA,East,Ngoma,Gashanda,RURAL,PUBLIC,Preprimary + Primary,92.0,1.0,1,0.0,64.0,0.0,68.6228995323335,1.0
560107,EP MUTSINDO,East,Ngoma,Gashanda,RURAL,PUBLIC,Preprimary + Primary,67.55162811279297,1.0,1,0.0,64.0,0.0,79.5754716981132,1.0
560108,EP MURAMBI,,,,,,,61.16071319580078,,0,,,,76.4981132075472,1.0
560201,GS JARAMA  TSS,East,Ngoma,Jarama,RURAL,GOVERNMENT_AIDED,Preprimary + Primary + Ordinal Level + General upper secondary + TVET,62.58427047729492,1.0,1,0.0,58.0,0.0,74.82444435977186,2.0
560202,GS MBUYE,East,Ngoma,Jarama,RURAL,PUBLIC,Preprimary + Primary + Ordinal Level,69.21568298339844,1.0,1,0.0,64.0,0.0,73.4690537449972,1.0
560203,GS UMUKA,East,Ngoma,Jarama,RURAL,PUBLIC,Preprimary + Primary + Ordinal Level,73.38195037841797,1.0,1,0.0,64.0,0.0,,
560204,EP URUHUHA,,,,,,,80.73248291015625,,0,,,,84.2875731945348,1.0
560205,EP KARENGE,,,,,,,72.7152328491211,,0,,,,78.814465408805,1.0
560302,GS KABIRIZI A,,,,,,,80.35264587402344,,0,,,,71.1827985282163,1.0
560303,GS KABIRIZI B  TSS,,,,,,,71.36659240722656,,0,,,,77.5116374114101,2.0
560304,EP NGARA,East,Ngoma,Karembo,RURAL,PUBLIC,Preprimary + Primary,80.49382781982422,1.0,1,0.0,64.0,0.0,,
560305,EP NYIMBYI,East,Ngoma,Karembo,RURAL,PUBLIC,Preprimary + Primary,75.5952377319336,1.0,1,0.0,64.0,0.0,,
560401,GS  RUGENGE,East,Ngoma,Kazo,RURAL,GOVERNMENT_AIDED,Preprimary + Primary + Ordinal Level,71.33757781982422,1.0,0,1.0,58.0,0.0,68.3827784628302,1.0
560402,E P TUNDUTI,,,,,,,74.9590835571289,,0,,,,,
560403,FUKWE,East,Ngoma,Kazo,RURAL,PUBLIC,Preprimary + Primary,67.82178497314453,,1,0.0,64.0,0.0,70.8043351302785,1.0
560406,GSMULINJA,East,Ngoma,Kazo,RURAL,GOVERNMENT_AIDED,Preprimary + Primary + Ordinal Level + General upper secondary,33.22784805297852,1.0,1,1.0,58.0,0.0,73.0255040682719,2.0
560407,GSKAZO,East,Ngoma,Kazo,RURAL,GOVERNMENT_AIDED,Preprimary + Primary + Ordinal Level,83.48709106445312,1.0,1,1.0,58.0,0.0,83.27238830033394,2.0
560409,GS GAHURIRE  TSS,East,Ngoma,Kazo,RURAL,PUBLIC,Preprimary + Primary + Ordinal Level + TVET,77.57437133789062,1.0,1,0.0,64.0,1.0,87.94695586335561,2.0
560410,GS KIBIMBA,East,Ngoma,Kazo,RURAL,GOVERNMENT_AIDED,Preprimary + Primary + Ordinal Level,49.58813858032227,1.0,1,1.0,58.0,0.0,78.10939878094894,2.0
560411,EP TAMBIRO,East,Ngoma,Kazo,RURAL,PUBLIC,Preprimary + Primary,71.33551025390625,1.0,1,0.0,64.0,0.0,82.1448113207547,1.0
560505,GS GAHIMA  TSS,East,Ngoma,Kibungo,RURAL,GOVERNMENT_AIDED,Preprimary + Primary + Ordinal Level + General upper secondary + TVET,64.10256958007812,1.0,1,1.0,58.0,0.0,74.91761735689059,2.0
560506,GS KABEZA,East,Ngoma,Kibungo,URBAN,PUBLIC,Preprimary + Primary + Ordinal Level,51.40997695922852,1.0,1,1.0,64.0,0.0,69.87358956101775,2.0
560507,GS KIBUNGO A,East,Ngoma,Kibungo,URBAN,GOVERNMENT_AIDED,Primary + Ordinal Level + General upper secondary,71.99504089355469,1.0,1,0.0,58.0,0.0,78.31576859249515,2.0
560510,LES GAZELLES,,,,,,,100.0,,0,,,,,
560511,LES HIRONDELLES,East,Ngoma,Kibungo,URBAN,PRIVATE,Preprimary + Primary,100.0,1.0,1,0.0,32.0,0.0,,
560512,GS RUBONA  TSS,East,Ngoma,Kibungo,RURAL,PUBLIC,Preprimary + Primary + Ordinal Level + TVET,68.86075592041016,1.0,1,1.0,64.0,0.0,77.51088853139885,2.0
560514,UMUCYO FRIENDLY SCHOOL,East,Ngoma,Kibungo,URBAN,PRIVATE,Preprimary + Primary,93.54838562011719,1.0,1,0.0,32.0,0.0,,
560518,ASPEK PRIMARY SCHOOL,East,Ngoma,Kibungo,URBAN,PRIVATE,Preprimary + Primary,100.0,1.0,1,0.0,32.0,0.0,,
560520,EP MURIZA,East,Ngoma,Kibungo,RURAL,GOVERNMENT_AIDED,Preprimary + Primary,52.59259414672852,1.0,1,0.0,58.0,0.0,68.084424226493,1.0
560601,EP KABINDI,,,,,,,57.60869216918945,,0,,,,76.19848367364521,1.0
560602,EP KAGASHI,East,Ngoma,Mugesera,RURAL,PUBLIC,Preprimary + Primary,68.58457946777344,1.0,1,0.0,64.0,1.0,,
560603,GS KIBARE I,East,Ngoma,Mugesera,RURAL,PUBLIC,Preprimary + Primary + Ordinal Level,53.67964935302734,1.0,1,1.0,64.0,0.0,67.1100981595455,1.0
560604,GSGatare,East,Ngoma,Mugesera,RURAL,PUBLIC,Preprimary + Primary + Ordinal Level,61.07491683959961,,1,0.0,64.0,0.0,81.92879368389904,2.0
560605,GS NYANGE,East,Ngoma,Mugesera,RURAL,GOVERNMENT_AIDED,Preprimary + Primary + Ordinal Level + General upper secondary + TVET,80.0395278930664,1.0,1,1.0,58.0,0.0,81.39927366308925,2.0
560606,GSNTAGA,East,Ngoma,Mugesera,RURAL,PUBLIC,Preprimary + Primary + Ordinal Level,63.13364028930664,,1,1.0,64.0,0.0,75.2874934040702,1.0
560608,EP NYAMIRAMBO,,,,,,,79.38143920898438,,0,,,,76.5429328037074,1.0
560702,E P  RURENGE CATHOLIQUE,East,Ngoma,Murama,RURAL,GOVERNMENT_AIDED,Preprimary + Primary,45.34161376953125,1.0,1,0.0,58.0,0.0,,
560705,G S   GAHAMA,East,Ngoma,Murama,RURAL,PUBLIC,Preprimary + Primary + Ordinal Level,81.89369201660156,1.0,1,0.0,64.0,0.0,71.67945268962495,2.0
560706,G S   MVUMBA,East,Ngoma,Murama,RURAL,GOVERNMENT_AIDED,Preprimary + Primary + Ordinal Level + General upper secondary,79.75460052490234,1.0,1,1.0,58.0,0.0,78.9874012298215,2.0
560707,G S   SAKARA,East,Ngoma,Murama,URBAN,PUBLIC,Preprimary + Primary + Ordinal Level,65.95744323730469,1.0,1,1.0,64.0,0.0,74.9673926998521,2.0
560708,G S RURENGE  PROTESTANT,East,Ngoma,Murama,RURAL,GOVERNMENT_AIDED,Preprimary + Primary + Ordinal Level,47.09897613525391,1.0,1,1.0,58.0,0.0,78.05446426260545,2.0
560715,GS RUKIRA,East,Ngoma,Murama,URBAN,PUBLIC,Preprimary + Primary + Ordinal Level,66.5369644165039,1.0,1,0.0,64.0,0.0,81.99788951246215,2.0
560716,EP KABAHUSHI,East,Ngoma,Murama,RURAL,PUBLIC,Preprimary + Primary,76.4119644165039,1.0,1,0.0,64.0,0.0,,
560802,GS BARE,East,Ngoma,Mutenderi,RURAL,GOVERNMENT_AIDED,Preprimary + Primary + Ordinal Level + General upper secondary,54.40000152587891,1.0,1,0.0,58.0,0.0,76.3267522000435,2.0
560803,GS KIBARA,East,Ngoma,Mutenderi,RURAL,PUBLIC,Preprimary + Primary + Ordinal Level,76.47058868408203,1.0,1,1.0,64.0,0.0,71.0350327846916,1.0
560804,GS MATONGO,East,Ngoma,Mutenderi,RURAL,PUBLIC,Preprimary + Primary + Ordinal Level,49.85755157470703,1.0,1,1.0,64.0,0.0,82.53311904727,1.0
560805,GS MUZINGIRA,East,Ngoma,Mutenderi,RURAL,GOVERNMENT_AIDED,Preprimary + Primary + Ordinal Level,59.92366790771484,1.0,1,0.0,58.0,0.0,68.1707378670591,1.0
560806,GS KIBARE II,East,Ngoma,Mutenderi,RURAL,GOVERNMENT_AIDED,Preprimary + Primary + Ordinal Level,71.875,1.0,1,0.0,58.0,0.0,63.1076627257174,1.0
560807,EP KARWEMA,East,Ngoma,Mutenderi,RURAL,PUBLIC,Preprimary + Primary,64.86486053466797,1.0,1,0.0,64.0,0.0,75.463712346905,1.0
560808,EPABA St TÃ©lesphore,East,Ngoma,Mutenderi,RURAL,PRIVATE,Preprimary + Primary,98.33333587646484,1.0,1,0.0,32.0,0.0,,
560901,GS KABARE I,East,Ngoma,Remera,RURAL,GOVERNMENT_AIDED,Preprimary + Primary + Ordinal Level,72.12020111083984,1.0,1,0.0,58.0,0.0,79.77807563680204,2.0
560902,EP REMERA,East,Ngoma,Remera,RURAL,GOVERNMENT_AIDED,Preprimary + Primary,66.35514068603516,1.0,1,0.0,58.0,0.0,75.5176828936263,1.0
560905,GS NDEKWE,East,Ngoma,Remera,RURAL,GOVERNMENT_AIDED,Preprimary + Primary + Ordinal Level,72.49796295166016,1.0,1,1.0,58.0,0.0,70.85046230899451,2.0
560906,GS NYAMUGARI,East,Ngoma,Remera,RURAL,GOVERNMENT_AIDED,Preprimary + Primary + Ordinal Level + General upper secondary,83.0769271850586,1.0,1,1.0,58.0,0.0,77.3925192750236,2.0
560907,EP RUTARE,East,Ngoma,Remera,RURAL,PUBLIC,Preprimary + Primary,74.3197250366211,1.0,1,0.0,64.0,0.0,75.8376669730503,1.0
560908,EP BUGERA,East,Ngoma,Remera,RURAL,PUBLIC,Preprimary + Primary,67.68707275390625,1.0,1,0.0,64.0,0.0,81.5442665650213,1.0
560909,GS REMERA,East,Ngoma,Remera,RURAL,PUBLIC,Preprimary + Primary + Ordinal Level,80.5882339477539,1.0,1,0.0,64.0,0.0,83.49662819394395,2.0
561002,EP BULIBA,,,,,,,58.50815582275391,,0,,,,,
561003,GS GAHUSHYI,East,Ngoma,Rukira,RURAL,GOVERNMENT_AIDED,Preprimary + Primary + Ordinal Level,47.6821174621582,1.0,1,0.0,58.0,0.0,67.9161414744378,1.0
561004,EP RUGARAGARA,,,,,,,80.91603088378906,,0,,,,,
561006,GS GITUKU,East,Ngoma,Rukira,RURAL,GOVERNMENT_AIDED,Preprimary + Primary + Ordinal Level + General upper secondary,52.7503547668457,1.0,1,1.0,58.0,1.0,77.6363360236917,2.0
561007,GS KIBAYA,East,Ngoma,Rukira,RURAL,GOVERNMENT_AIDED,Preprimary + Primary + Ordinal Level,60.68965911865234,1.0,1,1.0,58.0,0.0,72.51229371606725,2.0
561008,GS NYINYA,East,Ngoma,Rukira,RURAL,GOVERNMENT_AIDED,Preprimary + Primary + Ordinal Level,62.6182975769043,1.0,1,0.0,58.0,0.0,81.0185867276971,2.0
561104,GS GITUZA,,,,,,,69.90921020507812,,0,,,,76.96038898944656,2.0
561105,EP SHOLI,,,,,,,47.495361328125,,0,,,,49.8603773584906,1.0
561107,GS RWINTASHYA,East,Ngoma,Rukumberi,RURAL,GOVERNMENT_AIDED,Primary + Ordinal Level + General upper secondary + TVET,56.45161437988281,1.0,1,1.0,58.0,0.0,79.9305261247473,1.0
561108,EP RUBAGO,East,Ngoma,Rukumberi,RURAL,GOVERNMENT_AIDED,Preprimary + Primary,37.26937103271484,1.0,1,0.0,58.0,0.0,65.6568607765988,1.0
561109,EP NTOVI,East,Ngoma,Rukumberi,RURAL,PUBLIC,Preprimary + Primary,60.70110702514648,1.0,1,0.0,64.0,1.0,,
561110,EP INGANJI,,,,,,,69.9708480834961,,0,,,,83.5617924528302,1.0
561111,GS SHOLI,East,Ngoma,Rukumberi,RURAL,GOVERNMENT_AIDED,Preprimary + Primary + Ordinal Level,26.8907585144043,,1,0.0,58.0,0.0,71.0548776465391,1.0
561112,EP Mugwato,,,,,,,69.4099349975586,,0,,,,,
561113,EP RUBONA,East,Ngoma,Rukumberi,RURAL,GOVERNMENT_AIDED,Preprimary + Primary,63.4920654296875,1.0,1,0.0,58.0,0.0,77.1785262532686,1.0
561202,EP KIGARAMA,East,Ngoma,Rurenge,RURAL,GOVERNMENT_AIDED,Preprimary + Primary,75.05668640136719,1.0,1,0.0,58.0,0.0,82.1455713995884,1.0
561203,RUJAMBARA PS,East,Ngoma,Rurenge,RURAL,GOVERNMENT_AIDED,Preprimary + Primary,57.8125,1.0,1,0.0,58.0,0.0,84.9575512259341,1.0
561204,GS KIRWA,East,Ngoma,Rurenge,RURAL,GOVERNMENT_AIDED,Preprimary + Primary + Ordinal Level + General upper secondary,62.25961303710938,1.0,1,1.0,58.0,0.0,73.0478452108995,2.0
561205,GS MUHURIRE,East,Ngoma,Rurenge,RURAL,GOVERNMENT_AIDED,Preprimary + Primary + Ordinal Level,63.60655975341797,1.0,1,1.0,58.0,1.0,82.33545795266015,2.0
561206,GS MUSYA,,,,,,,91.53604888916016,,0,,,,76.2665093880237,1.0
561207,EP RUGESE,East,Ngoma,Rurenge,RURAL,GOVERNMENT_AIDED,Preprimary + Primary,66.35945129394531,1.0,1,0.0,58.0,0.0,82.6582506308921,1.0
561208,EP AKAGARAMA,East,Ngoma,Rurenge,RURAL,PUBLIC,Preprimary + Primary,62.95454406738281,,1,0.0,64.0,0.0,78.41826257937424,1.0
561301,EP GAFUNZO,,,,,,,68.25153350830078,,0,,,,83.6861635220126,1.0
561302,EP KIBONDE,,,,,,,73.04964447021484,,0,,,,81.4811320754717,1.0
561303,EP NSHILI,East,Ngoma,Sake,RURAL,PUBLIC,Preprimary + Primary,88.57758331298828,1.0,1,0.0,64.0,0.0,,
561304,GS SAKE,East,Ngoma,Sake,RURAL,PUBLIC,Preprimary + Primary + Ordinal Level + General upper secondary,74.64481353759766,1.0,1,0.0,64.0,0.0,75.20986264053221,2.0
561305,GS Kanazi,East,Ngoma,Sake,RURAL,GOVERNMENT_AIDED,Preprimary + Primary + Ordinal Level + General upper secondary,62.35741424560547,1.0,1,1.0,58.0,1.0,86.2638089769487,2.0
561306,GS Rukoma,East,Ngoma,Sake,RURAL,GOVERNMENT_AIDED,Preprimary + Primary + Ordinal Level,59.77653884887695,1.0,1,0.0,58.0,0.0,77.9574493695646,1.0
561308,EP NKANGA,,,,,,,57.76255798339844,,0,,,,74.4353099730458,1.0
561309,EPARU,East,Ngoma,Sake,RURAL,PRIVATE,Preprimary + Primary,100.0,1.0,1,0.0,32.0,0.0,,
561401,EPShywa,,,,,,,72.77227783203125,,0,,,,66.6097035040431,1.0
561403,GS SANGAZA,East,Ngoma,Zaza,RURAL,PUBLIC,Primary + Ordinal Level,76.22640991210938,1.0,1,1.0,64.0,0.0,78.76714867656764,2.0
561404,GSZAZA A,East,Ngoma,Zaza,RURAL,GOVERNMENT_AIDED,Preprimary + Primary + Ordinal Level + General upper secondary,80.92158508300781,1.0,1,0.0,58.0,0.0,73.97772469756745,2.0
561410,GS ZAZA B,East,Ngoma,Zaza,RURAL,GOVERNMENT_AIDED,Preprimary + Primary + Ordinal Level,68.82989501953125,1.0,1,0.0,58.0,0.0,76.3014457183128,1.0
561423,EP MPEMBWE,East,Ngoma,Zaza,RURAL,PUBLIC,Preprimary + Primary,76.17021179199219,1.0,1,0.0,64.0,0.0,68.5426624737946,1.0
561424,EP RUHINGA,,,,,,,70.73170471191406,,0,,,,55.5325323872494,1.0
570102,GS Dihiro  TSS,East,Bugesera,Gashora,RURAL,PUBLIC,Preprimary + Primary + Ordinal Level + General upper secondary + TVET,51.0,1.0,1,1.0,64.0,1.0,84.00346623415129,2.0
570104,GS GASHORA,East,Bugesera,Gashora,RURAL,GOVERNMENT_AIDED,Preprimary + Primary + Ordinal Level,64.27657318115234,1.0,1,1.0,58.0,0.0,84.86246149079095,2.0
570106,GS KAGASA-GASHORA,,,,,,,48.67986679077148,,0,,,,73.6616346927319,2.0
570108,GS Mwendo,East,Bugesera,Gashora,RURAL,PUBLIC,Preprimary + Primary + Ordinal Level + General upper secondary,47.11538696289062,1.0,1,0.0,64.0,0.0,79.39171769103635,2.0
570113,KABUYE PRIMARY SCHOOL,,,,,,,41.82692337036133,,0,,,,82.2193601312551,1.0
570115,PIONEER SCHOOL,East,Bugesera,Gashora,RURAL,PRIVATE,Preprimary + Primary + Ordinal Level,100.0,1.0,1,0.0,32.0,0.0,,
570117,EP KAYOVU,,,,,,,76.06837463378906,,0,,,,,
570202,EP Gatora,East,Bugesera,Juru,RURAL,PUBLIC,Preprimary + Primary,56.68965530395508,,1,1.0,64.0,0.0,,
570203,EP Juru,East,Bugesera,Juru,RURAL,GOVERNMENT_AIDED,Preprimary + Primary,60.07462692260742,,1,0.0,58.0,1.0,74.8074307767704,1.0
570204,GS Katarara,East,Bugesera,Juru,RURAL,GOVERNMENT_AIDED,Preprimary + Primary + Ordinal Level + General upper secondary,52.05741500854492,1.0,1,1.0,58.0,0.0,80.7405176411689,2.0
570205,EP Mbuye,East,Bugesera,Juru,RURAL,GOVERNMENT_AIDED,Preprimary + Primary,63.90374374389648,,1,0.0,58.0,0.0,79.8528301886792,1.0
570206,GS Rushubi,East,Bugesera,Juru,RURAL,GOVERNMENT_AIDED,Preprimary + Primary + Ordinal Level,65.58139038085938,,1,1.0,58.0,0.0,81.9651658246441,1.0
570207,GS Rwinume,East,Bugesera,Juru,RURAL,PUBLIC,Preprimary + Primary + Ordinal Level,53.81526184082031,,1,0.0,64.0,1.0,73.9555248097158,2.0
570208,EP CYIRABO,East,Bugesera,Juru,RURAL,GOVERNMENT_AIDED,Preprimary + Primary,59.19540405273438,,1,1.0,58.0,0.0,82.5981302056774,1.0
570209,EP MUSOVU,East,Bugesera,Juru,RURAL,PUBLIC,Preprimary + Primary,60.44775772094727,1.0,1,0.0,64.0,0.0,72.3164456293865,1.0
570210,EP KABUKUBA,East,Bugesera,Juru,RURAL,PUBLIC,Preprimary + Primary,53.46534729003906,,1,1.0,64.0,0.0,80.4915094339622,1.0
570301,GS Biharagu,East,Bugesera,Kamabuye,RURAL,GOVERNMENT_AIDED,Preprimary + Primary + Ordinal Level + General upper secondary,27.90178680419922,1.0,1,0.0,58.0,0.0,76.9653230238307,1.0
570302,EP Murago,East,Bugesera,Kamabuye,RURAL,PUBLIC,Preprimary + Primary,35.33123016357422,1.0,1,0.0,64.0,0.0,81.086285814116,1.0
570303,EP Murambo,,,,,,,23.68421173095703,,0,,,,61.3432130511909,1.0
570304,GS Nyakayaga,East,Bugesera,Kamabuye,RURAL,GOVERNMENT_AIDED,Preprimary + Primary + Ordinal Level + General upper secondary,51.90476226806641,1.0,1,0.0,58.0,0.0,77.11732962430631,2.0
570305,GS TUNDA,East,Bugesera,Kamabuye,RURAL,PUBLIC,Preprimary + Primary + Ordinal Level,45.30791473388672,1.0,1,0.0,64.0,1.0,75.80285277323634,2.0
570306,EP Munzenze,East,Bugesera,Kamabuye,RURAL,PUBLIC,Preprimary + Primary,50.0,1.0,1,0.0,64.0,0.0,77.5703571011392,1.0
570307,GS  NDAMA,East,Bugesera,Kamabuye,RURAL,PUBLIC,Preprimary + Primary + Ordinal Level,64.37177276611328,1.0,1,0.0,64.0,1.0,78.86478472244595,2.0
570401,GS Gakomeye,East,Bugesera,Mareba,RURAL,GOVERNMENT_AIDED,Preprimary + Primary + Ordinal Level,65.09635925292969,1.0,1,0.0,58.0,0.0,74.8587769817497,1.0
570402,EP Rukoyoyo,East,Bugesera,Mareba,RURAL,PUBLIC,Preprimary + Primary,24.40476036071777,1.0,1,0.0,64.0,0.0,79.9412762958143,1.0
570403,GS MAREBA,East,Bugesera,Mareba,RURAL,PUBLIC,Preprimary + Primary + Ordinal Level + General upper secondary + TVET,51.06035995483398,1.0,1,1.0,64.0,1.0,80.38404360870834,2.0
570405,GS RANGO II,East,Bugesera,Mareba,RURAL,GOVERNMENT_AIDED,Preprimary + Primary + Ordinal Level,49.27007293701172,1.0,1,0.0,58.0,0.0,76.62520514192701,2.0
570406,EP BUKUMBA,East,Bugesera,Mareba,RURAL,PUBLIC,Preprimary + Primary,49.36708831787109,1.0,1,0.0,64.0,1.0,77.4118972746331,1.0
570408,EP MATINZA,East,Bugesera,Mareba,RURAL,GOVERNMENT_AIDED,Preprimary + Primary,36.44067764282227,1.0,1,0.0,58.0,0.0,82.5284049013229,1.0
570409,EP RUDUHA,East,Bugesera,Mareba,RURAL,GOVERNMENT_AIDED,Preprimary + Primary,63.67521286010742,1.0,1,0.0,58.0,0.0,82.6471698113208,1.0
570410,EP RUYENZI,,,,,,,63.94129943847656,,0,,,,71.3012762289986,1.0
570412,Advocates Christian Academy,East,Bugesera,Mareba,RURAL,PRIVATE,Preprimary + Primary + Ordinal Level,90.66667175292969,1.0,1,1.0,32.0,0.0,,
570502,Gs Kamabuye,East,Bugesera,Mayange,RURAL,PUBLIC,Preprimary + Primary + Ordinal Level + General upper secondary,47.70458984375,1.0,1,0.0,64.0,0.0,76.49282784305754,2.0
570503,Mayange B,East,Bugesera,Mayange,RURAL,PUBLIC,Preprimary + Primary + Ordinal Level,54.02298736572266,1.0,1,1.0,64.0,0.0,85.49400160850965,2.0
570504,GS MAYANGE A,East,Bugesera,Mayange,RURAL,PUBLIC,Preprimary + Primary + Ordinal Level + General upper secondary,69.49006652832031,1.0,1,1.0,64.0,0.0,82.46269233242029,2.0
570506,GS KIBENGA,East,Bugesera,Mayange,RURAL,PUBLIC,Preprimary + Primary + Ordinal Level,61.83294677734375,1.0,1,0.0,64.0,1.0,85.1046801415854,2.0
570510,GS MBYO  SCHOOL,East,Bugesera,Mayange,RURAL,GOVERNMENT_AIDED,Preprimary + Primary + Ordinal Level,42.11956405639648,1.0,1,0.0,58.0,0.0,78.3227834208281,1.0
570511,GS MUYENZI,East,Bugesera,Mayange,RURAL,PUBLIC,Preprimary + Primary + Ordinal Level,60.43814468383789,1.0,1,0.0,64.0,0.0,74.67435930717559,2.0
570518,EP KAVUMU ( GS),,,,,,,60.51004409790039,,0,,,,79.363279185185,1.0
570519,EP GITARAMUKA,East,Bugesera,Mayange,RURAL,GOVERNMENT_AIDED,Preprimary + Primary,73.66071319580078,1.0,1,0.0,58.0,0.0,77.7609629933461,1.0
570520,GS CYERU,East,Bugesera,Mayange,RURAL,PUBLIC,Preprimary + Primary + Ordinal Level,65.98322296142578,1.0,1,0.0,64.0,1.0,79.22921753469384,2.0
570521,EP MUYENZI ADVENTIST,,,,,,,28.94736862182617,,0,,,,77.9374314075907,1.0
570522,Mayange trinity school,East,Bugesera,Mayange,RURAL,PRIVATE,Preprimary + Primary,100.0,1.0,1,0.0,32.0,0.0,,
570523,Fidrofa Excelence School,East,Bugesera,Mayange,RURAL,PRIVATE,Preprimary + Primary,77.77777862548828,,1,0.0,32.0,0.0,,
570557,HAPPINESS NPS,East,Bugesera,Mayange,RURAL,PRIVATE,Preprimary + Primary,64.28571319580078,1.0,1,0.0,32.0,0.0,,
570601,GS GICACA,East,Bugesera,Musenyi,RURAL,PUBLIC,Preprimary + Primary + Ordinal Level,55.58252334594727,,1,0.0,64.0,0.0,78.58625272079375,2.0
570602,EP Gitagata,,,,,,,49.41860580444336,,0,,,,80.3235269778219,1.0
570603,GS MUSENYI  TSS,East,Bugesera,Musenyi,RURAL,PUBLIC,Preprimary + Primary + Ordinal Level + General upper secondary + TVET,61.67664337158203,1.0,1,1.0,64.0,0.0,74.52764844143454,2.0
570604,EP RUGANDO EAR,East,Bugesera,Musenyi,RURAL,GOVERNMENT_AIDED,Preprimary + Primary,58.46724700927734,1.0,1,0.0,58.0,0.0,78.1129850156373,1.0
570605,EP RUSAGARA,,,,,,,65.51204681396484,,0,,,,81.3891509433962,1.0
570606,GS Nyagihunika,East,Bugesera,Musenyi,RURAL,GOVERNMENT_AIDED,Preprimary + Primary + Ordinal Level,39.8963737487793,1.0,1,0.0,58.0,0.0,76.2477434321321,2.0
570608,GS RULINDO,East,Bugesera,Musenyi,RURAL,PUBLIC,Preprimary + Primary + Ordinal Level,47.33268737792969,1.0,1,0.0,64.0,0.0,66.2763357152709,1.0
570609,EP KIGUSA,,,,,,,66.0831527709961,,0,,,,80.5542559791212,1.0
570610,EP Rugeyo,East,Bugesera,Musenyi,RURAL,GOVERNMENT_AIDED,Preprimary + Primary,64.32865905761719,1.0,1,0.0,58.0,0.0,68.9365377220786,1.0
570611,EP KINDONYI,East,Bugesera,Musenyi,RURAL,GOVERNMENT_AIDED,Preprimary + Primary,68.6868667602539,1.0,1,0.0,58.0,0.0,72.2149677151524,1.0
570612,Vineyard Christian School Musenyi,East,Bugesera,Musenyi,RURAL,PRIVATE,Preprimary + Primary,91.37931060791016,1.0,1,0.0,32.0,0.0,,
570701,Cindi's hope Academy Mwogo,East,Bugesera,Mwogo,RURAL,PRIVATE,Preprimary + Primary,100.0,1.0,1,0.0,32.0,0.0,,
570702,GS KAGASA MWOGO  TSS,East,Bugesera,Mwogo,RURAL,PUBLIC,Preprimary + Primary + Ordinal Level + General upper secondary + TVET + TVET,39.70783615112305,1.0,1,0.0,64.0,0.0,73.8522131873379,2.0
570703,GS Kagerero,,,,,,,50.7092170715332,,0,,,,73.70530462916864,2.0
570704,GS Rurenge,East,Bugesera,Mwogo,RURAL,PUBLIC,Preprimary + Primary + Ordinal Level,63.65899276733398,1.0,1,1.0,64.0,0.0,78.63956766355176,2.0
570705,EP RUKIRA,,,,,,,68.59205627441406,,0,,,,78.8064248036403,1.0
570706,EP BITABA,,,,,,,65.13088989257812,,0,,,,81.3758186083658,1.0
570707,New Hope,,,,,,,100.0,,0,,,,,
570801,EP Kagano,East,Bugesera,Ngeruka,RURAL,PUBLIC,Preprimary + Primary,48.99749374389648,1.0,1,0.0,64.0,0.0,73.4098779325786,1.0
570802,GS Kagasa,East,Bugesera,Ngeruka,RURAL,PUBLIC,Preprimary + Primary + Ordinal Level,61.28691864013672,1.0,1,0.0,64.0,0.0,82.0067289656167,1.0
570803,EP Ngeruka,,,,,,,65.69717407226562,,0,,,,69.6429400787891,1.0
570804,GS Rutonde,East,Bugesera,Ngeruka,RURAL,PUBLIC,Preprimary + Primary + Ordinal Level + General upper secondary + TVET,50.63157653808594,1.0,1,1.0,64.0,0.0,69.35794333724495,2.0
570805,GS Shami,East,Bugesera,Ngeruka,RURAL,PUBLIC,Preprimary + Primary + Ordinal Level,49.37413024902344,1.0,1,0.0,64.0,1.0,79.3686258722491,1.0
570806,GS Twimpala,East,Bugesera,Ngeruka,RURAL,PUBLIC,Preprimary + Primary + Ordinal Level + General upper secondary,48.09384155273438,1.0,1,0.0,64.0,0.0,80.5531777318486,1.0
570807,EP RUZINGE,,,,,,,34.63414764404297,,0,,,,80.8366712878429,1.0
570808,EP Icyerekezo,,,,,,,48.96551513671875,,0,,,,,
570901,GS Cyugaro,East,Bugesera,Ntarama,RURAL,PUBLIC,Preprimary + Primary + Ordinal Level,64.80331420898438,1.0,1,0.0,64.0,0.0,,
570902,GS KIBUNGO,East,Bugesera,Ntarama,RURAL,PUBLIC,Preprimary + Primary + Ordinal Level + General upper secondary,56.61846542358398,1.0,1,1.0,64.0,0.0,81.821421176518,1.0
570904,GS Ntarama,East,Bugesera,Ntarama,RURAL,PUBLIC,Preprimary + Primary + Ordinal Level + General upper secondary,77.10526275634766,1.0,1,0.0,64.0,0.0,76.44120425915526,2.0
570905,GS Nyirarukobwa,East,Bugesera,Ntarama,RURAL,PUBLIC,Preprimary + Primary + Ordinal Level,69.13451385498047,1.0,1,0.0,64.0,0.0,84.70654297949895,2.0
570913,EP NYAMABUYE,,,,,,,34.91773223876953,,0,,,,,
570914,EP NYARUNAZI,East,Bugesera,Ntarama,RURAL,PUBLIC,Preprimary + Primary,56.93431091308594,1.0,1,0.0,64.0,1.0,78.4764316451506,1.0
570915,GS CYERU CATH,East,Bugesera,Ntarama,RURAL,GOVERNMENT_AIDED,Preprimary + Primary + Ordinal Level,58.05084609985352,1.0,1,0.0,58.0,0.0,76.824586338682,2.0
570919,Ãcole internationale le colibri,East,Bugesera,Ntarama,URBAN,PRIVATE,Preprimary + Primary,100.0,1.0,1,0.0,32.0,0.0,,
571004,GS KANZENZE,East,Bugesera,Nyamata,RURAL,PUBLIC,Preprimary + Primary + Ordinal Level,55.70291900634766,1.0,1,1.0,64.0,0.0,81.0002596879187,2.0
571005,GS KAYENZI,East,Bugesera,Nyamata,RURAL,GOVERNMENT_AIDED,Preprimary + Primary + Ordinal Level,59.65293121337891,1.0,1,1.0,58.0,0.0,76.1861839628803,1.0
571006,EP ESPOIR DE LAVENIR,East,Bugesera,Nyamata,RURAL,PRIVATE,Preprimary + Primary,100.0,1.0,1,0.0,32.0,0.0,,
571008,Ep Gitwe,East,Bugesera,Nyamata,RURAL,PUBLIC,Preprimary + Primary,63.97849273681641,1.0,1,0.0,64.0,0.0,79.0229047827995,1.0
571009,GS MARANYUNDO,East,Bugesera,Nyamata,URBAN,GOVERNMENT_AIDED,Preprimary + Primary + Ordinal Level,63.39286041259766,1.0,1,1.0,58.0,0.0,81.780043331099,1.0
571010,GS MURAMA,East,Bugesera,Nyamata,RURAL,PUBLIC,Preprimary + Primary + Ordinal Level + General upper secondary,60.35713958740234,1.0,1,0.0,64.0,1.0,79.03717060790325,2.0
571011,GS NYAMATA CATHOLIQUE,East,Bugesera,Nyamata,URBAN,GOVERNMENT_AIDED,Preprimary + Primary + Ordinal Level + General upper secondary,57.14286041259766,1.0,0,1.0,58.0,0.0,77.053590212258,2.0
571012,GS NYAMATA EPR,East,Bugesera,Nyamata,URBAN,GOVERNMENT_AIDED,Preprimary + Primary + Ordinal Level,53.35195541381836,1.0,1,1.0,58.0,0.0,82.06046726842455,2.0
571014,GS Kanazi,East,Bugesera,Nyamata,RURAL,PUBLIC,Preprimary + Primary + Ordinal Level,40.08683013916016,1.0,1,1.0,64.0,0.0,75.46057640993311,2.0
571018,NYAMATA BRIGHT SCHOOL,East,Bugesera,Nyamata,URBAN,PRIVATE,Preprimary + Primary,97.43589782714844,1.0,1,0.0,32.0,0.0,,
571032,VINEYARD CHRISTIAN SCHOOL KANAZI,East,Bugesera,Nyamata,RURAL,PRIVATE,Preprimary + Primary,84.34782409667969,1.0,1,0.0,32.0,0.0,,
571033,EP PEFA,East,Bugesera,Nyamata,RURAL,PRIVATE,Preprimary + Primary,72.8155288696289,1.0,1,0.0,32.0,0.0,,
571039,ECOLE DU BON BERGER,East,Bugesera,Nyamata,URBAN,PRIVATE,Preprimary + Primary,99.09091186523438,1.0,0,1.0,32.0,0.0,,
571045,EP KASEBIGEGE,,,,,,,78.9916000366211,,0,,,,67.5579551333789,1.0
571047,EP BIHARI,East,Bugesera,Nyamata,RURAL,PUBLIC,Preprimary + Primary,30.00000190734863,1.0,1,0.0,64.0,0.0,79.4584038169594,1.0
571049,SMALL ANGELS  SCHOOL,,,,,,,77.2727279663086,,0,,,,,
571102,GS Kamabare,East,Bugesera,Nyarugenge,RURAL,PUBLIC,Preprimary + Primary + Ordinal Level + General upper secondary + TVET,94.62810516357422,1.0,1,1.0,64.0,0.0,75.03288973721045,2.0
571103,EP Kigarama,East,Bugesera,Nyarugenge,RURAL,PUBLIC,Preprimary + Primary,70.17115020751953,1.0,1,0.0,64.0,1.0,77.7598389555937,1.0
571105,NGENDA PRIMARY SCHOOL,East,Bugesera,Nyarugenge,RURAL,GOVERNMENT_AIDED,Preprimary + Primary,58.47076034545898,1.0,1,0.0,58.0,0.0,76.2867305126739,1.0
571106,GS Rugando,East,Bugesera,Nyarugenge,RURAL,PUBLIC,Preprimary + Primary + Ordinal Level,87.08920288085938,1.0,1,1.0,64.0,1.0,74.41758939102165,2.0
571107,EP Murambi,East,Bugesera,Nyarugenge,RURAL,PUBLIC,Preprimary + Primary,31.31312942504883,1.0,1,0.0,64.0,0.0,75.9111635220126,1.0
571108,GS BUSHONYI,,,,,,,53.99361419677734,,0,,,,78.57552277869365,2.0
571109,EP RUGERO,East,Bugesera,Nyarugenge,RURAL,PUBLIC,Preprimary + Primary,65.96305847167969,1.0,1,0.0,64.0,0.0,74.8172847538495,1.0
571203,GS NYABAGENDWA,East,Bugesera,Rilima,RURAL,PUBLIC,Preprimary + Primary + Ordinal Level + General upper secondary,58.42391204833984,1.0,1,0.0,64.0,1.0,74.15574101484005,2.0
571206,GS Kalilisi,East,Bugesera,Rilima,RURAL,GOVERNMENT_AIDED,Preprimary + Primary + Ordinal Level,57.90598297119141,,1,0.0,58.0,0.0,80.1869899562704,2.0
571207,KARERA SCHOOL,East,Bugesera,Rilima,RURAL,GOVERNMENT_AIDED,Preprimary + Primary,43.11797714233398,1.0,1,0.0,58.0,1.0,80.4106625147506,1.0
571208,MERE ELISEA,East,Bugesera,Rilima,RURAL,PRIVATE,Preprimary + Primary,95.505615234375,1.0,1,1.0,32.0,0.0,,
571209,GS Rilima Cath,East,Bugesera,Rilima,RURAL,GOVERNMENT_AIDED,Preprimary + Primary + Ordinal Level + General upper secondary + TVET,69.0283432006836,1.0,1,0.0,58.0,0.0,74.8693613852849,1.0
571212,EP MUBUGA,,,,,,,54.88888549804688,,0,,,,72.5190410126315,1.0
571213,GS KABEZA,East,Bugesera,Rilima,RURAL,PUBLIC,Primary + Ordinal Level,56.62100219726562,,1,0.0,64.0,0.0,77.7550269612577,2.0
571214,Rilima parents shining Academy school,East,Bugesera,Rilima,RURAL,PRIVATE,Preprimary + Primary,90.291259765625,1.0,1,0.0,32.0,0.0,,
571215,Harvest Academy Rilima,East,Bugesera,Rilima,RURAL,PRIVATE,Preprimary + Primary,95.23809814453125,,1,0.0,32.0,0.0,,
571301,GS Butereri,East,Bugesera,Ruhuha,RURAL,GOVERNMENT_AIDED,Preprimary + Primary + Ordinal Level + General upper secondary,67.13880920410156,1.0,1,1.0,58.0,0.0,81.59528707762459,2.0
571302,EP Kindama,East,Bugesera,Ruhuha,RURAL,GOVERNMENT_AIDED,Preprimary + Primary,51.43678283691406,1.0,1,0.0,58.0,0.0,72.4597084955575,1.0
571304,GS Munazi,East,Bugesera,Ruhuha,RURAL,PUBLIC,Preprimary + Primary + Ordinal Level,57.84313583374023,1.0,1,0.0,64.0,0.0,81.2316582163574,2.0
571305,GS Rugarama,East,Bugesera,Ruhuha,RURAL,GOVERNMENT_AIDED,Preprimary + Primary + Ordinal Level,51.34575271606445,1.0,1,1.0,58.0,0.0,76.23046155382875,2.0
571306,GS Ruhuha,East,Bugesera,Ruhuha,RURAL,PUBLIC,Preprimary + Primary + Ordinal Level + General upper secondary,64.99051666259766,1.0,1,0.0,64.0,0.0,81.79664018087294,2.0
571314,GS GATANGA,East,Bugesera,Ruhuha,RURAL,PUBLIC,Preprimary + Primary + Ordinal Level,55.16074371337891,1.0,1,0.0,64.0,0.0,84.0839235953201,2.0
571315,EP KAYIGI,,,,,,,70.87911987304688,,0,,,,72.8389498317976,1.0
571402,GS NKANGA,East,Bugesera,Rweru,RURAL,GOVERNMENT_AIDED,Preprimary + Primary + Ordinal Level + General upper secondary,73.36412811279297,1.0,0,1.0,58.0,0.0,83.25840743358465,2.0
571404,EP Nemba,East,Bugesera,Rweru,RURAL,PUBLIC,Preprimary + Primary,72.97296905517578,1.0,1,0.0,64.0,0.0,77.0083857442348,1.0
571405,GS Nyiragiseke,East,Bugesera,Rweru,RURAL,GOVERNMENT_AIDED,Preprimary + Primary + Ordinal Level + General upper secondary,75.68555450439453,1.0,1,0.0,58.0,0.0,79.27068723104324,2.0
571407,GS Ruzo,East,Bugesera,Rweru,RURAL,GOVERNMENT_AIDED,Preprimary + Primary + Ordinal Level,60.52899169921875,1.0,1,0.0,58.0,1.0,81.2694462614749,2.0
571408,GS Rwiminazi,East,Bugesera,Rweru,RURAL,PUBLIC,Preprimary + Primary + Ordinal Level,37.78625869750977,1.0,1,1.0,64.0,0.0,76.0433029258826,1.0
571409,EP Shalita,,,,,,,47.82608795166016,,0,,,,73.3956367924528,1.0
571410,Cindi's Hope AcademyRweru,,,,,,,100.0,,0,,,,,
571411,EP MUGINA,,,,,,,63.79310607910156,,0,,,,73.4414162590263,1.0
571412,GS BATIMA,East,Bugesera,Rweru,RURAL,GOVERNMENT_AIDED,Preprimary + Primary + Ordinal Level,70.20000457763672,1.0,1,0.0,58.0,0.0,85.1395329545587,2.0
571413,EP KIVUSHA,East,Bugesera,Rweru,RURAL,PUBLIC,Preprimary + Primary,75.26881408691406,1.0,1,0.0,64.0,0.0,80.4055710524666,1.0
571414,EP NZANGWA,,,,,,,68.8564453125,,0,,,,79.6214123330492,1.0
571501,GS Gihinga,East,Bugesera,Shyara,RURAL,PUBLIC,Preprimary + Primary + Ordinal Level + General upper secondary + TVET,81.29676055908203,1.0,1,0.0,64.0,0.0,81.68258723543275,2.0
571502,Nyabaguma,East,Bugesera,Shyara,RURAL,PUBLIC,Preprimary + Primary,67.40087890625,1.0,1,0.0,64.0,0.0,77.0084905660377,1.0
571503,Rwamanyoni,,,,,,,41.92634582519531,,0,,,,72.9990011098779,1.0
571504,GS NZIRANZIZA,East,Bugesera,Shyara,RURAL,PUBLIC,Preprimary + Primary + Ordinal Level,23.65591430664062,1.0,1,1.0,64.0,1.0,77.8641153861595,1.0
571505,EP NGARUYE,East,Bugesera,Shyara,RURAL,PUBLIC,Preprimary + Primary,65.0,,1,0.0,64.0,1.0,77.6333333333333,1.0
571506,EP KAMWERU,East,Bugesera,Shyara,RURAL,PUBLIC,Preprimary + Primary,62.09150695800781,1.0,1,0.0,64.0,0.0,74.1713693539165,1.0
